
/*!40101 SET @OLD_CHARACTER_SET_CLIENT=@@CHARACTER_SET_CLIENT */;
/*!40101 SET @OLD_CHARACTER_SET_RESULTS=@@CHARACTER_SET_RESULTS */;
/*!40101 SET @OLD_COLLATION_CONNECTION=@@COLLATION_CONNECTION */;
/*!50503 SET NAMES utf8mb4 */;
/*!40103 SET @OLD_TIME_ZONE=@@TIME_ZONE */;
/*!40103 SET TIME_ZONE='+00:00' */;
/*!40014 SET @OLD_UNIQUE_CHECKS=@@UNIQUE_CHECKS, UNIQUE_CHECKS=0 */;
/*!40014 SET @OLD_FOREIGN_KEY_CHECKS=@@FOREIGN_KEY_CHECKS, FOREIGN_KEY_CHECKS=0 */;
/*!40101 SET @OLD_SQL_MODE=@@SQL_MODE, SQL_MODE='NO_AUTO_VALUE_ON_ZERO' */;
/*!40111 SET @OLD_SQL_NOTES=@@SQL_NOTES, SQL_NOTES=0 */;

CREATE DATABASE /*!32312 IF NOT EXISTS*/ `yutu_travel` /*!40100 DEFAULT CHARACTER SET utf8mb4 COLLATE utf8mb4_general_ci */ /*!80016 DEFAULT ENCRYPTION='N' */;

USE `yutu_travel`;
DROP TABLE IF EXISTS `complaint_flow`;
/*!40101 SET @saved_cs_client     = @@character_set_client */;
/*!50503 SET character_set_client = utf8mb4 */;
CREATE TABLE `complaint_flow` (
  `id` bigint NOT NULL AUTO_INCREMENT,
  `complaint_id` bigint NOT NULL,
  `operator_id` bigint NOT NULL,
  `operator_role` varchar(32) NOT NULL,
  `action_type` varchar(32) NOT NULL,
  `action_content` varchar(255) DEFAULT NULL,
  `create_time` datetime NOT NULL DEFAULT CURRENT_TIMESTAMP,
  PRIMARY KEY (`id`)
) ENGINE=InnoDB DEFAULT CHARSET=utf8mb4 COLLATE=utf8mb4_0900_ai_ci;
/*!40101 SET character_set_client = @saved_cs_client */;

LOCK TABLES `complaint_flow` WRITE;
/*!40000 ALTER TABLE `complaint_flow` DISABLE KEYS */;
/*!40000 ALTER TABLE `complaint_flow` ENABLE KEYS */;
UNLOCK TABLES;
DROP TABLE IF EXISTS `complaint_order`;
/*!40101 SET @saved_cs_client     = @@character_set_client */;
/*!50503 SET character_set_client = utf8mb4 */;
CREATE TABLE `complaint_order` (
  `id` bigint NOT NULL AUTO_INCREMENT,
  `complaint_no` varchar(64) NOT NULL,
  `order_id` bigint NOT NULL,
  `contract_id` bigint DEFAULT NULL,
  `user_id` bigint NOT NULL,
  `merchant_id` bigint NOT NULL,
  `complaint_type` varchar(32) NOT NULL DEFAULT 'SERVICE',
  `title` varchar(128) NOT NULL,
  `content` text NOT NULL,
  `status` varchar(32) NOT NULL DEFAULT 'PENDING_ACCEPT',
  `result_type` varchar(32) DEFAULT NULL,
  `result_content` varchar(255) DEFAULT NULL,
  `deleted` tinyint NOT NULL DEFAULT '0',
  `create_time` datetime NOT NULL DEFAULT CURRENT_TIMESTAMP,
  `update_time` datetime NOT NULL DEFAULT CURRENT_TIMESTAMP ON UPDATE CURRENT_TIMESTAMP,
  PRIMARY KEY (`id`),
  UNIQUE KEY `complaint_no` (`complaint_no`)
) ENGINE=InnoDB DEFAULT CHARSET=utf8mb4 COLLATE=utf8mb4_0900_ai_ci;
/*!40101 SET character_set_client = @saved_cs_client */;

LOCK TABLES `complaint_order` WRITE;
/*!40000 ALTER TABLE `complaint_order` DISABLE KEYS */;
/*!40000 ALTER TABLE `complaint_order` ENABLE KEYS */;
UNLOCK TABLES;
DROP TABLE IF EXISTS `contract_template`;
/*!40101 SET @saved_cs_client     = @@character_set_client */;
/*!50503 SET character_set_client = utf8mb4 */;
CREATE TABLE `contract_template` (
  `id` bigint NOT NULL AUTO_INCREMENT,
  `template_name` varchar(100) NOT NULL,
  `template_code` varchar(64) NOT NULL,
  `version_no` varchar(32) NOT NULL,
  `template_content` text,
  `download_count` bigint NOT NULL DEFAULT '0',
  `use_count` bigint NOT NULL DEFAULT '0',
  `status` tinyint NOT NULL DEFAULT '1',
  `remark` varchar(255) DEFAULT NULL,
  `deleted` tinyint NOT NULL DEFAULT '0',
  `create_time` datetime NOT NULL DEFAULT CURRENT_TIMESTAMP,
  `update_time` datetime NOT NULL DEFAULT CURRENT_TIMESTAMP ON UPDATE CURRENT_TIMESTAMP,
  PRIMARY KEY (`id`)
) ENGINE=InnoDB AUTO_INCREMENT=2 DEFAULT CHARSET=utf8mb4 COLLATE=utf8mb4_0900_ai_ci;
/*!40101 SET character_set_client = @saved_cs_client */;

LOCK TABLES `contract_template` WRITE;
/*!40000 ALTER TABLE `contract_template` DISABLE KEYS */;
INSERT INTO `contract_template` VALUES (1,'标准旅游合同模板','STANDARD_TRAVEL','v1.0','2024年团队国内旅游合同模板\n\n合同编号：______________\n甲方（旅游者）：______________\n乙方（旅行社）：______________\n\n根据《中华人民共和国合同法》《中华人民共和国旅游法》及相关法律法规的规定，甲乙双方本着平等、自愿、公平、诚信的原则，经充分协商，就甲方参加乙方组织的2024年团队国内旅游事宜达成如下合同：\n\n一、旅游产品及服务内容\n（一）旅游线路：______________（具体线路名称）\n（二）出发日期：______年______月______日\n（三）结束日期：______年______月______日\n（四）旅游目的地：______________\n（五）交通：负责甲方在旅游期间的交通安排，包括但不限于飞机、火车、汽车等。\n（六）住宿：负责甲方在旅游期间的住宿安排，保证住宿设施安全、卫生。\n（七）餐饮：负责甲方在旅游期间的餐饮安排，保证食品安全、卫生。\n（八）景点门票：负责甲方在旅游期间所需景点门票的购买。\n（九）导游服务：为甲方提供专业导游服务。\n\n二、合同价格及支付方式\n（一）旅游费用总额：人民币（大写）______________元整（￥______________元）。\n（二）费用包含：交通费、住宿费、餐费、景点首道门票费、导游服务费及行程单中明确列明的其他费用。\n（三）费用不包含：旅游者个人消费、单房差、自费项目、行程外活动费用及因不可抗力导致增加的合理费用。\n（四）支付方式：甲方应于______年______月______日前支付定金人民币￥______________元；余款应于出发前______日一次性付清，或按双方约定的其他方式支付。\n（五）乙方收款后应向甲方出具合法有效的收费凭证。\n\n三、双方权利与义务\n（一）甲方权利与义务\n1. 有权要求乙方按照约定提供旅游服务。\n2. 应如实提供参加旅游人员信息和有效身份证件。\n3. 应遵守旅游目的地法律法规、社会公德和团队纪律，不得从事违法活动。\n4. 应按约支付旅游费用，并配合乙方完成出行所需手续。\n（二）乙方权利与义务\n1. 有权按合同约定收取旅游费用。\n2. 应按照约定安排交通、住宿、餐饮、导游及其他服务，不得擅自降低服务标准。\n3. 应提前向甲方说明旅游行程、注意事项、风险提示及另行付费项目。\n4. 在旅游过程中应对可能危及甲方人身、财产安全的情况及时采取必要措施。\n\n四、合同变更、转让与解除\n（一）经双方协商一致，可以书面变更本合同。\n（二）甲方在出发前解除合同的，乙方可按实际已发生且不可退还的费用扣除后退还剩余款项；双方另有约定的，从其约定。\n（三）乙方因未达到成团人数、资源无法落实或其他非不可抗力原因不能成行的，应及时通知甲方，并全额退还已收费用；给甲方造成损失的，应依法承担相应责任。\n（四）旅游行程开始后，因不可抗力、公共交通延误、自然灾害、政府行为等客观原因导致行程变更的，双方应本着减少损失原则协商处理，增加的合理费用按法律规定承担。\n\n五、违约责任\n（一）一方违反本合同约定给对方造成损失的，应承担赔偿责任。\n（二）乙方未经甲方同意擅自变更行程、减少服务项目或者降低服务标准的，应退还相应费用，并依法承担违约责任。\n（三）甲方因自身原因未能按照约定参加旅游、迟到、脱团或中途退团的，相应损失由甲方承担；乙方未实际发生的费用应依法退还。\n（四）因第三方原因造成旅游服务不能履行的，乙方应积极协助甲方维权并提供必要证明材料。\n\n六、安全保障与保险\n（一）乙方应依法履行安全保障义务，对旅游活动中可能存在的风险进行提示。\n（二）甲方应根据自身身体状况判断是否适合参加本次旅游，如实说明健康信息；因隐瞒病史或不听劝阻导致的后果，由甲方自行承担。\n（三）乙方已建议甲方购买旅游意外保险，甲方可自行购买或委托乙方代为办理，保险责任以保险合同约定为准。\n\n七、争议解决\n本合同履行过程中发生争议的，双方应先协商解决；协商不成的，可向消费者协会、文化和旅游主管部门申请调解，或依法向有管辖权的人民法院提起诉讼。\n\n八、其他约定\n（一）本合同未尽事宜，由双方另行协商签订补充协议；补充协议与本合同具有同等法律效力。\n（二）本合同自双方签字或盖章之日起生效。\n（三）本合同一式______份，甲乙双方各执______份，具有同等法律效力。\n\n甲方（签字）：______________\n联系电话：______________\n签署日期：______年______月______日\n\n乙方（盖章）：______________\n法定代表人/委托代理人：______________\n联系电话：______________\n签署日期：______年______月______日',2,14,1,'系统默认模板',0,'2026-03-14 13:18:27','2026-03-19 19:19:03');
/*!40000 ALTER TABLE `contract_template` ENABLE KEYS */;
UNLOCK TABLES;
DROP TABLE IF EXISTS `merchant_shop`;
/*!40101 SET @saved_cs_client     = @@character_set_client */;
/*!50503 SET character_set_client = utf8mb4 */;
CREATE TABLE `merchant_shop` (
  `id` bigint NOT NULL AUTO_INCREMENT,
  `user_id` bigint NOT NULL,
  `shop_name` varchar(100) NOT NULL,
  `contact_name` varchar(64) DEFAULT NULL,
  `contact_phone` varchar(32) DEFAULT NULL,
  `description` varchar(255) DEFAULT NULL,
  `license_no` varchar(64) DEFAULT NULL,
  `license_image` varchar(255) DEFAULT NULL,
  `id_card_front_image` varchar(255) DEFAULT NULL,
  `id_card_back_image` varchar(255) DEFAULT NULL,
  `audit_status` tinyint NOT NULL DEFAULT '1' COMMENT '0待审 1通过 2拒绝',
  `audit_remark` varchar(255) DEFAULT NULL,
  `audit_time` datetime DEFAULT NULL,
  `status` tinyint NOT NULL DEFAULT '1',
  `deleted` tinyint NOT NULL DEFAULT '0',
  `create_time` datetime NOT NULL DEFAULT CURRENT_TIMESTAMP,
  `update_time` datetime NOT NULL DEFAULT CURRENT_TIMESTAMP ON UPDATE CURRENT_TIMESTAMP,
  PRIMARY KEY (`id`)
) ENGINE=InnoDB AUTO_INCREMENT=3 DEFAULT CHARSET=utf8mb4 COLLATE=utf8mb4_0900_ai_ci;
/*!40101 SET character_set_client = @saved_cs_client */;

LOCK TABLES `merchant_shop` WRITE;
/*!40000 ALTER TABLE `merchant_shop` DISABLE KEYS */;
INSERT INTO `merchant_shop` VALUES (1,2,'豫途官方体验店','商家张三','13800000002','河南本地精品线路服务商','HN-LIC-2026-0001','https://picsum.photos/seed/license1/640/420','https://picsum.photos/seed/idfront1/640/420','https://picsum.photos/seed/idback1/640/420',1,'初始化示例商户，已审核通过','2026-03-25 10:15:52',1,0,'2026-03-25 10:15:52','2026-03-25 10:15:52'),(2,5,'春行体验店','syc','13800000005','恢复旧数据时补齐的店铺记录','HN-LIC-RECOVER-0002','https://picsum.photos/seed/license2/640/420','https://picsum.photos/seed/idfront2/640/420','https://picsum.photos/seed/idback2/640/420',1,'恢复旧数据时补齐','2026-03-25 10:19:00',1,0,'2026-03-25 10:19:00','2026-03-25 10:19:00');
/*!40000 ALTER TABLE `merchant_shop` ENABLE KEYS */;
UNLOCK TABLES;
DROP TABLE IF EXISTS `pay_record`;
/*!40101 SET @saved_cs_client     = @@character_set_client */;
/*!50503 SET character_set_client = utf8mb4 */;
CREATE TABLE `pay_record` (
  `id` bigint NOT NULL AUTO_INCREMENT,
  `order_id` bigint NOT NULL,
  `order_no` varchar(64) NOT NULL,
  `pay_no` varchar(64) NOT NULL,
  `pay_type` varchar(32) NOT NULL DEFAULT 'MOCK',
  `pay_amount` decimal(10,2) NOT NULL DEFAULT '0.00',
  `pay_status` varchar(32) NOT NULL DEFAULT 'SUCCESS',
  `pay_time` datetime DEFAULT NULL,
  `callback_content` text,
  `create_time` datetime NOT NULL DEFAULT CURRENT_TIMESTAMP,
  `update_time` datetime NOT NULL DEFAULT CURRENT_TIMESTAMP ON UPDATE CURRENT_TIMESTAMP,
  PRIMARY KEY (`id`)
) ENGINE=InnoDB AUTO_INCREMENT=18 DEFAULT CHARSET=utf8mb4 COLLATE=utf8mb4_0900_ai_ci;
/*!40101 SET character_set_client = @saved_cs_client */;

LOCK TABLES `pay_record` WRITE;
/*!40000 ALTER TABLE `pay_record` DISABLE KEYS */;
INSERT INTO `pay_record` VALUES (1,1,'ORD202603142012119456','PAY202603142210275381','MOCK',4194.00,'SUCCESS','2026-03-14 22:10:28','{\"channel\":\"mock\",\"status\":\"SUCCESS\"}','2026-03-14 22:10:27','2026-03-14 22:10:27'),(2,2,'ORD202603142312328633','PAY202603142312441090','MOCK',299.00,'SUCCESS','2026-03-14 23:12:44','{\"channel\":\"mock\",\"status\":\"SUCCESS\"}','2026-03-14 23:12:44','2026-03-14 23:12:44'),(3,3,'ORD202603152001142497','PAY202603152001244087','MOCK',598.00,'SUCCESS','2026-03-15 20:01:24','{\"channel\":\"mock\",\"status\":\"SUCCESS\"}','2026-03-15 20:01:24','2026-03-15 20:01:24'),(4,4,'ORD202603152216494721','PAY202603152217079837','MOCK',598.00,'SUCCESS','2026-03-15 22:17:08','{\"channel\":\"mock\",\"status\":\"SUCCESS\"}','2026-03-15 22:17:07','2026-03-15 22:17:07'),(5,5,'ORD202603161902054858','PAY202603161902167722','MOCK',299.00,'SUCCESS','2026-03-16 19:02:16','{\"channel\":\"mock\",\"status\":\"SUCCESS\"}','2026-03-16 19:02:16','2026-03-16 19:02:16'),(6,6,'ORD202603162035294273','PAY202603162035383795','MOCK',299.00,'SUCCESS','2026-03-16 20:35:39','{\"channel\":\"mock\",\"status\":\"SUCCESS\"}','2026-03-16 20:35:38','2026-03-16 20:35:38'),(7,7,'ORD202603162116286804','PAY202603162116289353','MOCK',299.00,'SUCCESS','2026-03-16 21:16:29','{\"channel\":\"mock\",\"status\":\"SUCCESS\"}','2026-03-16 21:16:28','2026-03-16 21:16:28'),(8,8,'ORD202603171059162281','PAY202603171059307459','MOCK',299.00,'SUCCESS','2026-03-17 10:59:31','{\"channel\":\"mock\",\"status\":\"SUCCESS\"}','2026-03-17 10:59:30','2026-03-17 10:59:30'),(9,9,'ORD202603172301103571','PAY202603172301186762','MOCK',699.00,'SUCCESS','2026-03-17 23:01:19','{\"channel\":\"mock\",\"status\":\"SUCCESS\"}','2026-03-17 23:01:18','2026-03-17 23:01:18'),(10,10,'ORD202603182129308846','PAY202603182129345867','MOCK',897.00,'SUCCESS','2026-03-18 21:29:35','{\"channel\":\"mock\",\"status\":\"SUCCESS\"}','2026-03-18 21:29:34','2026-03-18 21:29:34'),(11,12,'ORD202603182304016519','PAY202603191048476720','ALIPAY_SANDBOX',499.00,'WAIT_BUYER_PAY',NULL,'{\"rawBody\":null,\"qrCode\":\"https://qr.alipay.com/bax04784reqelkdeg6ka00a2\",\"qrCodeImage\":\"data:image/png;base64,iVBORw0KGgoAAAANSUhEUgAAAUAAAAFAAQAAAADl65gHAAABXElEQVR42u3aURKDIAxFUXbw9r9LdmBbQgJWZaKf7bUzVuF8pRgCtmzJowCBQCAQ+MuwlnbofaWq961dRSswCWXnYPXT763APPz09A5z7X60Au/Adi7q4QY+hTZKzRXgA+hcMWbXmQJ4CvvUU/ef65kLeArjqNZuQ3ZVSQF1VT+2AE9j1+MPTMP2lFdFiWR51BMBMAur1UTTYy8fyNqA96Dm2MfgPcxcwBWMUGtfLH0nUuASlmO93hbj5STjAi9hzwC+EPcEar+BgGkYlVHfHurhLyMxABOwR1d9tE7L8EOmAK7gyZiNMknANNR42L1it6gfNzSAK9gL9fjaAhfgLejTeI1Yz/sZwAyc9zPG6tHTADALxwZb3OhrSgJmoKbleO+LSlPAPKxju3eOO/A57NsYY80DfAK9QtJ+vwiYgtMLMe1mqMWLReAB+oRUdPU6B5iA/I0MCAQCgf8LX5XP9fZjxTpOAAAAAElFTkSuQmCC\",\"tradeStatus\":\"WAIT_BUYER_PAY\",\"tradeNo\":\"2026031922001446370508521226\",\"buyerLogonId\":\"fxj***@sandbox.com\"}','2026-03-19 10:48:49','2026-03-19 10:48:49'),(12,13,'ORD202603191805542580','PAY202603191812438010','ALIPAY_SANDBOX',499.00,'FAILED',NULL,'{\"rawBody\":\"{\\\"alipay_trade_precreate_response\\\":{\\\"code\\\":\\\"10000\\\",\\\"msg\\\":\\\"Success\\\",\\\"out_trade_no\\\":\\\"PAY202603191812438010\\\",\\\"qr_code\\\":\\\"https:\\\\/\\\\/qr.alipay.com\\\\/bax09016wgxcy7ry43zr0009\\\"},\\\"sign\\\":\\\"FiDuLJGdyy3sH+3hJ3ce7zm7wouhThKTqoPeJKodIxa6ZadeNgh+ThNjZsxjLCdurAUIZcLd3UtpskbmLWWdwhpEFi/WexZYIMBxP8jmTpYxr8VXsKwfg5jWsMnzCl5duIBmkSdrsG9FJUVK2MIYmWqJH/W5vx2Ufqm+maC241UWAzg+564Vb7lEaxc+iAPbuOlsiJjax2l4CeHVQRn9DOktVhLHEsKvBWK4+e0RlGGsHKf4Z0NlII+dEPVB64/cQ0yDRSrizMNuW0ropbHqtfsnMhyd8l8XALNnbJ4/cOGOuk4dCOD3MlmGhTa/MZxK7QZ4Qh8sF2Kh1v5+O1iWGw==\\\"}\",\"qrCode\":\"https://qr.alipay.com/bax09016wgxcy7ry43zr0009\",\"qrCodeImage\":\"data:image/png;base64,iVBORw0KGgoAAAANSUhEUgAAAUAAAAFAAQAAAADl65gHAAABY0lEQVR42u3aUbKDIAyFYXaQ/e8yO7AKJERRJvp4768zjrVfXxgkx9iyJbcCBAKBQOBfhlrqJvuZ7Ptxcpz5VWASSjse+/FB6/d2FZiH+1cSeB3oeBX4BtZjn60K/AzbLG2HAvwAjY85u14pgLewlx4978+VC3gLfdN466+SFFCe8mMdYF9RRW38gWk4stGISPYTYB5atvRibrPWT4A52O78+uhjUan/4CYBAJdQbaR1hKXrQgpcQw9Cvgi0wZ8XAOAK+oCPlGQ9DQFm4bZZUS9e1ztSYB62mn5+/L6ETWAObiNbtkXAY5IA8zA0NDT2hladD+AMR3/SuhmGC/AN3CyoWzrq7YwyJwDgE/R+hr3K6YtoiJvABBwNNv9wLUnADJQwffu7MF9TBZiH8UXOyJkF+A2Gm3488wDfQy/pto4WAb6A4YWYhI6Qrl4sAicYCpKek/tz5QJOkL+RAYFAIPD/wh+D19YW2EnIQQAAAABJRU5ErkJggg==\"}','2026-03-19 18:12:45','2026-03-19 18:12:45'),(13,14,'ORD202603191844211675','PAY202603191844222810','ALIPAY_SANDBOX',499.00,'FAILED',NULL,'{\"rawBody\":\"{\\\"alipay_trade_precreate_response\\\":{\\\"code\\\":\\\"10000\\\",\\\"msg\\\":\\\"Success\\\",\\\"out_trade_no\\\":\\\"PAY202603191844222810\\\",\\\"qr_code\\\":\\\"https:\\\\/\\\\/qr.alipay.com\\\\/bax01075r1jrvvyahlyc0019\\\"},\\\"sign\\\":\\\"WLKneSwq9Ij6MtctQYcI9JQQuiIaQzpE/5IeEXlazL37GvY1ePJwYkLdYZgh/eDAr8mryvd6FTdayaL/kfaaroMOIbFry40G8tz+pdlZnyPd4Hva+hIN1km410C6xtE6Ja+UPOvacD8Yz462d85GKm/iZT/FLSCTtbjaADVPTV6BDG/jtLHMFSRZalYxvYy9DDfXN9RlwYChzSo49S2gnk/y1bp1TRKE5Bp6KQ+M5XrWVH/JYrdKwD6FgSNkstsCrMd4zZ5kJb5r+OeUzUjkFuGGig+V+Bxue9mz7dVshxj2ar45iAav5HR/bLJPeH/0B3eX9gCTZtAnyIa+bI0KNw==\\\"}\",\"qrCode\":\"https://qr.alipay.com/bax01075r1jrvvyahlyc0019\",\"qrCodeImage\":\"data:image/png;base64,iVBORw0KGgoAAAANSUhEUgAAAUAAAAFAAQAAAADl65gHAAABZUlEQVR42u3abZKCMAyA4d4g979lbhB32nxUFAzuv90XRgbh8U8nJGlxWHMbQCAQCAT+ZahjbqJz//k+P3EV2IbiR1135pnkVWAb6hruqeapqcRV4DdQB/DXcAXs8JEH3oZx1Hz896vAJnwqSLl/qlzAA6xNI2x9nE87KeBJ/xipM7NA1SZgE3r6NK1Wc1RuBXahej23qkvHAAY24QpYH/UqRMAbMJukVX48C8j7jAs8heogH/gIYB0C7EPzGY/kYK9ksNV3YA9KNZxiMXscEneAHRjT8G0W7j/OyAU2YDTqkqd2zKTABlS/EV36iPVKfV3QAJ7DLO4rVtOZKfAO9Gc/i1HmVOAtaFt9r3n4ngWADVhLafoUsvo6gQRewVra9WlkdJ3Hzh54DfMtWL5U9IRwfEELbEAPVN27djHgbRilXGUrScA+dF4Txir4wD6MF2Jbj6nj7cI58ALyNzIgEAgE/l/4ALkMXZ0t3tjNAAAAAElFTkSuQmCC\"}','2026-03-19 18:44:23','2026-03-19 18:44:23'),(14,12,'ORD202603182304016519','PAY202603191850391843','ALIPAY_SANDBOX',499.00,'SUCCESS','2026-03-19 19:06:13','{\"rawBody\":null,\"qrCode\":\"https://qr.alipay.com/bax00283oph091kleb9h00a7\",\"qrCodeImage\":\"data:image/png;base64,iVBORw0KGgoAAAANSUhEUgAAAUAAAAFAAQAAAADl65gHAAABXklEQVR42u3aS5KFIAxAUXaQ/e8yO6D9JAEV6Oiw+2qVzwfHCUVBEi01eRQgEAgEAv8y1HIcst3Jdu43+120ApNQzut+7n/06PdWYB5uXdL4KftW4BtoHeoX4Dd4ztJjAdAC/ACdx+qp65UCOITReznnOxdwCOOImaoOJpEUUGbxo6hdxGawjTswDW0lrT5hpWo8AnwBbdilPdGagGmoPmml49bwjACAUxii0Rj0CkxDC9Lj2kebwDSM0T5/LND0+QxMQx/mW9bjUxmYgyotYfRo0/89FgDgAmpsPp72+NO3AQcu4W2YvVKpg4IGcAGtzeaqlSpHCwBwCavXhFruWPp6BjADI/WJjNGW1BZuAhOwL7BFFnTdkoAZ2Eq7EVpGpCnAPLy9yOlSceBX2Eoa8kzEgRkobWsS36eAL2D/ilsutcvJlwXAEby8EKv2DcsvOxfwAfmMDAgEAoH/F/4An2RVpbH17eUAAAAASUVORK5CYII=\",\"tradeStatus\":\"TRADE_SUCCESS\",\"tradeNo\":\"2026031922001446370508521231\",\"buyerLogonId\":\"fxj***@sandbox.com\"}','2026-03-19 18:50:40','2026-03-19 18:50:40'),(15,13,'ORD202603191805542580','PAY202603191907176461','ALIPAY_SANDBOX',499.00,'SUCCESS','2026-03-19 19:07:31','{\"rawBody\":null,\"qrCode\":\"https://qr.alipay.com/bax06461iubvueoeafpz00d9\",\"qrCodeImage\":\"data:image/png;base64,iVBORw0KGgoAAAANSUhEUgAAAUAAAAFAAQAAAADl65gHAAABZUlEQVR42u3aW47DIAxAUXbA/nfpHbht8AP6oGbmb+YmUhSlJz8IbOO0afFoQCAQCAT+ZSjtOrqM8353f9b9KbAMu11l/HLd9XgKLEMZwz3U41QfeuDP4OMK/CW8JmxOX+Ap9KvE8p+fAotwTUiZmL5kLuAK8/Cffb5+rKSAH+pHD51j4VtuegkAwC3sE+0WCCK2AqvQqsxphGPQgQfQJ6rlI6NTrgKW4Bjo5gm9WaX5JuICd9Dq89g1SmT51oEHMDY8ltO9bM/8DizBrt7FsDgQOeqpIgVuYFaYtgX3oBoOWIKSyz3D6BJJgQVoozxGvPniV+8RAYtQVWLGxhujwQE8gVPktNpSssUBLEOd6s3YAekcBYAFGK00WaesvG4ggTs4N3wlwqkNO7AOl3Rum6B8AXgGrVEZAXXaQQJPYHwW61NKAtZhFkktF72qAI9gfhCLRpu0dx124A7yNzIgEAgE/l94A9iMHd26wXbKAAAAAElFTkSuQmCC\",\"tradeStatus\":\"TRADE_SUCCESS\",\"tradeNo\":\"2026031922001446370508524657\",\"buyerLogonId\":\"fxj***@sandbox.com\"}','2026-03-19 19:07:18','2026-03-19 19:07:18'),(16,14,'ORD202603191844211675','PAY202603191907407497','ALIPAY_SANDBOX',499.00,'SUCCESS','2026-03-19 19:07:50','{\"rawBody\":null,\"qrCode\":\"https://qr.alipay.com/bax018184dvj8q0swl0k0094\",\"qrCodeImage\":\"data:image/png;base64,iVBORw0KGgoAAAANSUhEUgAAAUAAAAFAAQAAAADl65gHAAABZElEQVR42u3abZLCMAiA4dyA+9+SG6A2QLCdumT9t/u2TifGxz8ZEvLRYc1rAIFAIBD4l6GO4xI9bnt+nnUStcA2FH/q9ONVkqwFtqHO5h4jsKlELfA3UKcBfgOPgLVoeeA2jOfLHaErtRbYhG8JKe+fMhfwBNflwZvxejuTAt7MH2Po9FEgcpNcAhf4AYr3fp0FcarZ8MAmHOvHbPoSwMAWHCsR6Rw7XQC3YO35voZ8H0qBDWje62e8esvnN2Ablnm61oXkyu/ABsxJUbR0lk3PG0PAe7ikD6NlDSQG3IG+Ho8mPo+kwAYsGSjXjT4iXDY0gPfQzIfOXD5O5wtKYBfWnp981JUPsAPLdoYHcf5NDNiFayutlKT2f2AL1g3fOUmKv10mmsBPMPYu4hDC85Lo+YAW2ICZ4LWErgH3YXllIFMSsA9zvq7lLMxMgVswDsTWVH1tDhmwC3mNDAgEAoH/Fz4Alw4tzQzShnoAAAAASUVORK5CYII=\",\"tradeStatus\":\"TRADE_SUCCESS\",\"tradeNo\":\"2026031922001446370508525890\",\"buyerLogonId\":\"fxj***@sandbox.com\"}','2026-03-19 19:07:40','2026-03-19 19:07:40'),(17,15,'ORD202603191919037571','PAY202603191919381608','ALIPAY_SANDBOX',1196.00,'SUCCESS','2026-03-19 19:19:58','{\"rawBody\":null,\"qrCode\":\"https://qr.alipay.com/bax040872bg5n7njwp4x00bd\",\"qrCodeImage\":\"data:image/png;base64,iVBORw0KGgoAAAANSUhEUgAAAUAAAAFAAQAAAADl65gHAAABb0lEQVR42u3aW47DMAgFUHbA/nfJDlzFPJM6Fp7P6c1IVRMfzQdyAdPSaF4ECAgICAj4n6HQvNje8hAWrk8Be5DtVQyJ6lwD7MFrxRfm3bzPp4An8Hp4xVyjDPhn6DlgbmHAcxivM5FOtc0UgEtopUfuf++VC3AJ8xLLA+LgrZMCXPaPrJ/7iDJlUgU8gLFvh6ZT65DkmUgBdzB3rEbcV0vEATtQcqOK1iMv9HJPpIA7qCvkNZ2Iyh1gGw5thzy4wtltPioX4A5KnWVQnoE0GwB2oQ0yrBjZWZxHblvAHowTD5cJ263ZBGzA3KGi2dMPj/EOsAUpWszYwnEEH4BtaKPyUoasSfqefADuYA7TJIdrZZ4B2IElmXI5QOo/YMAuLN16ZNVHSQLswPgKZ8SZUZYBB9zD+Phr3MuBkgfgMZT714ulugMewSjpFLUJ8ACWBOD5NH6AAdiGUZA87DHPeKtcgAuIn5EBAgICAv4u/ACR5TXFBmIZQQAAAABJRU5ErkJggg==\",\"tradeStatus\":\"TRADE_SUCCESS\",\"tradeNo\":\"2026031922001446370508526988\",\"buyerLogonId\":\"fxj***@sandbox.com\"}','2026-03-19 19:19:39','2026-03-19 19:19:39');
/*!40000 ALTER TABLE `pay_record` ENABLE KEYS */;
UNLOCK TABLES;
DROP TABLE IF EXISTS `sys_banner`;
/*!40101 SET @saved_cs_client     = @@character_set_client */;
/*!50503 SET character_set_client = utf8mb4 */;
CREATE TABLE `sys_banner` (
  `id` bigint NOT NULL AUTO_INCREMENT,
  `title` varchar(100) NOT NULL,
  `image_url` varchar(255) NOT NULL,
  `link_url` varchar(255) DEFAULT NULL,
  `sort_num` int NOT NULL DEFAULT '0',
  `status` tinyint NOT NULL DEFAULT '1',
  `create_time` datetime NOT NULL DEFAULT CURRENT_TIMESTAMP,
  `update_time` datetime NOT NULL DEFAULT CURRENT_TIMESTAMP ON UPDATE CURRENT_TIMESTAMP,
  PRIMARY KEY (`id`)
) ENGINE=InnoDB AUTO_INCREMENT=3 DEFAULT CHARSET=utf8mb4 COLLATE=utf8mb4_0900_ai_ci;
/*!40101 SET character_set_client = @saved_cs_client */;

LOCK TABLES `sys_banner` WRITE;
/*!40000 ALTER TABLE `sys_banner` DISABLE KEYS */;
INSERT INTO `sys_banner` VALUES (1,'春季特惠','http://127.0.0.1:8080/uploads/20260317-8786c2c1421244ad8986ccf9c2d1f9d0.jpg','/route/detail/3',1,1,'2026-03-14 13:18:27','2026-03-14 13:18:27'),(2,'亲子周边游','http://127.0.0.1:8080/uploads/20260317-21355c0ce63045ccbb203336239f6e0c.jpg','/route/detail/2',2,1,'2026-03-14 13:18:27','2026-03-14 13:18:27');
/*!40000 ALTER TABLE `sys_banner` ENABLE KEYS */;
UNLOCK TABLES;
DROP TABLE IF EXISTS `sys_dict_data`;
/*!40101 SET @saved_cs_client     = @@character_set_client */;
/*!50503 SET character_set_client = utf8mb4 */;
CREATE TABLE `sys_dict_data` (
  `id` bigint NOT NULL AUTO_INCREMENT,
  `dict_type` varchar(64) NOT NULL,
  `dict_label` varchar(64) NOT NULL,
  `dict_value` varchar(64) NOT NULL,
  `sort_num` int NOT NULL DEFAULT '0',
  `status` tinyint NOT NULL DEFAULT '1',
  `create_time` datetime NOT NULL DEFAULT CURRENT_TIMESTAMP,
  `update_time` datetime NOT NULL DEFAULT CURRENT_TIMESTAMP ON UPDATE CURRENT_TIMESTAMP,
  PRIMARY KEY (`id`)
) ENGINE=InnoDB AUTO_INCREMENT=8 DEFAULT CHARSET=utf8mb4 COLLATE=utf8mb4_0900_ai_ci;
/*!40101 SET character_set_client = @saved_cs_client */;

LOCK TABLES `sys_dict_data` WRITE;
/*!40000 ALTER TABLE `sys_dict_data` DISABLE KEYS */;
INSERT INTO `sys_dict_data` VALUES (1,'ORDER_STATUS','待支付','PENDING_PAY',1,1,'2026-03-25 10:15:52','2026-03-25 10:15:52'),(2,'ORDER_STATUS','已支付','PAID',2,1,'2026-03-25 10:15:52','2026-03-25 10:15:52'),(3,'ORDER_STATUS','待出行','PENDING_TRAVEL',3,1,'2026-03-25 10:15:52','2026-03-25 10:15:52'),(4,'ORDER_STATUS','已完成','COMPLETED',4,1,'2026-03-25 10:15:52','2026-03-25 10:15:52'),(5,'ORDER_STATUS','已取消','CANCELLED',5,1,'2026-03-25 10:15:52','2026-03-25 10:15:52'),(6,'ORDER_STATUS','退款中','REFUNDING',6,1,'2026-03-25 10:15:52','2026-03-25 10:15:52'),(7,'ORDER_STATUS','已退款','REFUNDED',7,1,'2026-03-25 10:15:52','2026-03-25 10:15:52');
/*!40000 ALTER TABLE `sys_dict_data` ENABLE KEYS */;
UNLOCK TABLES;
DROP TABLE IF EXISTS `sys_menu`;
/*!40101 SET @saved_cs_client     = @@character_set_client */;
/*!50503 SET character_set_client = utf8mb4 */;
CREATE TABLE `sys_menu` (
  `id` bigint NOT NULL AUTO_INCREMENT,
  `parent_id` bigint NOT NULL DEFAULT '0',
  `menu_name` varchar(100) NOT NULL,
  `path` varchar(128) DEFAULT NULL,
  `component` varchar(128) DEFAULT NULL,
  `perms` varchar(128) DEFAULT NULL,
  `menu_type` tinyint NOT NULL DEFAULT '1' COMMENT '1菜单 2按钮',
  `icon` varchar(64) DEFAULT NULL,
  `sort_num` int NOT NULL DEFAULT '0',
  `status` tinyint NOT NULL DEFAULT '1',
  `create_time` datetime NOT NULL DEFAULT CURRENT_TIMESTAMP,
  `update_time` datetime NOT NULL DEFAULT CURRENT_TIMESTAMP ON UPDATE CURRENT_TIMESTAMP,
  PRIMARY KEY (`id`)
) ENGINE=InnoDB AUTO_INCREMENT=150 DEFAULT CHARSET=utf8mb4 COLLATE=utf8mb4_0900_ai_ci;
/*!40101 SET character_set_client = @saved_cs_client */;

LOCK TABLES `sys_menu` WRITE;
/*!40000 ALTER TABLE `sys_menu` DISABLE KEYS */;
INSERT INTO `sys_menu` VALUES (1,0,'用户首页','/','views/user/Home.vue','home:view',1,'House',1,1,'2026-03-25 10:15:52','2026-03-25 10:15:52'),(2,0,'路线列表','/route/list','views/user/RouteList.vue','route:list',1,'MapLocation',2,1,'2026-03-25 10:15:52','2026-03-25 10:15:52'),(3,0,'收藏','/favorite','views/user/Favorite.vue','favorite:list',1,'Star',3,1,'2026-03-25 10:15:52','2026-03-25 10:15:52'),(4,0,'订单','/order/list','views/user/OrderList.vue','order:list',1,'Tickets',4,1,'2026-03-25 10:15:52','2026-03-25 10:15:52'),(5,0,'合同','/contract/list','views/user/ContractList.vue','contract:list',1,'Document',5,1,'2026-03-25 10:15:52','2026-03-25 10:15:52'),(6,0,'投诉','/complaint/list','views/user/ComplaintList.vue','complaint:list',1,'Warning',6,1,'2026-03-25 10:15:52','2026-03-25 10:15:52'),(7,0,'个人中心','/user/profile','views/user/UserProfile.vue','user:profile:view',1,'User',7,1,'2026-03-25 10:15:52','2026-03-25 10:15:52'),(20,0,'商家工作台','/merchant','views/merchant/MerchantHome.vue','merchant:dashboard:view',1,'OfficeBuilding',20,1,'2026-03-25 10:15:52','2026-03-25 10:15:52'),(21,20,'店铺信息','/merchant/shop','views/merchant/Shop.vue','merchant:shop:view',1,'Shop',21,1,'2026-03-25 10:15:52','2026-03-25 10:15:52'),(22,20,'路线管理','/merchant/route/list','views/merchant/RouteList.vue','merchant:route:list',1,'List',22,1,'2026-03-25 10:15:52','2026-03-25 10:15:52'),(23,20,'订单管理','/merchant/order/list','views/merchant/OrderList.vue','merchant:order:list',1,'Tickets',23,1,'2026-03-25 10:15:52','2026-03-25 10:15:52'),(24,20,'客户管理','/merchant/customer/list','views/merchant/CustomerList.vue','merchant:customer:list',1,'UserFilled',24,1,'2026-03-25 10:15:52','2026-03-25 10:15:52'),(25,20,'合同管理','/merchant/contract/list','views/merchant/ContractList.vue','merchant:contract:list',1,'Document',25,1,'2026-03-25 10:15:52','2026-03-25 10:15:52'),(26,20,'投诉处理','/merchant/complaint/list','views/merchant/ComplaintList.vue','merchant:complaint:list',1,'WarningFilled',26,1,'2026-03-25 10:15:52','2026-03-25 10:15:52'),(27,20,'经营统计','/merchant/statistics','views/merchant/Statistics.vue','merchant:stats:view',1,'DataAnalysis',27,1,'2026-03-25 10:15:52','2026-03-25 10:15:52'),(40,0,'管理后台','/admin','views/admin/AdminHome.vue','admin:dashboard:view',1,'Setting',40,1,'2026-03-25 10:15:52','2026-03-25 10:15:52'),(41,40,'数据大屏','/admin/dashboard','views/admin/Dashboard.vue','admin:dashboard:view',1,'DataLine',41,1,'2026-03-25 10:15:52','2026-03-25 10:15:52'),(42,40,'用户管理','/admin/user/list','views/admin/UserList.vue','admin:user:list',1,'User',42,1,'2026-03-25 10:15:52','2026-03-25 10:15:52'),(43,40,'商家管理','/admin/merchant/list','views/admin/MerchantList.vue','admin:merchant:list',1,'Shop',43,1,'2026-03-25 10:15:52','2026-03-25 10:15:52'),(44,40,'分类管理','/admin/category/list','views/admin/CategoryList.vue','admin:category:list',1,'CollectionTag',44,1,'2026-03-25 10:15:52','2026-03-25 10:15:52'),(45,40,'标签管理','/admin/tag/list','views/admin/TagList.vue','admin:tag:list',1,'Collection',45,1,'2026-03-25 10:15:52','2026-03-25 10:15:52'),(46,40,'路线审核','/admin/route/audit','views/admin/RouteAudit.vue','admin:route:list',1,'MapLocation',46,1,'2026-03-25 10:15:52','2026-03-25 10:15:52'),(47,40,'合同模板','/admin/contract-template/list','views/admin/ContractTemplateList.vue','admin:contract-template:list',1,'Document',47,1,'2026-03-25 10:15:52','2026-03-25 10:15:52'),(48,40,'订单管理','/admin/order/list','views/admin/OrderList.vue','admin:order:list',1,'Tickets',48,1,'2026-03-25 10:15:52','2026-03-25 10:15:52'),(49,40,'支付记录','/admin/pay/list','views/admin/PayList.vue','admin:pay:list',1,'Money',49,1,'2026-03-25 10:15:52','2026-03-25 10:15:52'),(50,40,'投诉处理','/admin/complaint/list','views/admin/ComplaintList.vue','admin:complaint:list',1,'Warning',50,1,'2026-03-25 10:15:52','2026-03-25 10:15:52'),(51,40,'统计分析','/admin/statistics','views/admin/Statistics.vue','admin:statistics:view',1,'PieChart',51,1,'2026-03-25 10:15:52','2026-03-25 10:15:52'),(52,40,'轮播图管理','/admin/banner/list','views/admin/BannerList.vue','admin:banner:list',1,'Picture',52,1,'2026-03-25 10:15:52','2026-03-25 10:15:52'),(100,0,'用户收藏新增',NULL,NULL,'favorite:add',2,NULL,100,1,'2026-03-25 10:15:52','2026-03-25 10:15:52'),(101,0,'用户收藏删除',NULL,NULL,'favorite:delete',2,NULL,101,1,'2026-03-25 10:15:52','2026-03-25 10:15:52'),(102,0,'用户下单',NULL,NULL,'order:create',2,NULL,102,1,'2026-03-25 10:15:52','2026-03-25 10:15:52'),(103,0,'用户支付',NULL,NULL,'order:pay',2,NULL,103,1,'2026-03-25 10:15:52','2026-03-25 10:15:52'),(104,0,'用户取消订单',NULL,NULL,'order:cancel',2,NULL,104,1,'2026-03-25 10:15:52','2026-03-25 10:15:52'),(105,0,'用户退款',NULL,NULL,'order:refund',2,NULL,105,1,'2026-03-25 10:15:52','2026-03-25 10:15:52'),(106,0,'用户签署合同',NULL,NULL,'contract:sign',2,NULL,106,1,'2026-03-25 10:15:52','2026-03-25 10:15:52'),(107,0,'用户投诉发起',NULL,NULL,'complaint:create',2,NULL,107,1,'2026-03-25 10:15:52','2026-03-25 10:15:52'),(108,0,'用户出行人管理',NULL,NULL,'traveler:manage',2,NULL,108,1,'2026-03-25 10:15:52','2026-03-25 10:15:52'),(109,0,'用户资料更新',NULL,NULL,'user:profile:update',2,NULL,109,1,'2026-03-25 10:15:52','2026-03-25 10:15:52'),(110,0,'用户密码更新',NULL,NULL,'user:password:update',2,NULL,110,1,'2026-03-25 10:15:52','2026-03-25 10:15:52'),(120,0,'商家店铺更新',NULL,NULL,'merchant:shop:update',2,NULL,120,1,'2026-03-25 10:15:52','2026-03-25 10:15:52'),(121,0,'商家路线新增',NULL,NULL,'merchant:route:create',2,NULL,121,1,'2026-03-25 10:15:52','2026-03-25 10:15:52'),(122,0,'商家路线编辑',NULL,NULL,'merchant:route:update',2,NULL,122,1,'2026-03-25 10:15:52','2026-03-25 10:15:52'),(123,0,'商家路线上下架',NULL,NULL,'merchant:route:publish',2,NULL,123,1,'2026-03-25 10:15:52','2026-03-25 10:15:52'),(124,0,'商家合同补充',NULL,NULL,'merchant:contract:appendix',2,NULL,124,1,'2026-03-25 10:15:52','2026-03-25 10:15:52'),(125,0,'商家投诉回复',NULL,NULL,'merchant:complaint:reply',2,NULL,125,1,'2026-03-25 10:15:52','2026-03-25 10:15:52'),(140,0,'管理员用户状态',NULL,NULL,'admin:user:status',2,NULL,140,1,'2026-03-25 10:15:52','2026-03-25 10:15:52'),(141,0,'管理员用户删除',NULL,NULL,'admin:user:delete',2,NULL,141,1,'2026-03-25 10:15:52','2026-03-25 10:15:52'),(142,0,'管理员商家审核',NULL,NULL,'admin:merchant:audit',2,NULL,142,1,'2026-03-25 10:15:52','2026-03-25 10:15:52'),(143,0,'管理员分类维护',NULL,NULL,'admin:category:manage',2,NULL,143,1,'2026-03-25 10:15:52','2026-03-25 10:15:52'),(144,0,'管理员标签维护',NULL,NULL,'admin:tag:manage',2,NULL,144,1,'2026-03-25 10:15:52','2026-03-25 10:15:52'),(145,0,'管理员路线审核动作',NULL,NULL,'admin:route:audit',2,NULL,145,1,'2026-03-25 10:15:52','2026-03-25 10:15:52'),(146,0,'管理员模板维护',NULL,NULL,'admin:contract-template:manage',2,NULL,146,1,'2026-03-25 10:15:52','2026-03-25 10:15:52'),(147,0,'管理员订单处理',NULL,NULL,'admin:order:handle',2,NULL,147,1,'2026-03-25 10:15:52','2026-03-25 10:15:52'),(148,0,'管理员投诉处理',NULL,NULL,'admin:complaint:handle',2,NULL,148,1,'2026-03-25 10:15:52','2026-03-25 10:15:52'),(149,0,'管理员轮播图维护',NULL,NULL,'admin:banner:manage',2,NULL,149,1,'2026-03-25 10:15:52','2026-03-25 10:15:52');
/*!40000 ALTER TABLE `sys_menu` ENABLE KEYS */;
UNLOCK TABLES;
DROP TABLE IF EXISTS `sys_notice`;
/*!40101 SET @saved_cs_client     = @@character_set_client */;
/*!50503 SET character_set_client = utf8mb4 */;
CREATE TABLE `sys_notice` (
  `id` bigint NOT NULL AUTO_INCREMENT,
  `title` varchar(100) NOT NULL,
  `content` text,
  `status` tinyint NOT NULL DEFAULT '1',
  `create_time` datetime NOT NULL DEFAULT CURRENT_TIMESTAMP,
  `update_time` datetime NOT NULL DEFAULT CURRENT_TIMESTAMP ON UPDATE CURRENT_TIMESTAMP,
  PRIMARY KEY (`id`)
) ENGINE=InnoDB DEFAULT CHARSET=utf8mb4 COLLATE=utf8mb4_0900_ai_ci;
/*!40101 SET character_set_client = @saved_cs_client */;

LOCK TABLES `sys_notice` WRITE;
/*!40000 ALTER TABLE `sys_notice` DISABLE KEYS */;
/*!40000 ALTER TABLE `sys_notice` ENABLE KEYS */;
UNLOCK TABLES;
DROP TABLE IF EXISTS `sys_role`;
/*!40101 SET @saved_cs_client     = @@character_set_client */;
/*!50503 SET character_set_client = utf8mb4 */;
CREATE TABLE `sys_role` (
  `id` bigint NOT NULL AUTO_INCREMENT,
  `role_name` varchar(64) NOT NULL,
  `role_code` varchar(64) NOT NULL,
  `status` tinyint NOT NULL DEFAULT '1',
  `create_time` datetime NOT NULL DEFAULT CURRENT_TIMESTAMP,
  `update_time` datetime NOT NULL DEFAULT CURRENT_TIMESTAMP ON UPDATE CURRENT_TIMESTAMP,
  PRIMARY KEY (`id`),
  UNIQUE KEY `role_code` (`role_code`)
) ENGINE=InnoDB AUTO_INCREMENT=4 DEFAULT CHARSET=utf8mb4 COLLATE=utf8mb4_0900_ai_ci;
/*!40101 SET character_set_client = @saved_cs_client */;

LOCK TABLES `sys_role` WRITE;
/*!40000 ALTER TABLE `sys_role` DISABLE KEYS */;
INSERT INTO `sys_role` VALUES (1,'普通用户','USER',1,'2026-03-25 10:15:52','2026-03-25 10:15:52'),(2,'商家','MERCHANT',1,'2026-03-25 10:15:52','2026-03-25 10:15:52'),(3,'管理员','ADMIN',1,'2026-03-25 10:15:52','2026-03-25 10:15:52');
/*!40000 ALTER TABLE `sys_role` ENABLE KEYS */;
UNLOCK TABLES;
DROP TABLE IF EXISTS `sys_role_menu`;
/*!40101 SET @saved_cs_client     = @@character_set_client */;
/*!50503 SET character_set_client = utf8mb4 */;
CREATE TABLE `sys_role_menu` (
  `id` bigint NOT NULL AUTO_INCREMENT,
  `role_id` bigint NOT NULL,
  `menu_id` bigint NOT NULL,
  PRIMARY KEY (`id`),
  UNIQUE KEY `uk_role_menu` (`role_id`,`menu_id`)
) ENGINE=InnoDB AUTO_INCREMENT=78 DEFAULT CHARSET=utf8mb4 COLLATE=utf8mb4_0900_ai_ci;
/*!40101 SET character_set_client = @saved_cs_client */;

LOCK TABLES `sys_role_menu` WRITE;
/*!40000 ALTER TABLE `sys_role_menu` DISABLE KEYS */;
INSERT INTO `sys_role_menu` VALUES (1,1,1),(2,1,2),(3,1,3),(4,1,4),(5,1,5),(6,1,6),(7,1,7),(8,1,100),(9,1,101),(10,1,102),(11,1,103),(12,1,104),(13,1,105),(14,1,106),(15,1,107),(16,1,108),(17,1,109),(18,1,110),(32,2,20),(33,2,21),(34,2,22),(35,2,23),(36,2,24),(37,2,25),(38,2,26),(39,2,27),(40,2,120),(41,2,121),(42,2,122),(43,2,123),(44,2,124),(45,2,125),(47,3,40),(48,3,41),(49,3,42),(50,3,43),(51,3,44),(52,3,45),(53,3,46),(54,3,47),(55,3,48),(56,3,49),(57,3,50),(58,3,51),(59,3,52),(60,3,140),(61,3,141),(62,3,142),(63,3,143),(64,3,144),(65,3,145),(66,3,146),(67,3,147),(68,3,148),(69,3,149);
/*!40000 ALTER TABLE `sys_role_menu` ENABLE KEYS */;
UNLOCK TABLES;
DROP TABLE IF EXISTS `sys_user`;
/*!40101 SET @saved_cs_client     = @@character_set_client */;
/*!50503 SET character_set_client = utf8mb4 */;
CREATE TABLE `sys_user` (
  `id` bigint NOT NULL AUTO_INCREMENT,
  `username` varchar(64) NOT NULL,
  `password` varchar(255) NOT NULL,
  `nickname` varchar(64) NOT NULL,
  `phone` varchar(32) DEFAULT NULL,
  `avatar` varchar(255) DEFAULT NULL,
  `role_type` tinyint NOT NULL COMMENT '1用户 2商家 3管理员',
  `status` tinyint NOT NULL DEFAULT '1',
  `deleted` tinyint NOT NULL DEFAULT '0',
  `create_time` datetime NOT NULL DEFAULT CURRENT_TIMESTAMP,
  `update_time` datetime NOT NULL DEFAULT CURRENT_TIMESTAMP ON UPDATE CURRENT_TIMESTAMP,
  PRIMARY KEY (`id`),
  UNIQUE KEY `username` (`username`)
) ENGINE=InnoDB AUTO_INCREMENT=9 DEFAULT CHARSET=utf8mb4 COLLATE=utf8mb4_0900_ai_ci;
/*!40101 SET character_set_client = @saved_cs_client */;

LOCK TABLES `sys_user` WRITE;
/*!40000 ALTER TABLE `sys_user` DISABLE KEYS */;
INSERT INTO `sys_user` VALUES (1,'user01','$2a$10$G4kGPdyWPkYI9OX6yDMsP.5erDqVD/T4FCARdVNWbrO6OQP3cu8J2','演示用户','13800000001','http://127.0.0.1:8080/uploads/20260316-53ac0b44bd3c4a7fb8747b85864c025e.jpeg',1,1,0,'2026-03-14 13:18:27','2026-03-14 13:18:27'),(2,'merchant01','$2a$10$2f.kISRPsZhxRTvU6SED3OrgiD4CzX5Qtux.cE6sm1B3cxHDei4Di','北极星','12345678900','http://127.0.0.1:8080/uploads/20260317-45b5f862999d467cbcf13fbaff1f02a5.png',2,1,0,'2026-03-14 13:18:27','2026-03-14 13:18:27'),(3,'admin01','$2a$10$a8e0sJug9KdFhGm7TAZu6.3ERkJEao.UjCoBlmuo2kSoUlsKbhoLm','平台管理员','18539523855','http://127.0.0.1:8080/uploads/20260315-5b285a7a59734a618c63e7c93822f407.jpeg',3,1,0,'2026-03-14 13:18:27','2026-03-14 13:18:27'),(4,'test_phone_02','$2a$10$jWtsRq8cUmezAakAdzGZvOw.E/ZZn5xNkcxemTb2Bef8JDFWuq4BK','test','12345678901',NULL,1,0,0,'2026-03-14 14:14:34','2026-03-14 14:14:34'),(5,'syc','$2a$10$wo4fYehNA5mWi167CwQmduPWPQ2KdJ20OYL8vzKRV3RCJrBXYsDrm','springer','15233339999','http://127.0.0.1:8080/uploads/20260315-6f34bbdaf1344bf3a00c39551308fb70.jpeg',2,1,0,'2026-03-15 10:13:13','2026-03-15 10:13:13'),(6,'gl','$2a$10$E5MrbKbwCxQEbyj1hf/k3OdG6MmuCrbLXwxh3Xv3cuI3J0kOTU5VS','南极星','14785968423',NULL,1,1,0,'2026-03-15 17:56:52','2026-03-15 17:56:52'),(7,'zys','$2a$10$7qVyuQ4gCLcQsPZ3K0GXyuNCYCuz0O/RqcLGB7LC6UOH6E1TjsHhq','别bwo开麦','16587359638','http://127.0.0.1:8080/uploads/20260315-f4cb4355dd924085ba6b38dcc8d67dc9.jpeg',1,1,0,'2026-03-15 17:57:49','2026-03-15 17:57:49'),(8,'frz','$2a$10$e8r652anT.gKyUkvMvW1cePNp676pFjqkAGH1zOkvI9DBRZVnH/Jq','不过雅思不改名','15876395623','http://127.0.0.1:8080/uploads/20260317-769cb16d0b9d41e9be412d2730c26d71.jpeg',1,1,0,'2026-03-17 10:52:43','2026-03-17 10:52:43');
/*!40000 ALTER TABLE `sys_user` ENABLE KEYS */;
UNLOCK TABLES;
DROP TABLE IF EXISTS `tour_category`;
/*!40101 SET @saved_cs_client     = @@character_set_client */;
/*!50503 SET character_set_client = utf8mb4 */;
CREATE TABLE `tour_category` (
  `id` bigint NOT NULL AUTO_INCREMENT,
  `parent_id` bigint NOT NULL DEFAULT '0',
  `category_name` varchar(64) NOT NULL,
  `sort_num` int NOT NULL DEFAULT '0',
  `status` tinyint NOT NULL DEFAULT '1',
  `deleted` tinyint NOT NULL DEFAULT '0',
  `create_time` datetime NOT NULL DEFAULT CURRENT_TIMESTAMP,
  `update_time` datetime NOT NULL DEFAULT CURRENT_TIMESTAMP ON UPDATE CURRENT_TIMESTAMP,
  PRIMARY KEY (`id`)
) ENGINE=InnoDB AUTO_INCREMENT=4 DEFAULT CHARSET=utf8mb4 COLLATE=utf8mb4_0900_ai_ci;
/*!40101 SET character_set_client = @saved_cs_client */;

LOCK TABLES `tour_category` WRITE;
/*!40000 ALTER TABLE `tour_category` DISABLE KEYS */;
INSERT INTO `tour_category` VALUES (1,0,'周边游',1,1,0,'2026-03-25 10:15:52','2026-03-25 10:15:52'),(2,0,'跟团游',2,1,0,'2026-03-25 10:15:52','2026-03-25 10:15:52'),(3,0,'研学游',3,1,0,'2026-03-25 10:15:52','2026-03-25 10:15:52');
/*!40000 ALTER TABLE `tour_category` ENABLE KEYS */;
UNLOCK TABLES;
DROP TABLE IF EXISTS `tour_contract`;
/*!40101 SET @saved_cs_client     = @@character_set_client */;
/*!50503 SET character_set_client = utf8mb4 */;
CREATE TABLE `tour_contract` (
  `id` bigint NOT NULL AUTO_INCREMENT,
  `contract_no` varchar(64) NOT NULL,
  `order_id` bigint NOT NULL,
  `template_id` bigint NOT NULL,
  `user_id` bigint NOT NULL,
  `merchant_id` bigint NOT NULL,
  `contract_title` varchar(150) DEFAULT NULL,
  `contract_content` text,
  `sign_status` varchar(32) NOT NULL DEFAULT 'UNSIGNED',
  `sign_time` datetime DEFAULT NULL,
  `deleted` tinyint NOT NULL DEFAULT '0',
  `create_time` datetime NOT NULL DEFAULT CURRENT_TIMESTAMP,
  `update_time` datetime NOT NULL DEFAULT CURRENT_TIMESTAMP ON UPDATE CURRENT_TIMESTAMP,
  PRIMARY KEY (`id`),
  UNIQUE KEY `contract_no` (`contract_no`)
) ENGINE=InnoDB AUTO_INCREMENT=16 DEFAULT CHARSET=utf8mb4 COLLATE=utf8mb4_0900_ai_ci;
/*!40101 SET character_set_client = @saved_cs_client */;

LOCK TABLES `tour_contract` WRITE;
/*!40000 ALTER TABLE `tour_contract` DISABLE KEYS */;
INSERT INTO `tour_contract` VALUES (1,'CON202603142210275813',1,1,2,1,'豫途旅游服务合同-ORD202603142012119456','甲方（游客）与乙方（商家）就旅游服务达成如下协议：......','SIGNED','2026-03-14 23:13:14',0,'2026-03-14 22:10:27','2026-03-14 22:10:27'),(2,'CON202603142312442914',2,1,2,1,'豫途旅游服务合同-ORD202603142312328633','甲方（游客）与乙方（商家）就旅游服务达成如下协议：......','SIGNED','2026-03-14 23:13:12',0,'2026-03-14 23:12:44','2026-03-14 23:12:44'),(3,'CON202603152001248736',3,1,7,1,'豫途旅游服务合同-ORD202603152001142497','甲方（游客）与乙方（商家）就旅游服务达成如下协议：......','SIGNED','2026-03-15 20:01:57',0,'2026-03-15 20:01:24','2026-03-15 20:01:24'),(4,'CON202603152217077521',4,1,7,1,'豫途旅游服务合同-ORD202603152216494721','甲方（游客）与乙方（商家）就旅游服务达成如下协议：......','SIGNED','2026-03-17 15:15:37',0,'2026-03-15 22:17:07','2026-03-15 22:17:07'),(5,'CON202603161902165394',5,1,1,1,'豫途旅游服务合同-ORD202603161902054858','甲方（游客）与乙方（商家）就旅游服务达成如下协议：......','SIGNED','2026-03-16 20:36:56',0,'2026-03-16 19:02:16','2026-03-16 19:02:16'),(6,'CON202603162035385556',6,1,1,1,'豫途旅游服务合同-ORD202603162035294273','甲方（游客）与乙方（商家）就旅游服务达成如下协议：......','SIGNED','2026-03-18 20:36:49',0,'2026-03-16 20:35:38','2026-03-16 20:35:38'),(7,'CON202603162116283753',7,1,1,1,'豫途旅游服务合同-ORD202603162116286804','甲方（游客）与乙方（商家）就旅游服务达成如下协议：......','SIGNED','2026-03-16 21:16:29',0,'2026-03-16 21:16:28','2026-03-16 21:16:28'),(8,'CON202603171059303080',8,1,8,1,'豫途旅游服务合同-ORD202603171059162281','甲方（游客）与乙方（商家）就旅游服务达成如下协议：......','SIGNED','2026-03-17 11:00:06',0,'2026-03-17 10:59:30','2026-03-17 10:59:30'),(9,'CON202603172301186536',9,1,1,1,'豫途旅游服务合同-ORD202603172301103571','甲方（游客）与乙方（商家）就旅游服务达成如下协议：......','SIGNED','2026-03-18 20:37:10',0,'2026-03-17 23:01:18','2026-03-17 23:01:18'),(10,'CON202603182129341390',10,1,2,1,'豫途旅游服务合同-ORD202603182129308846','甲方（游客）与乙方（商家）就旅游服务达成如下协议：......','SIGNED','2026-03-18 21:29:44',0,'2026-03-18 21:29:34','2026-03-18 21:29:34'),(12,'CON202603182304019767',12,1,6,2,'豫途旅游服务合同-ORD202603182304016519','甲方（游客）与乙方（商家）就旅游服务达成如下协议：......','SIGNED','2026-03-18 23:04:24',0,'2026-03-18 23:04:01','2026-03-18 23:04:01'),(13,'CON202603191805545029',13,1,1,2,'豫途旅游服务合同-ORD202603191805542580','甲方（游客）与乙方（商家）就旅游服务达成如下协议：......','SIGNED','2026-03-19 18:06:03',0,'2026-03-19 18:05:54','2026-03-19 18:05:54'),(14,'CON202603191844219853',14,1,1,2,'豫途旅游服务合同-ORD202603191844211675','甲方（游客）与乙方（商家）就旅游服务达成如下协议：......','SIGNED','2026-03-19 18:44:22',0,'2026-03-19 18:44:21','2026-03-19 18:44:21'),(15,'CON202603191919038159',15,1,7,1,'豫途旅游服务合同-ORD202603191919037571','甲方（游客）与乙方（商家）就旅游服务达成如下协议：......','SIGNED','2026-03-19 19:19:16',0,'2026-03-19 19:19:03','2026-03-19 19:19:03');
/*!40000 ALTER TABLE `tour_contract` ENABLE KEYS */;
UNLOCK TABLES;
DROP TABLE IF EXISTS `tour_contract_appendix`;
/*!40101 SET @saved_cs_client     = @@character_set_client */;
/*!50503 SET character_set_client = utf8mb4 */;
CREATE TABLE `tour_contract_appendix` (
  `id` bigint NOT NULL AUTO_INCREMENT,
  `contract_id` bigint NOT NULL,
  `appendix_title` varchar(100) NOT NULL,
  `appendix_content` text,
  `create_time` datetime NOT NULL DEFAULT CURRENT_TIMESTAMP,
  `update_time` datetime NOT NULL DEFAULT CURRENT_TIMESTAMP ON UPDATE CURRENT_TIMESTAMP,
  PRIMARY KEY (`id`)
) ENGINE=InnoDB DEFAULT CHARSET=utf8mb4 COLLATE=utf8mb4_0900_ai_ci;
/*!40101 SET character_set_client = @saved_cs_client */;

LOCK TABLES `tour_contract_appendix` WRITE;
/*!40000 ALTER TABLE `tour_contract_appendix` DISABLE KEYS */;
/*!40000 ALTER TABLE `tour_contract_appendix` ENABLE KEYS */;
UNLOCK TABLES;
DROP TABLE IF EXISTS `tour_contract_signature`;
/*!40101 SET @saved_cs_client     = @@character_set_client */;
/*!50503 SET character_set_client = utf8mb4 */;
CREATE TABLE `tour_contract_signature` (
  `id` bigint NOT NULL AUTO_INCREMENT,
  `contract_id` bigint NOT NULL,
  `user_id` bigint NOT NULL,
  `traveler_id` bigint DEFAULT NULL,
  `signer_name` varchar(64) NOT NULL,
  `signature_image` longtext NOT NULL,
  `sign_time` datetime NOT NULL,
  `create_time` datetime NOT NULL DEFAULT CURRENT_TIMESTAMP,
  `update_time` datetime NOT NULL DEFAULT CURRENT_TIMESTAMP ON UPDATE CURRENT_TIMESTAMP,
  PRIMARY KEY (`id`),
  UNIQUE KEY `uk_contract_signature_contract_traveler` (`contract_id`,`traveler_id`)
) ENGINE=InnoDB AUTO_INCREMENT=12 DEFAULT CHARSET=utf8mb4 COLLATE=utf8mb4_0900_ai_ci;
/*!40101 SET character_set_client = @saved_cs_client */;

LOCK TABLES `tour_contract_signature` WRITE;
/*!40000 ALTER TABLE `tour_contract_signature` DISABLE KEYS */;
INSERT INTO `tour_contract_signature` (`id`,`contract_id`,`user_id`,`signer_name`,`signature_image`,`sign_time`,`create_time`,`update_time`) VALUES (1,7,1,'user01','data:image/png;base64,iVBORw0KGgoAAAANSUhEUgAAAAEAAAABCAQAAAC1HAwCAAAAC0lEQVR42mP8/x8AAusB9pS8z0QAAAAASUVORK5CYII=','2026-03-16 21:16:29','2026-03-16 21:16:29','2026-03-16 21:16:29'),(2,8,8,'不过雅思不改名','data:image/png;base64,iVBORw0KGgoAAAANSUhEUgAAB64AAAEsCAYAAABzOJ0KAAAQAElEQVR4AezdDbRdZXko6m/unT9+FWuREGKkUpSKyDCB8GMr5SKV1miIYijYXnNQgmUMqUILGRe8OQUL9IAcvKVAhBvHlVBCSrIx3HJFRagECknOQeSIUIUbQxJAPYgQlSQ7++RbuBZrrrV39tprr58553oyeLPmN9ec3/e+z9yMJOvdc+6+Ib8IECBAgAABAgQIECBAgACBoguojwABAgQIECBAgAABAgQIZFqgL/jVAgFTECBAgAABAgQIECBAgAABAsUXUCEBAgQIECBAgAABAgQItEtA47pdsuYdu4AzCBAgQIAAAQIECBAgQIAAgeILqJAAAQIECBAgQIAAAQLDCGhcD4NiF4E8C8idAAECBAgQIECAAAECBAgQKL6ACgkQIECAAAECBAgUTUDjumhXVD0ECLRCwBwECBAgQIAAAQIECBAgQIBA8QVUSIAAAQIECBAgkCEBjesMXQypECBAoFgCqiFAgAABAgQIECBAgAABAgSKL6BCAgQIECBAgEBrBDSuW+NoFgIECBAg0B4BsxIgQIAAAQIECIxJ4OS/OD8cMHNuKU44/bwxnetgAgQIECDQNQELEyBAgAABAkHj2hcBAQIECBAgUHgBBRIgQIAAAQK9I/DYD35cKfaH/7Ghsm2DAAECBAgQKL6ACgkQIEAg3wIa1/m+frInQIAAAQIECHRKwDoECBAgQIAAAQIECBAgQIBA8QVUSIAAga4JaFx3jd7CBAgQIECAAAECvSegYgIECBAgQIAAAQIECBAgQKD4AiokQKAZAY3rZtScQ4AAAQIECBAgQIBA9wSsTIAAAQIECBAgQIAAAQIECBRfQIU9J6Bx3XOXXMEECBAgQIAAAQIECBAIgQEBAgQIECBAgAABAgQIECBQfIE8VahxnaerJVcCBAgQIECAAAECBAgQyJKAXDImMGfBhamMJk2ckBpXD6bOOjUcMHNuKmYce1r1IbYJECBAgAABAgQIECBAoIMCGW5cd1DBUgQIECBAgAABAgQIECBAgECXBFq37LrvP5Wa7Cf//i+pcRyUG9ZDQ0NxmIpXt21PjQ0IECBAgAABAgQIECBAoHMCGteds+7OSlYlQIAAAQIECBAgQIAAAQI9IjBcM7pc+kGzP1q6u3p3x5SPzeWrpAkQIECAAAECBAgQIJBzAY3rnF9A6XdGwCoECBAgQIAAAQIECBAgkG2B+Njv2gzLzer43o4dg7VvGxOoE7CDAAECBAgQIECAAIHuCWhcd8/eygR6TUC9BAgQIECAAAECBAgQaItA7c+2jotMnNAfRmtWP7d+IB4qCBBorYDZCBAgQIAAAQIECDQloHHdFJuTCBAg0C0B6xIgQIAAAQIECBAgUCuw9rEnU7v2nDI5bN/NHdaxYR0jdZIBAQIEMiUgGQIECBAgQIBA7wloXPfeNVcxAQIECBAgQIAAAQIECBAotMDTa5YPW1+SJEHDelgaOwkQIFBMAVURIECAAAECuRLQuM7V5ZIsAQIECBDIjoBMCBAgQIAAAQJZEDjpz/86lcYfHvXu0viKixaGJElKEZvVMbasW1V6z28ECBAgQIBA4wKOJECAAAECnRLQuO6UtHUIECBAgAABAvUC9hAgQIAAAQLjEDhn0VXh8af+/9QMK264tDT+5GmnhNiojlHa4TcCBAgQIECAQPcErEyAAAECDQhoXDeA5BACBAgQIECAAIEsC8iNAAECBHpVYOCeB3q1dHUTIECAAAECBHpQQMkECBRdQOO66FdYfQQIECBAgAABAgQaEXAMAQIECiAQHwdegDKUQIAAAQIECBAgQKB9AmYmkGEBjesMXxypESBAgAABAgQIECCQLwHZEiBAgAABAgQIECBAgAABAsUXUGF7BDSu2+NqVgIECBAgQIAAAQIECBBoTsBZBBoSOP/S6xo6zkEECBAgQIAAAQIECBAgkEmBuqQ0rutI7CBAgAABAgQIECBAgAABAnkXKHb+sWm9bOCbqSKTJDVsaHDkBxekjkuSJiZJzWBAgAABAgQIECBAgAABAs0KaFw3I+ccAgQIECBAgAABAgQIECBAoCsCwzWtYyJb1g3ElzHF8z/7Rer4LetWpcbBiAABAgQIECBAgAABAgQ6JqBx3TFqC9UKGBMgQIAAAQIECBAgQIAAgbEIjNS0fm792JvWcd2hoaH4ItosYHoCBAgQIECAAAECBAg0IqBx3YiSYwhkV0BmBAgQIECAAAECBAgQ6AmBxdcsDbWPB4+FN9u0jucKAjkSkCoBAgQIECBAgACBwgtoXBf+EiuQAIHRBRxBgAABAgQIECBAgECWBa656fZwwy131qWoaV1HYgcBArsV8CYBAgQIECBAgECWBTSus3x15EaAAIE8CciVAAECBAgQIECAQJsErlpyW93M421av+OEM1NzJkmSGhsQIECAwAgCdhMgQIAAAQIE2iSgcd0mWNMSIECAAIFmBJxDgAABAgQIECCQFrjrWw+GwcGdqZ3jbVrHyV56eWt8qcSWdasq2zYIECBAgEC7BcxPgAABAgQI1AtoXNeb2EOAAAECBAjkW0D2BAgQIECAQIEEPn/pdalq+vrcGZ0CMSBAgAABAr0roHICBAgQKJiAxnXBLqhyCBAgQIAAAQKtETALAQIECBDovsDGzS+El7f+KpXI5EmTUuNmBlNnndrMac4hQIAAAQIECBRQQEkECBDIjoDGdXauhUwIECBAgAABAgSKJqAeAgQIEGhaIDat5y28OAwNDVXmmDRpYnhmzfLKuNmN6jnjHK149HicRxAgQIAAAQIECPSogLIJEGiJgMZ1SxhNQoAAAQIECBAgQIBAuwTMS4BAbwosX31viM3rcvV7TJkcfvLQivKw6dcDZs5NnZskHj2eAjEgQIAAAQIECBAg0CUByxLQuPY1QIAAAQIECBAgQIAAgeILqJBA7gR+vGFTKudf/+bVEJvOtTGWx34f+cEFqTnjYMu6VfFFECBAgAABAgQIECBAoAgCua5B4zrXl0/yBAgQIECAAAECBAgQINA5ASt1UmDVN77b0HLxsd/lZvaMY0/b7TnP/fTF1Pv7vWGf1NiAAAECBAgQIECAAAECBLonkJ3GdfcMrEyAAAECBAgQIECAAAECBAh0SqDBdZJk7I/wfnXb9spd2Sef+fnUSsfP+6vUOA6euPdr8UUQIECAAAECBAgQIECAQAYENK4zcBFamYK5CBAgQIAAAQIECBAgQIBAEQQOP/TgkCRjb16Xa3/sh09XmtjxceI/3rC5/FbpddoBby695vU3eRMgQIAAAQIECBAgQKBoAhrXRbui6mmFgDkIECBAgAABAgQIECBAoMsC37z1SyH+/Onn1g+E3cUR7/y9UTONjxOvPWjz8z8PcxZcWLvbuLcEVEuAAAECBAgQIECAQIYENK4zdDGkQqBYAqohQIAAAQIECBAgQIBA+wXuWfalUmM7NrCTpPE7tGMze+1jT1buyo4/Jzvema2Z3f5rZoWiCaiHAAECBAgQIECAQGsENK5b42gWAgQItEfArAQIECBAgAABAgQINCQQG9jlO7TH2sQuLzBcM/vAWaeG3/+jM8qHeCVAgEB7BMxKgAABAgQIECAQNK59ERAgQIBA4QUUSIAAAQIECBAg0FsC1U3s/r7xffSxc2govLz1V6k7s+Pd2RravfU1pVoCBPIhIEsCBAgQIEAg3wLj+9dbvmuXPQECBAgQINC4gCMJECBAgAABArkUGNy5M5X3c+sHSo8WP+qId4Q9p0wOSdL448WrJ9LQrtawTYAAAQIFElAKAQIECBDomoDGddfoLUyAAAECBAj0noCKCRAgQIAAgU4KxDujq9dLkteb1KuXXhmeXrM8lB8vHhva421mx7WGa2gfdNS8cNiJfxHfFgQIECBAgEBPCCiSAAECBJoR0LhuRs05BAgQIECAAAEC3ROwMgECBAgQaEBg9ocX1h0Vm9R1O6t2DNfMjg3tPzzq3WGfvfYMfVWN76rTRt3csXNnePGllyuPG9fIHpXMAQQIECBAgACBEBgQINBzAhrXPXfJFUyAAAECBAgQIEAgBAYECBAousCGTc+nSnzLm/dLjccyWHHDpeE//u3WsHndqtJjxmMzO0azDW2N7LHoO5YAAQIECBAgQGA8As4lkCcBjes8XS25EiBAgAABAgQIECCQJQG5ECCQUYH3/ulZdZl97xtL6/aNd0erGtoa2eO9Es4nQIAAAQIECBAg0FYBk3dIQOO6Q9CWIUCAAAECBAgQIECAAIHhBOwj0HqBzc//PDVpvDs6taPNg+Ea2if/4awwoa+xj2E0stt8gUxPgAABAgQIECBAgEAXBEZfsrF/MY0+jyMIECBAgAABAgQIECBAgACBbglYtyJwwMy5le0sbfw///Xi8OzalZVHjY+nkf3W2R8L7/mTBVkqTy4ECBAgQIAAAQIECBAYt4DGdQOEDiFAgAABAgQIECBAgAABAgSyL3DymZ+vS3Isd1vXndzGHeNpZG/bsSM8/7MXQ2zSx9DIbuOFMjUBAgQIECBAgAABAh0T0LjuGHXPLwSAAAECBAgQIECAAAECBAi0VeCxHz6dmn9Cf39qnOVBgRrZWWaWGwECBAgQIECAAAECGRbQuM7wxZEagXoBewgQIECAAAECBAgQIEBgOIHj5/1V3e5nH7mjbl9edmhk5+VKtStP8xIgQIAAAQIECBDoPQGN69675iomQIAAAQIECBAgQIAAAQKFEpg++2Phxxs2p2p6+4wDU+O8D2ob2XNPfl+YNGFCQ2V5tHhDTA4qooCaCBAgQIAAAQIEciWgcZ2ryyVZAgQIZEdAJgQIECBAgAABAgSyIBB/xvP2HTvqUlmz8p/q9hVpxw2XXxB+8vC/hOfWD5RiPI3sg4+bH2Z/eGGReNRCgEALBUxFgAABAgQIEOiUgMZ1p6StQ4AAAQIE6gXsIUCAAAECBHIocMQHPhliszRG3M5hCYVI+YSPf7Z0HYYrJjZzh9tf5H3jaWT/+tVXw4ZNz5c849e1RnaRv1LURoBAlwQsS4AAAQIECDQgoHHdAJJDCBAgQIAAgSwLyI0AAQIECHRW4IX/+YvKgtXblZ02OiLwwx//pG6diRMmlO4+rnujB3e0upHdg4RKJkCAAIHMCUiIAAECBIouoHFd9CusPgIECBAgQIBAIwKOIUCAAAECORKIdwXXpvvOt781bHz4X2p3G/9WYLyN7GheDo8V/y2qFwIECBAgkEcBORMgQCDDAhrXGb44UiNAgAABAgQIEMiXgGwJECBAoP0CJ5/5+bpF4qPB77v9y3X77RhZoLqRfebcD4QZ094SkiQZ+YSqd6ofKz511qlBI7sKxyYBAgQIECDQEwKKJECgPQIa1+1xNSsBAgQIECBAgAABAs0JOIsAAQIjCsxZcGF47IdPp96fPGliamwwdoGrLzk3PPz1G8OWdatKj1ovN7IbmWloaChUN7IPff+ZqjaT3AAAEABJREFUjZzmGAIECBAgQIAAAQIECNQJaFzXkdhBgAABAgQIECBAgACBvAvIn0DxBGLTeu1jT9YVtuGhFXX77BifQLmRHe9kjxEb2XtMntzQpL98ZWsoP1J82tHzwh/PP6+h8xxEgAABAgQIECBAgEAzAsU6R+O6WNdTNQQIECBAgAABAgQIECDQKgHzZEbgnSd8IgzXtI5N1cwkWeBEYiP7mQeXl+7GjuaNNrIHB3eGJ360odTI1sQu8BeI0ggQIECAAAECBAi0SKBrjesW5W8aAgQIECBAgAABAgQIECBAIMMC40ntPR/8T6Wm5y9efqVumthArdtpR0cEmmlkVzexp86a607sjlwpixAgQIAAAQIECBDIl4DGdb6uV222xgQIECBQYIGL/8tNpQ9qy49aHO31sBP/osAaSiNAgAABAgR6SeCcRVeV/h70/E//57Bl92DTeliHrOysbmSf84mPhH333iskycjZDQ2Fyp3YsYl96PvPHPlg7xAgQIAAAQIECBAg0DMCGtc9c6kVOrKAdwgQIJBNgZtuu2tMib340sulD3gPPOrU8NUVd4/pXAcTIECAAAECBLIi8J4/WRAG7nlgxHQ0rUekycQbiz+3IDx1/7KwZd1AaLSJXf1zsafOnBumzjo1TJ/9sXDUh84Ojzz6RAvrMhUBAgQIECBAgAABAlkW0LjO8tWRG4E8CciVAIGWCyRJ0tScO3cOhYuuuFHzuim97p4Uv+EgxoLzLw/Hzzu3FPEOpBjTZ3+09CHugbs+yD3o6I+GRuOtx3ws/P4fnRHeccKZDcURJy8If/bJC8O8hRfvNs5b/OWwcfML3QWzOgECBAgUTiA+Yeb5n704bF2xYR1j2DftzKRAbRP7sENmhP7+3X8UNbSrkqGhobB9x46wccsL4Yp/WrZrj/8yJSAZAgQIECBAgAABAm0S2P2/Ftq0qGkJECBAYHgBewlUC3zmLz4SkmT3zeskSUJ/3/B/nF+keR2y9uuam24PMWJzeMaxp5XukI93FcUP6WPEaxbj7vseDj/esKkU8Q6kGNt3DIb4Ie7OXR/k7hgcDI3Gtu07wstbfxVeenlrQ/HCz18M67//ZHhw3eO7jeWr7w0xsmYsHwIECBDIp8D5l15X+nNxuOxjszrGcO/Zlx+B2MT+zvJrw6ZHVoZ4PePd2KM1sWN1g7v+3hNfBYGiCaiHAAECBAgQIECgXmD4T7rrj7OHAAECBAjkRaAweX7hvE+GLetWlT7Yix/uDRfx/U1rX/vw78LPnBH2mDIpVf/ia5amxgadEYjN6RjVDerYmL7y+ltDjNgcfnXb9lIy8a6i0kYOf5t+4P45zFrKBAgQIJBFgWUD36xL6y1v3q/096C6N+wohEBsZFc3sePPxZ4wob/099mJu17LRb5t+tTyplcCBAjUChgTIECAAAECBRPQuC7YBVUOAQIECPSuwOc+9fHwf/71gtBXdQf2b17dVnqk9LFzPxPG9ljn3nUcrfL4zQAx/nj+eSE+wnva0fNCjKmz5pbuFBupQT3avLt7P0mSED/AjR/ovumN+4TpU/dvOA5527Rw3MzDG44PnjA7XHD26aPGtYs/G+bPOXF3aXuPAAECBAg0JHDgUafWHTf35PeF733DN+DVwRR0R2xiP3X/svDsw3eEZ9bcHq66+NxKpfHvMZWBDQIECBBog4ApCRAgQIBAdgQ0rrNzLWRCgAABAgTGLfDJ004J7/mDt6fmiY+UfmbjlnDSGZ/TvA6j/4qPKo1x8HHzSz9TOjaiq+OGW+4MMZ740YYQH+E9OLgzxBga7tbpUZbr60vC5EkTQ2xIv33GtHDKrqbxFRctDLV318c76zfu+iA3fqD7g29/Lay9a0nD8cAd14WVSy5rOL569aJwwcJdjetRQtN6lIvrbQIECBBoSCD+mbtz51Dq2Pjn4A2XX5DaZ9BbArFZHb9JLoa/c/TWtVctAQIEcisgcQIECBBoiUBfS2YxCQECBAgQIJAZgSWX/0045r3vCntMmZzKKf6MYz+TOEVSGpyz6KpQ3ZiOjyqN8etXXy39TOnSQeP8rdygnn3kYamm9Oa1q8KGh1aE2JBes/K6sHRX0zh+88E4lyvc6QoiQIAAgWIKxCeYxD9zq6ubMe0t1UPbPSoQfxxJbFjH6FECZRMgQIAAgZ4UUDQBAgQ0rn0NECBAgACBggnED/oGvvLF8Mya5eHrN18e4qOfyyXG98rbvfZ62jmXpBrU5Wb1wD0PtIQiSULo7+8L8WczjtSgvnPX9Qh+EeiOgFUJECCQKYHYtI5PMKlOKkmS8PDXb6zeZZsAAQIECBAgQIAAgbEJOJpArgU0rnN9+SRPgAABAgR2L3D0kYeFS88/K8THLMbotbtWqpvV3137/d1j7ebdJElKj/M+7JAZIcY5n/hI6s7p+EjTLesGwqZHVpZ+NqMG9W4wvUUg1wKSJ0CgFQLDNa3jvPFHY8RXQYAAAQIECBAgQIAAge4KWL1bAhrX3ZK3LgECBAgQ6JBAvMs6NqxjdGjJri0zZ8GFqbuqm2lWx0eUxkZ0dcQP0uPjvL+z/NoQY/HnFnStRgsTIEAg9wIK6HmBG5d9vc4g/rlbt9MOAgQIECBAgAABAgQIEMivQBOZa1w3geYUAgQIECBAIFsC5cd+r33syaYSix+Wl8MjSpsidBIBAgQIdFggr8udfu7iMDQ0lEo//hmc2mFAgAABAgQIECBAgAABAj0poHFdf9ntIUCAAAECBHIkEJvWjaS7z1571j3eO35QHqOR8x1DgAABAgQINC9w17ceDFNnnRru+/dHU5N0+c/hVC4GBAgQIECAAAECBAgQINBdAY3r7voXeHWlESBAgACBzggkSTLiQn941Lsrzer/+LdbRzzOGwQIECBAgEDrBTZufiF8+m//IbzrpP89fPrCf6i703rypImtX9SMXRCwJAECBAgQIECAAAECBFojoHHdGkezEGiPgFkJECBAYFSBLetWhSRJSrHnlMmVRnW8g2vFDZeOer4DCBAgQIAAgfYILF99b1j97QfDz198KaQfDh7CHlMmhQ0PrWjPwmYlkEcBORMgQIAAAQIECBAgEDSufREQIFB4AQUSIFB8gdi8jvH0muXFL1aFBAgQIEAgxwJ9fX2lbzJ7Zs3tOa5C6gQIZFVAXgQIECBAgAABAvkW0LjO9/WTPQECBDolYB0CBAgQIECAAAECYxK4YOHpYeWSy8L8OSeGdx16cDjmve8Km9euHNMcDiZAgACBjgtYkAABAgQIECDQNQGN667RW5gAAQIEek9AxQQIECBAgACB3hI4bubh4drFnw3f/udrwsBXvthbxauWAAECBHpYQOkECBAgQIBAMwIa182oOYcAAQIECBDonoCVCRAgQIAAAQIECBAgQIAAgeILqJAAAQIEek5A47rnLrmCCRAgQIAAAQIhMCBAgAABAgTGLvDeU84KB8ycW4q4PfYZnEGAAAECBAgQ6KyA1QgQIJAnAY3rPF0tuRIgQIAAAQIECGRJQC4ECBAg0GMCm1/4eaXi6u3KThsECBAgQIAAAQJFFFATAQIdEtC47hC0ZQgQIECAAAECBAgQGE7APgIECBAgQIAAAQIECBAgQKD4AiokMLqAxvXoRo4gQIAAAQIECBAgQIBAtgVkR4AAAQIECBAgQIAAAQIECBRfoOAValwX/AIrjwABAgQIECBAgAABAgQaE3AUAQIECBAgQIAAAQIECBAg0D2BTjWuu1ehlQkQIECAAAECBAgQIECAAIFOCViHAAECBAgQIECAAAECBAg0JaBx3RRbt06yLgECBAgQIECAAAECBAgQIFB8ARUSIECAAAECBAgQIECg9wQ0rnvvmquYAAECBAgQIECAAAECBAgQIFB8ARUSIECAAAECBAgQIJArAY3rXF0uyRLIjoBMCBAgQIAAAQIECBAgQIAAgeILqJAAAQIECBAgQIBApwQ0rjslbR0CBAjUC9hDgAABAgQIECBAgAABAgQIFF9AhQQIECBAgAABAg0IaFw3gOQQAgQIEMiygNwIECBAgAABAgQIECBAgACB4guokAABAgQIECi6gMZ10a+w+ggQIECAQCMCjiFAgAABAgQIECBAgAABAgSKL6BCAgQIECCQYQGN6wxfHKkRIECAAAEC+RIYa7YHzJwbYhz5wQVjPdXxBAgQIECAAAECBAgQIECAQJcELEuAAAEC7RHQuG6Pq1kJECBAgAABArsViA3r8gHP/+wX5U2vITAgQIAAAQIECBAgQIAAAQIEii+gQgIECNQJaFzXkdhBgAABAgQIEGivQO0d1kNDQ+1d0Ow9KKBkAgQIECBAgAABAgQIECBAoPgCKiRQLAGN62JdT9UQIECAAAECORB47qcvprI84Hf3S40NCBDIiIA0CBAgQIAAAQIECBAgQIAAgeILqDAzAhrXmbkUEiFAgAABAq8LfPAv/6b0s4/j46Tj9uvv2CqiwKP/39IilqUmAgQIlAT8RoAAAQIECBAgQIAAAQIECBRfoBUValy3QtEcBAgQIECgxQKP/o//qMxYvV3ZaSO3ArWPCU+SJLe1SJwAAQIEOiZgoR4Q2Lj5hXDVjbeF8xZ/OcTtHihZiQQIECBAgAABAgQIEEgJaFyHlIcBAQIECBAgQKCtArWPCd+yblVb1zM5AQIECBAg8JrAX/71ZZUn2sSn2jQTr830+u+7m2PqzLlh6qxT6+LAXfumHf3RcFBNHPORc8JVS24Ly1ffW4rXV7FFgAABAgQIECBAgACB3hDQuO6N69z+Kq1AgAABAgQIjCow888+NeoxDiBAgAABAgTGL/CXf31Z+L33zU81qu/57rrxTzyGGYZ2HTs0NBRqY+eufYODg2FHTQzu3LnrjNf+m37g/q9tZPF3OREgQIAAAQIECBAgQKBNAhrXbYI1LYFmBJxDgAABAsUW2PTcz1IFPrd+IDU2IECAAAECBJoTiI3q6rufY5P6V79+tbnJunzWIW87KMyfc2KXs7B8uwXMT4AAAQIECBAgQIBAvYDGdb2JPQQI5FtA9gQKKRA/jC1kYYoiQIAAAQIECIxTIDasY6N6nNOEJAm7IqmLvr4k9Pf3lSLU/Jo8aWIYKfaYMinsu/dedfGmN+4Tpk/dvy4Oedu0cMbcD4QH7vjHmlUMCRAYQcBuAgQIECBAgACBggloXBfsgiqHAAECrREwS7cF/rfjZ6ZSuHfNf0uNDfInED9Ur8562gFvrh7aJkCAAAECBJoQqP3zdXdT7PeGfUJ82slIsWXdQNiyblVdbF67Kmx6ZGUpauff8NCKMFI8s+b28NT9y+riB9/+Wlh715K6eOCO68KXLjm3dgljAgQItFnA9AQIECBAgACB7AhoXGfnWsiEAAECBIomMI56ln35ktTZO3buTI0N8i+w/v+9Kf9FqIAAAQIECHRR4PfeN3/E1ffcY3JYu3pJqlH9xL1fG/F4bztYloUAABAASURBVBAgQIAAgXEJOJkAAQIECBBoiYDGdUsYTUKAAAECBFovMKEv/cd0rz4uvPWynZ9x5p99qvOLWpEAAQIECBRc4Fe/fjVV4RHv/L1Ko/rpB5aH6Qfun3rfgAABAgQIEMi2gOwIECBAgED6E3EeBAgQIECAQGYEnl27MpVLK352Y2pCg44JbHruZ6m14iNKUzvaP7ACAQIECBAonECSJKma7ln2pdTYgAABAgQIECDQgwJKJkCAQK4FNK5zffkkT4AAAQIECBAg0DkBKxEgQIBAlgS2rFsVkiQphW8Ky9KVkQsBAgQIECBAIO8C8idAoFsCGtfdkrcuAQIECBAgQIAAgV4UUDMBAgRaKBCb1zFaOKWpCBAgQIAAAQIECBBohYA5CDQhoHHdBJpTCBAgQIAAAQKNCsz+8MLUof19/vqVAjEgQKApAScRIECAAAECBAgQIECAAAECxRfotQp9ctprV1y9BAgQIJBrgfMvvS7X+fdi8s9u+Wmq7E1rV6bGBgQIECDQNQELEyBAgAABAgQIECBAgAABAhkSaFPjOkMVSoUAAQIECORY4My5H0hlv2zgm6mxQfYFBnfuzH6SMiRAgAABAk0LOJEAAQIECBAgQIAAAQIECLRGQOO6NY7tmcWsBAgQINDzAldfcm7PGwAgQIAAAQIECBReQIEECBAgQIAAAQIECBAgEDSufREUXkCBBAgQyLtAkrxeQfX263ttESBAgAABAgQIECBAgAABAgQIECBAgACBfAtoXOf7+smeQKcErEOAAAECTQgcP++vUme9fcaBqbEBAQIECBAgQIAAgYwJSIcAAQIECBAgQIBA1wQ0rrtGb2ECBHpPQMUECPSawI83bE6VvGblP6XGBgQIECBAgAABAgQIFFFATQQIECBAgAABAs0IaFw3o+YcAgQIEOieQE+u/PqzwoeGehJA0QQIECBAgAABAgQIECDQawLqJUCAAAECBHpOQOO65y65ggkQIEAgbwK/+6Y3tjxlE7ZfYLjHhD/y6BNhya2rw7yzLw7vOOHMcMTJC8J5i78cNm5+of0JWYEAAQIECBAgQIAAAQIEek5AwQQIECBAIE8CGtd5ulpyJUCAAIGeFDh4+gGpuq+56fbU2KBrArtduPYx4XH84bMWhS9cfXN4cP3j4aWXt4YXfv5iWL763lLsdjJvEiBAgAABAgQIECBAgAABAt0SsC4BAgQIdEhA47pD0JYhQIAAAQLNCtx58+WpU+976L+nxgbNC3x1xd0hxoLzLw8xjp93bjj0/WeWYvrsj4YYU2edGg7cFQcd/dHQaBwwc+6Ykpp+4P5jOr5YB6uGAAEC+Rbo7/fP6nxfweazf/2HuTQ/hzMJECBAgAABAr0joFICBAiMLuBf2KMbOYIAAQIECGRK4JmNz2UqnywmE+9KjxEfxT3j2NNCjNhMnrqroRxfy3HRFTeGGHff93CI8eMNm8IvX9laiu07BkOMoaGhsHNX7BgcDI3GaCYT+vvDwdOnhuNmHh6uXfzZMH/OiaOd4n0CuxfwLgECBAh0RECzuiPMFiFAgAABAgQIEBhJwH4CBRfQuC74BVYeAQIECBRP4Gcv/qJ4RY2xotiUjlHbmC43pK+8/tYQIz6K+9Vt20OMuMRQ/K0LUW5S/935Z4Xn1g+EZx+5Izw0cH1YueQyTesuXA9LEhhJwH4CzQjstccezZzmHAIECBAgQIAAAQIECBDokoBlsyugcZ3dayMzAgQIECBQEZg8aWJle+fOodLjrSs7Crqx+Jql4Y/nnxemHT2vFOWmdHyNTekYtY3pVlEkSRKSJAkTJ/SHfffeK7zpjfuE6VP3bzhq8yg3qc8+Y07tW8YECBAomkDP1TPtgDf3XM0KJkCAAAECBAgQIECAAIGeF2gLQF9bZjUpAQIECBAg0FKB//z5/5Sa7+//8ZbUOK+D3TWnb7jlzvDEjzaEwcGdpRhvjbH5v8eUSaVG9NtnTAunnDC7FFdctLB0F3S8E7ocW9atCjE2PnxHeOr+ZeEH3/5aWHvXkoZjvLk6nwABAgSyKxD/7Gp/dlbIk8DGzS+Eq268LZy3+Mshbucpd7kSIECAAAECBAgQIEAgSwK917jOkr5cCBAgQIBAgwKfPO2U0t2/5cN/+crWXN51HT/sj3dQx7umY7SyOR0b0zH2/539wuwjD6trRm94aEV4Zs3tpUb0mpXXhaVXLypFtC27tuM1SZJ2TGtOAgQIEMiIwPuPOTIjmUijTqBDO+YtvDhcteS2sHz1vaXo0LKWIUCAAAECBAgQIECAQOEENK4Ld0k7U5BVCBAgQKDzAie9b1Zq0a/8812pcR4Gtw58q+m7p2P/t7+/L+yuMR2b04/dszTcefPlXeM44eOfTa09ob8/NTYgQIAAgXwL3P/vj6YKWPy5BamxQe8IDO0qNX4jXvVd1tMP3H/X3mL9pxoCBAgQIECAAAECBAh0SkDjulPS1iFQL2APAQIExiQQ7xCuPuHpn2yuHhZiu9yc3nfvvcJhh8xI3TW9Zd1A2PTIytDtxvRo0D/ekL4uGx/+l9FO8T4BAgQI5Ehg03M/y1G2Uh2vQO3TYmKzeqQ599pzSpg/58SR3ra/twVUT4AAAQIECBAgQIBAAwIa1w0gOYQAgSwLyI1AbwnEhm654qGhodw9LvyMuSeFWEO8czq+jtScfur+ZeE7y68tl5qr1x2Dg7nKV7IECBAgMDaBrb/+9dhOcHTmBK7/2p0h3indSMQfazI4uLOhGt79zrc3dJyDCBBoVsB5BAgQIECAAAECRRfQuC76FVYfAQIEGhFwTG4EYkO3OtkvXP1/Vw8zvx0fpxpriHdOx9e8Nqd3Bx2/oWB373uPAAECBAgQ6K7Af/6vS1uWQJIkpW/KO+a97woDX/liy+Y1EQECBNomYGICBAgQIECAQIYFNK4zfHGkRoAAAQL5EuhUtpMmTuzUUtYhQIAAAQIEagR27mzs7tua0wwzJJAkyZiziU+LmTwp/XewOMuWdatC/GY8TesxkzqBAAECuRaQPAECBAgQINAeAY3r9rialQABAgQItE1g0qQJlbmrtys7870hewIECBAgkGmBoaHX00uS2Lp8fWwrHwJ/+bEPhr5Rrl2SJCFJXotn1iwP8WkxGx5aEZJ8lChLAgQIECCQBwE5EiBAgACBOgGN6zoSOwgQIECAQLYFJvb3VxLctm172Lj5hcrYRncFTj7z86kEjnjn76XGnRtYiQABAgQ6ITBp4uvfTNaJ9azRGoErL1oYNq9bFZ5bPzBixDupy7HHlMmtWdgsBAgQIECAAIGWC5iQAAECxRLQuC7W9VQNAQIECPSAwGG//7ZKldu27wjLV99bGdvorsBjP3w6lcA9y76UGhvkTEC6BAgQIECAAAECBAgQIECAQPEFVEiAQGYENK4zcykkQoAAAQIEGhNYueSycOJx723sYEcRIECgywKWJ1BkgSP/4JAil6c2AgQIECBAgAABAgQINCzgQAKtENC4boWiOQgQIECAQIcFbv2/vhBiA/vaxZ8NFyw8vcOrW244AY8JH07FPgIEWiRgmowIXHPT7RnJRBoECBAgQIAAAQIECBAgUECBni9J47rnvwQAECBAgEBeBY6beXiYP+fEvKZfuLw9Jrxwl1RBBAgUTmD8Bd330H9PTXLnzZenxgYECBAgQIAAAQIECBAgQIBA8wKtaVw3v74zCRAgQIAAAQIECBAgQIBALgSe2fhcLvJsa5ImJ0CAAAECBAgQIECAAAECbRLQuG4TbDPTOocAAQIECBDIp4DHhOfzusmaAAECYxV46eVXxnqK4wkMK2AnAQIECBAgQIAAAQIECNQLaFzXm9iTbwHZEyBAgACBjgt4THjHyS1IgAABAgS6I5BULVu9XbXbZscELESAAAECBAgQIECAQMEENK4LdkGVQ6A1AmYhQIAAAQIECBAgQKBWYPuOHbW7jHtMIAlJpeKkaruy0waB3AlImAABAgQIECBAgEB2BDSus3MtZEKAQNEE1EOAAAECBAgQIFAogaGh18uZPGni6wNbBAgQINDbAqonQIAAAQIECBBoiYDGdUsYTUKAAAEC7RIwL4GsC8xZcGEqxT2nTE6NDQgQIECgOAJDVZ3ryZMmFacwlRAgUCewcfMLoRwPrn88xFi++t4Q46obbwvlOG/xl0OMeQsvDjHidt1kdhAg0JCAgwgQIECAAAECGte+BggQIECAQPEFVNhGgbWPPZma/ek1y1NjAwIECBAohsBXV9ydKuT4WYenxgYECGRP4JFHnwgxlty6Onz+0uvCvLN3NZd/G8fO/Ux4xwlnhiNOXhCOmnN2KQ6YOTeUo7wvvpbPi03pGFct2dW4/m3ERnaMB9c9HmLE7djUzp6GjAgQ6BEBZRIgQIAAgVwLaFzn+vJJngABAgQIEOicgJUIECBAICsC79zVbCo3l2Yce1pH0vr7f7wltc7SqxelxgYECLRXIDagY+yuCR0b0Qcd/dFK8/nDZy0KMb5w9c3h1oFvhnjXdDme2bglvPTy1vDCz1+s3FndqgqmH7h/q6YyDwECBAh0RcCiBAgQINAtAY3rbslblwABAgQIECDQiwJqJkCAQAsEfrGr2VSe5tVt28ubXncJ/MknLqg07eL2rl3+I5AZgbu+9WCIsejKJSHG3E//HyHGUR86O8Q45I/+PMSIzee3HvOxEF/L36QSG9AxdteEjo3oHYODba03NqXLcdysw0OM+XNODDEuOPv0cO3iz5a225qEyQkQIECAQB4E5EiAAIEmBDSum0BzCgECBAgQIECAAIFuClibAIHOC7y89VeVRffde6/KdtY2vvfEjyopVW9XdtogME6Bu8bQfI6N56lVj9/+1IX/EGIsvf1fQ4x//2//I8TYuOWFEOOVrb8OMWLzedv2HSG+jjPd1OkT+vtDjDfss1c4ePrUcNzMw8MHT5gdyg3n2HReueSyUI61q5eEGM+tHwjliONyrLxx17G7Ip4X44KFp2tap8QNCBAgQIAAgfEKOJ9ArwloXPfaFVcvAQIECBAg0DKBOQsuTM2155TJqbEBAQKZFpAcgTEJDA0Njel4BxPIqsBXV9wdYiw4//IQ4/h554YYh77/zFCO6bM/GqbOOrUUB8bXJpvPsfHcjv9zYvO5HNVN6NiIjnHG3A+Evzv/rFJ8/ebLK03nZx+5I8R48r5l4aGB60sN6q9evShc8NuGc7xrOp5fjvKd1Vm9lvIiQIAAAQIECBBoSMBBORLQuM7RxZIqAQIECBAgkC2BtY89mUro6TXLU2MDAgQIFF+gNyqMTb7qSo+fdXj10DaBjgnEr8UYseEcIzacY5QbzvG1uukcm8/lR22XXy+64sYQ4+77Hg4xfrxhU4jxy1e2hnJs3zEY4jdrxNg5NBTa0XwuoyW7NmKUG9F777VHmD51/3DI26aV7ogergkdm8/leLKqCV2+U/pLl5wbzj5chQJhAAAQAElEQVRjTimOPvKwXSv4jwABAgQIECBAgACB8Ql05myN6844W4UAAQIECBAgQIAAAQIEcirw9/94SyrzpVcvSo3HPTBBzwhcc9PtIcZHzloUYhxx8oIQY8axp4UYBx51aogRm8zVj9iO4xix4RwjNpxjxIZzjHLDOb5WN51j47kTuLHxHKO2+Rwb0DGOee+7woKP/2kpbrryb0OM8qO3t6wfCDHKjegf/ds/h7V3LQkP3HFd6Y5oTehOXEFrECBAgAABAgQIEMiGQOEb19lglgUBAgQIECBAgAABAgQIECDQToFOzx3vRB6t+RybzdVx5fW3hhgPP/pEiPHCz18MMV7dtj3E2LlzKMSItbTzLuc4/3CRJElIkiRMnNBfin333iu86Y37lO6Abqb5HBvQMQa+8sVw+YVnl+JDJx0XYgy3vn0ECBAgQIAAAQIECPS2QF9vl6/6BgUcRoAAAQIECNQInHbOJak9f3jUu1NjAwIECBAojsC27dsrxUyaOLGybaN4AouvWRpiTDt6XohR3XSO27FZXV31aM3n6mPbvZ0kSV3TOTaeY7x9xrQQ45QTZocYV1y0sPJzn8t3PsfXLetWhS3rVoWND99RiqfuXxZ+8O2vle6A1nxu9xU0PwECBAgQIECAAAECGte+Bgh0TMBCBAgQIFAkge+u/X6qnBU3XJoaGxAgQIBAcQQmTOivFDNp0oTKto38CsTm9B/PP6/UnK5uUN9wy50hxuDgzhCjGxX29SVh8qSJYY8pk8J4m86x8RxjzcrrQoz4mPsYnzztlG6U1kNrKpUAAQIECBAgQIAAgWYE+po5yTkECBDomoCFCRAgQIAAAQIECBAg0KBAdYN66qy5Id41HSM2p5/40YZSc7odDepy8zk2oGPs/zv7hdlHHlaKCz9zRogR73AeLjavXRU2PLQiPLPm9qDp3OCFdlgxBVRFgAABAgQIECDQcwIa1z13yRVMgACBEBgQIDA+AY8JH5+fswkQIECgfQJJzdQbN79Qs6d4w9icjnHo+88s3UE9UoN6qIkfGp3sAu3v7yvdAR2bz9V6SZIM+7jt2IwuN59jAzrGY/csDXfefHkpPvepj4cY1XPZJkCAQLsEzEuAAAECBAgQyJOAxnWerpZcCRAgQCBLAnLpYQGPCe/hi690AgQI5Exgya2rc5bxyOmef+l1YfaHF4aps04tRbxzOka8ezrGL1/ZWrqDupkGdWxOxzjskBmpZvSWdQNh0yMrS3dAx+Zz365mdTnDpLzhlQABAgSKLqA+AgQIECBAoEMCGtcdgrYMAQIECBAgMJyAfQQIECBAgEArBWpvKn5o/eOtnL7tc8XmdIyDj5ufak7HBvWygW+GDZueD0O7OtMxmkkmNqdj1DaoY3M6xneWX9vMtM4hQIAAAQIERhVwAAECBAgQGF1A43p0I0cQIECAAAECBCoCmXxMeCU7GwQIECDQywLzzr64rvwj/uCQun1Z2BGb08PdPR2b0zF+/eqrpQZ1M7nGm6Jjc3rfvfcKGtTNCDqHAAECBAgQyKyAxAgQIFBwAY3rgl9g5REgQIAAAQKtFfCY8NZ6Zmk2uRAgQCDPAu844czw4DB3V3/pknO7XtY5i64K8Y7p6ojN6fHePR0LS5Kk1Jw+5xMfqTziu/x476fuXxbcQR2VBAECBAgQIECAQLWAbQIEsiugcZ3dayMzAgQIECBAgAABAnkTkC8BAh0WeOTRJ0JsWr/08ta6lft2NXXrdnZgR22jeuCeB8a1apIkYY/Jk8OMaW+pNKefWz9Q2t6yblWpOb34cwvGtYaTCRAgQIAAAQIECBAYk4CDCbRFQOO6LawmJUCAAAEC2RO46sbbwnmLvxw2bn4he8nlJKO//OvLUplO6PNXqRSIAQECLRIwTdYEJvb3V1Kq3q7s7NLGkltXhw+ftSgM17QupZSUfm/7b61oVCdJEpIkGbE5/cyDy8PDX7+x7bVYgAABAgQIECBAgAABAp0TsFKtgE9ba0WMCRAgQIBAAQVi0/qqJbeF5avvDfFD7gKW2JGS1j72ZGqdZ9euTI0NCBAgQCBDAi1M5Y1v2KcyW/V2ZWcXNuadfXH4wtU3p1Z+wz57hQlVTfa+pD3/5B9vozreOR2jfNd0fI13TsfQnE5dUgMCBAgQIECAAAECBAj0lEBT/4rtKSHFEiBAgACBnAvc9a0Hw/W3DFSqeGiYn39ZedPGbgVefOnl3b7vTQIECBAg0AmB+Gjw2p9nffD0qeHJ+5a1ZPn4hJHDTvyLcNBR88IBM+eG2hjro7/f8ub9So/1jg3qGLE5HaMlyZqEAAECBAgQIECAAAECBAojoHHdvUtpZQIECBAg0FaBr664O7z1mNPCpy78h7D1V7+prLXpuZ9Wtm0QIECAAAEC+RGI34w247iP1z0a/Iy5HwgPDVw/5kJOO+eSuqZ0bFLf8911IX6z1o6dO8c8ZzyhtlH9vW8sjbuLEUnyeh3V26/vHW7LPgIECBAgQIAAAQIECBBoQEDjugEkh2RZQG4ECBAgMJzAoe8/M1x0xY1h2/btdW+/45AZdfvsIECAAAECBLItsOjKJaVvRnv11W2VRONjwf/u/LPCly45t7JvtI05Cy6sNKu/u/b7ox3e0PuFblTXCPT1vd64rt6uOcywLQImJUCAAAECBAgQIECg6AIa10W/wuoj0IiAYwgQKIzAgvMvL30Y/ctXttbVFD9mnT51/zDwlS/WvWfH6ALxsanVR+1X9fNOq/fbJkCAAAECrRY45I/+PCy9/V9T0+4xZXJ49pE7wtlnzEntT6oaq3F78/M/K/3dIN5JHWPtY0+mjm9m0EuN6lqf+Pep8r7q7fI+rwQyLyBBAgQIECBAgAABAhkW0LjO8MWRGgEC+RKQLYFuCnx1xd0h3mV9930P16Wx7957lX6u5Jb1A2HtXUvq3rejMYH42NTqI5+492vVQ9sECBAgUGCBvfaYUqmueruys00b8dHgU2fODa9s/XVqhfiNaM+sWZ7aVx5MmjihvBni9nv/9FOV8WgbE/r6QvzGrBjxZ1GPFIV69PdoKN4nQIDAMAJ2ESBAgAABAgQItEdA47o9rmYlQIAAgeYEnNWEQGxYx8eC195lnSRJuOKiheGp+5c1MatTCBAgQIAAgbLAB0+YXd4M1duVnW3YOOpDZ5ceDT5UNXe8w3fBx/90t9+Its/ee1bOiNtJEs+q7KrbqG5OP7t2ZYjfmBWj7kA7CBAgQIBAawXMRoAAAQIECBCoE9C4riOxgwABAgQI5EPgmptuD1NnnRpqG9YhhBDvst6yblX45Gmn5KMYWRIgQIAAgQwLXLDw9LByyWXh2sWfDXG7nanGu6wPOvqjYeOWF1LLTOjvD/HpKZdfeHZqf+3goVXXh5PeNyu85w8OCXF71rsPDUmSbl5XN6trzzcmQIAAAQIE8iQgVwIECBAgUCwBjetiXU/VECBAgEAPCMSG9YxjTwtXXn9rGBqqvg8rhIkT+kuPBXeXdQu+EKqmOGfRVVWjEOae/L7U2IAAAQIEii9w3MzDw/w5J7a10EVXLindZb1jcDC1Tnw0+LOP3JHaN9JgjymTwy3XXhy+8bWrQtxevfTKEL+ZTbN6JDH7CRAgQIAAgZ4XAECAAAECmRHoy0wmEiFAgAABAgRGFSg3rF/dtr3u2FNOmB02PtzYh9p1J9uxW4GBex5IvX/D5RekxgYjC3iHAAECBBoTiI8GX3r7v6YOjvdJj/Zo8NQJBgQIECBAgAABAgS6JGBZAgQItEJA47oViuYgQIAAAQJtFvjIWYvCATPnhuEa1pMnTSzdZb306kVtzsL0BAh0ScCyBAgUWOCrK+4OBx41LzT7aPAC0yiNAAECBAgQIECAQK8JqJdAzwtoXPf8lwAAAgQIEMiqwOJrloZpR88rNawffvSJujT7+pJSw3rDQyvq3rOjdQIeE946SzMR6K6A1QlkT+DQ958ZLrrixrBz585Ucse8912h0UeDp040IECAAAECBAgQIECAQM8LAMizgMZ1nq+e3AkQIECgkAKfvui/lJrVN9xyZxgcTH+QXS549pGHhc1rV5WHXtso4DHhbcQ1NQEC+ROQcUsE4l3W8Ukqv3xla918N135t2HgK1+s228HAQIECBAgQIAAAQIECBDomECXFtK47hK8ZQkQIECAQK1AuWG9+ptrat+qjMuPBb/z5ssr+2wQIECAAAEC+RCIDet4l3W8y7o243333qv0JJUPnXRc7VvGBAgQIECAAAECBAgQIECgJwSK1rjuiYumSAIECBAolkB8FHW862p3Dev+/r7Sh9keC97da58kSXcTsDoBAgQI5FZgwfmXlx4LPtxd1ldctDA8df+y3NbWpcQtS4AAAQIECBAgQIAAAQIFE9C4LtgFbU05ZiFAgACBTgm8508WhNpHUZfXTpKk1Kx+bv1A2PTIyvJurx0UOP/S61KrvfXA/VNjAwIECBAgMJpAvMt66qxTw933PVx3aPku60+edkrde3YQ6IyAVQgQIECAAAECBAgQIJAdAY3r7FwLmRRNQD0ECBAYRSDeZf38z16sOypJXmtYb1m3qu49O7or8L6jjuhuAlYnQIAAgVwJlB8LPjQ0lMo7SV77s95d1ikWAwL5FZA5AQIECBAgQIAAAQItEdC4bgmjSQgQaJeAeQkUSWDdYz8MsVldjuFqi3dXa1gPJ9OdfSvv/rfUwldfcm5qbECAAAECBIYTuOam20O8y3q4x4KfcsLs4M/64dTsI0Cg1wXUT4AAAQIECBAgQEDj2tcAAQIEii+gwowIfGjBRSNm8pY371d6LPiIB3ijKwK/2batK+talAABAgTyK3DEyQvCldffGmrvsi4/Fnzp1YvyW5zMCRAgQCDrAvIjQIAAAQIECORaQOM615dP8gQIECDQOYHxr9SXJMNOMvfk94XvfWPpsO/Z2V2B2qZDd7OxOgECBAhkWSDeZR2fqvLCz+t/DEi8y9pjwbN89eRGgAABAgSqBWwTIECAAAEC3RLQuO6WvHUJECBAoOcE/vwjJ4UJfek/euOjwW+4/ILeschRpdOOnpfKNkmG/8aD1EEGBAgQINCTAh85a1HpLuva4idPmlh6ooq7rGtljAkQIECAAIHCCyiQAAECBAg0IZD+9LyJCZxCgAABAgQINCYQfz7ys2tXlj7Ajg3rGI2d6ahOCyy+ZmkYHNyZWjZLP480lZgBAQIECHRVYMaxp4WHH32iLofZRx4WNjy0om6/HQQIECBAgAABAgQaFXAcAQIEek1A47rXrrh6CRAgQIAAgVEFvvLPq1PHHHbIjNTYoBACiiBAgMC4BMqPBn912/bUPH19Semb1O68+fLUfgMCBAgQIECAAAECBLoiYFECBHIkoHGdo4slVQIECBAgQKAzAjt3DlUWSpIkfGf5tZWxDQIEqgVsE+hNgXiX9ZXX31pXfLzLevPaVXX77SBAgAABv8+uawAAEABJREFUAgQIECBAgEC+BWRPoDMCGtedcbYKAQIECBAgkCOBXb3qSrbV25WdNggQINBKAXPlRiD+KIkDZs4NtXdZxwLijwBxl3WUEAQIECBAgAABAgQIECAwrICdowpoXI9K5AACBAgQIEAgrwLnLLoqxAbDWKP6juu4Pdbz23H81F2NkqmzTg2djgN3rTnt6I+Gg3IUbz3mY+H3/+iM8I4TzizFsXM/E2pj3tkXh9r4/KXXhdpYcuvqMFw88ugToTby+v+JvAkURaDddRz6/jPDDbfcWbfM5EkTS48Gr3vDDgIECBAgQIAAAQIECBAgQGBMAo00rsc0oYMJECBAgAABAt0WKDeOB+55oNuptGz9+PDyoaGh0OnYuWvNwcHBsCNHsW37jvDy1l+Fl17eWopnNm4JtfHg+sdDbdw68M1QG1+4+uYwXHz4rEWhNspfd9WvIzX8Y1P9qDlnh0//7T+E8xZ/uRRX3XhbWL763lKUc9u4+YUQo2VfSCYiQGDMAuW7rH/5yta6c+OjwTc8tKJuf453SJ0AAQIECBAgQIAAAQIECHRNQOO6Y/QWIkCAAAECBDohEJuGnVjHGgQaERip4R+b6rEhvfrbD5Ya1bFhfdWS20oN7NjILt8NHpvbMeLXdXwtx7yFF1eOjcdrejdyNRxDYOwCfzz/vGHvsu7v7yvdZe3R4GM37Y0zVEmAAAECBAgQIECAAAECzQhoXDej5pzuCViZAAECBAiMIjBpwoQRj0iSJCTJ6FE7QWxQNBoTJvSH+NjYVsceUyaFfffeq+PxpjfuE6ZP3T9XccjbpoWDp08dNt6wz16hNib094faCBn8FRvd5Xhw3eOVhvdYm96xyR3nyWCJUiKQKYFpR88LT/xoQ11Ohx0yI2x6ZGXdfjsIEGixgOkIECBAgAABAgQIEOg5AY3rnrvkCiYQAgMCBAgUWeAnD/9LmDRhQine8ub9SnfEPbd+oPS6Zd2qMFqc/+n5KZ7jZh5ealDEJkUj8ezDd4T42NhWxzNrbg9P3b+s4/GDb38trL1rSa7igTuuCw8NXD9sPHnfslAbzz5yR6iN8tdM9evXb748DBd/d/5ZoTbOmPuBMFzEr6dyzD7ysDB/zonhuFmHV2L6gfunvv5aNYiN6nLEO7tjs7tVc5uHQNEEyo8GHxzcmSotSULpz5LvLL82td+AAAECWRaQGwECBAgQIECAAIE8CfTlKVm5EiBAIEMCUiFAIMMCsXkd43vfWDquLA9520Fh5ZLLxjWHk4sjcPSuRvNwcfYZc0JtfOmSc8NwEb+eyhEfMXzt4s+GlTdeVom1q5eUGmOxYR63Y5SPj8fGuODs00sN7/E0vdvVIC/O1VZJrwrEu6xvuOXOuvLjXdZb1g3U7beDAAECBHpCQJEECBAgQIAAAQIdEtC47hC0ZQgQIEBgOAH7CGRP4IKFp5ea1bFB+MAd/5i9BGXUMwKxuRyjfId2bFTHiF+j8eszRjNN73henKdnIBVKoAGB8y+9Lhwwc26ovcs6nhq/kcRd1lFCRIHBnVV34sfb8ONOQYAAAQINCDiEAAECBAgQIDC6gMb16EaOIECAAAEC2RaQXcsFYqNQY6/lrCbsoEBseMeIX8sx4tdzjNj0jq8dTMVSBDIvMHXWqWHZwDfr8uzv7wuxaV33hh09LdCXvP4xyv6/s19PWyieAAECBLogYEkCBAgQIFBwgdf/xVXwQpVHgAABAgQIENidgPcIECBAoLcEyndZDw0N1RUeHw2+6ZGVdfvtIFAt0OeO62oO2wQIECBAIDcCEiVAgACB7ApoXGf32siMAAECBAgQIJA3AfkSIEAgFwIj3WWdJEnpLmuPBs/FZexKkoODg11Z16IECBAgQIAAgYwJSIcAAQJtEdC4bgurSQkQIECAAAECBAg0K+A8AgTaJXDOoqvCATPnhuHusp4x7S1hy7pV7VravAUUmDb1dwtYlZIIECBAgAABAgQ6J2AlAgRqBTSua0WMCRAgQIAAAQIECBDIv4AKCNQIxIb1wD0P1OwNIUleu8v64a/fGPwiMJpA/YPlRzvD+wQIECBAgAABAgQItFXA5IUS0Lgu1OVUDAECBAgQIECAAAECBFonkJeZ5iy4cMRUTzrjc6W7rIc7wF3Ww6nY16jAYYfMaPRQxxEgQIAAAQIECBAgQCDTAllJTuM6K1dCHgQIECBAgAABAgQIECDQkECSJKnj1j72ZKhtXpcb1o8/+Uzq2PLgufUDoUN3WZeX9Jpzgbu+9WDOK5A+AQIECBAgQIAAAQIEsi2Q88Z1tnFlR4AAAQIECBAgQIAAAQKtF/jU/D+rmzQ2r+PjwMsxUsP6LW/eL8Smdd0EdmRcQHoECBAgQIAAAQIECBAgUHQBjeuiX+FG6nMMAQIECBAgQIAAAQIEciRw6d98KpzziY+MOePYsP7eN5aO+TwnEBhO4PiZhw+3O9v7ZEeAAAECBAgQIECAAIEMC2hcZ/jiSC1fArIlQIAAAQIECBAgQKBzAos/t6Dh5nVsWMfoXHZWKqLAmvWPp8r60EnHpcYGvSOgUgIECBAgQIAAAQIE2iOgcd0eV7MSINCcgLMIECBAgAABAgQINCxQbl739w3/T9vYrI7R8IQOJECAAIFOCViHAAECBAgQIECAQJ3A8P+6rzvMDgIECBDIj4BMCRAgQIAAAQK9IxCb15vWrgyxQV0bvaOg0k4IPPGjDZ1YxhoECBAYg4BDCRAgQIAAAQLFEtC4Ltb1VA0BAgQItErAPAQIECBAgAABAgRGEEhG2G83AQIECORQQMoECBAgQIBAZgQ0rjNzKSRCgAABAgSKJ6AiAgQIECBAgEBRBDZt+WlRSlEHAQIECBBouYAJCRAgQIBAKwQ0rluhaA4CBAgQIECAQPsEzEyAAAECBAgQIECAAAECBAgUX0CFBAgQ6HkBjeue/xIAQIAAAQIECBDoBQE1EiBAgACB1gn09/e3bjIzESBAgAABAgQItFDAVAQI5FlA4zrPV0/uBAgQIECAAAECBDopYC0CBAj0sMCLv3y5h6tXOgECBAgQIECAQE8JKJZAlwQ0rrsEb1kCBAgQIECAAAECBHpTQNUECORfYMqUSfkvQgUECBAgQIAAAQIECLRVwORjF9C4HruZMwgQIECAAAECBAgQIECguwJWJ9Bxgd/8ZlvH17QgAQIECBAgQIAAAQIEeklgmMZ1L5WvVgIECBAgQIAAAQIECBAg0KsC6m5WYL9992n2VOcRIECAAAECBAgQIECAwAgCGtcjwIx7twkIECBAgAABAgQIECBAgACB4guokAABAgQIECBAgAABAgRaIqBx3RJGk7RLwLwECBAgQIAAAQIECBAgQCALAoODg1lIo7A5KIwAAQIECBAgQIAAAQIa174GCBRfQIUECBAgQIAAAQIECBAgME6Boarzp0393aqRTQKZEZAIAQIECBAgQIAAgVwLaFzn+vJJngCBzglYiQABAgQIECBAgAABAgQIECi+gAoJECBAgAABAgS6JaBx3S156xIgQKAXBdRMgAABAgQIECBAoAAChx0yowBVKIEAAQJtFDA1AQIECBAgQKAJAY3rJtCcQoAAAQIEuilgbQIECBAgQIAAgc4K3PWtBzu7oNUIECBAgEAIAQIBAgQIEOg1AY3rXrvi6iVAgAABAgSigCBAgAABAgQINC1w/MzDmz7XiQQIECBAgEBHBSxGgAABAjkS0LjO0cWSKgECBAgQIEAgWwKyIUCAAAECBAgQIECAAAECBIovoEICBAh0RkDjujPOViFAgAABAgQIECAwvIC9BAgQIJB5gTXrH0/l+KGTjkuNDQgQIECAAAECBAiMKuAAAgRGFdC4HpXIAQQIECBAgAABAgQIZF1AfgQIECBAgAABAgQIECBAgEDxBVRYbAGN62JfX9URIECAAAECBAgQIECgUQHHESAwgsATP9pQeSepbNkgQIAAAQIECBAgQIBALgUym7TGdWYvjcQIECBAgAABAgQIECBAIH8CMiZAgAABAgQIECBAgAABAgSaEchX47qZCp1DgAABAgQIECBAgAABAgQI5EsgY9lu2vLTjGUkHQIECBAgQIAAAQIECBRPQOO6eNd01IocQIAAAQIECBAgQIAAAQIECDQn0N/f39yJXTjLkgQIECBAgAABAgQIEMiTgMZ1nq6WXLMkIBcCBAgQIECAAAECBAgQIECg+AIqJECAAAECBAgQIECgQwIa1x2CtgwBAsMJ2EeAAAECBAgQIECAAIHsC7z4y5crSU6ZMqmybYMAgUYFHEeAAAECBAgQIEBgdAGN69GNHEGAAIFsC8iOAAECBAgQIECAAIG2Cuwx+fVm9USPCm+rtckJENiNgLcIECBAgAABAgUX0Lgu+AVWHgECBAg0JuAoAgQIECBAgAABAiMJ7L3XnpW33viGfSrbNggQIEAgfwIyJkCAAAECBLIroHGd3WsjMwIECBAgkDcB+RIgQIAAAQIECBAgQIAAAQLFF1AhAQIECBBoi4DGdVtYTUqAAAECBAgQaFbAeQQIECBAgAABAgQIECBAgEDxBVRIgAABArUCGte1IsYECBAgQIAAAQL5F1ABAQIECBAgQIAAAQIECBAgUHwBFRIgUCgBjetCXU7FECBAgAABAgQIEGidgJkIECBAgAABAgQIECBAgACB4guokEBWBDSus3Il5EGAAAECBAgQIECAQBEF1ESAAAECBAgQIECAAAECBAgUX0CFLRDQuG4BoikIECBAgAABAgQIECBAoJ0C5iZAgAABAgQIECBAgAABAgSKLtAXil6h+ggQIECAAAECBAgQIECAAIEQGBAgQIAAAQIECBAgQIAAgQwLuOO6RRfHNAQIECBAgAABAgQIECBAgEDxBVRIgAABAgQIECBAgAABAu0R0Lhuj6tZmxNwFgECBAgQIECAAAECBAgQIFB8ARUSIECAAAECBAgQIECgTkDjuo7EDgJ5F5A/AQIECBAgQIAAAQIECBAgUHwBFRIgQIAAAQIECBAoloDGdbGup2oIEGiVgHkIECBAgAABAgQIECBAgACB4guokAABAgQIECBAIDMCGteZuRQSIUCAQPEEVESAAAECBAgQIECAAAECBAgUX0CFBAgQIECAAIFWCGhct0LRHAQIECBAoH0CZiZAgAABAgQIECBAgAABAgSKL6BCAgQIECDQ8wIa1z3/JQCAAAECBAj0goAaCRAgQIAAAQIECBAgQIAAgeILqJAAAQIE8iygcZ3nqyd3AgQIECBAgEAnBaxFgAABAgQIECBAgAABAgQIFF9AhQQIEOiSgMZ1l+AtS4AAAQIECBAg0JsCqiZAgAABAgQIECBAgAABAgSKL6BCAgTGLqBxPXYzZxAgQIAAAQIECBAg0F0BqxMgQIAAAQIECBAgQIAAAQLFF1BhjwloXPfYBVcuAQIECBAgQIAAAQIEXhPwOwECBAgQIECAAIHuhQkAAAipSURBVAECBAgQIFB8gfxUqHGdn2slUwIECBAgQIAAAQIECBDImoB8CBAgQIAAAQIECBAgQIAAgZYIZLpx3ZIKTUKAAAECBAgQIECAAAECBAhkWkByBAgQIECAAAECBAgQIEBA47r4XwMqJECAAAECBAgQIECAAAECBIovoEICBAgQIECAAAECBAjkWkDjOteXT/KdE7ASAQIECBAgQIAAAQIECBAgUHwBFRIgQIAAAQIECBAg0C0BjetuyVuXQC8KqJkAAQIECBAgQIAAAQIECBAovoAKCRAgQIAAAQIECDQhoHHdBJpTCBAg0E0BaxMgQIAAAQIECBAgQIAAAQLFF1AhAQIECBAgQKDXBDSue+2Kq5cAAQIEooAgQIAAAQIECBAgQIAAAQIEii+gQgIECBAgQCBHAhrXObpYUiVAgAABAtkSkA0BAgQIECBAgAABAgQIECBQfAEVEiBAgACBzghoXHfG2SoECBAgQIAAgeEF7CVAgAABAgQIECBAgAABAgSKL6BCAgQIEBhVQON6VCIHECBAgAABAgQIZF1AfgQIECBAgAABAgQIECBAgEDxBVRIgECxBTSui319VUeAAAECBAgQIECgUQHHESBAgAABAgQIECBAgAABAsUXUCGBzApoXGf20kiMAAECBAgQIECAAIH8CciYAAECBAgQIECAAAECBAgQKL6ACtshoHHdDlVzEiBAgAABAgQIECBAgEDzAs4kQIAAAQIECBAgQIAAAQIEii9QU6HGdQ2IIQECBAgQIECAAAECBAgQKIKAGlonsNceUyqTVW9XdtogQIAAAQIECBAgQIAAgXELaFw3R+gsAgQIECBAgAABAgQIECBAoPgCpQrf9Y6DS6/xt+rtOBYECBAgQIAAAQIECBAg0BoBjevWOJqlKQEnESBAgAABAgQIECBAgAABAsUXUCEBAgQIECBAgAABAgRGF9C4Ht3IEQSyLSA7AgQIECBAgAABAgQIECBAoPgCKiRAgAABAgQIECBQcAGN64JfYOURINCYgKMIECBAgAABAgQIECBAgACB4guokAABAgQIECBAILsCGtfZvTYyI0CAQN4E5EuAAAECBAgQIECAAAECBAgUX0CFBAgQIECAAIG2CGhct4XVpAQIECBAoFkB5xEgQIAAAQIECBAgQIAAAQLFF1AhAQIECBAgUCugcV0rYkyAAAECBAjkX0AFBAgQIECAAAECBAgQIECAQPEFVEiAAAEChRLQuC7U5VQMAQIECBAgQKB1AmYiQIAAAQIECBAgQIAAAQIEii+gQgIECGRFQOM6K1dCHgQIECBAgAABAkUUUBMBAgQIECBAgAABAgQIECBQfAEVEiDQAgGN6xYgmoIAAQIECBAgQIAAgXYKmJsAAQIECBAgQIAAAQIECBAovoAKe11A47rXvwLUT4AAAQIECBAgQIBAbwiokgABAgQIECBAgAABAgQIECi+QI4r1LjO8cWTOgECBAgQIECAAAECBAh0VsBqBAgQIECAAAECBAgQIECAQHsEstS4bk+FZiVAgAABAgQIECBAgAABAgSyJCAXAgQIECBAgAABAgQIECBQJ6BxXUeS9x3yJ0CAAAECBAgQIECAAAECBIovoEICBAgQIECAAAECBAgUS0DjuljXUzWtEjAPAQIECBAgQIAAAQIECBAgUHwBFRIgQIAAAQIECBAgkBkBjevMXAqJECiegIoIECBAgAABAgQIECBAgACB4guokAABAgQIECBAgEArBDSuW6FoDgIECLRPwMwECBAgQIAAAQIECBAgQIBA8QVUSIAAAQIECBDoeQGN657/EgBAgACBXhBQIwECBAgQIECAAAECBAgQIFB8ARUSIECAAAECeRbQuM7z1ZM7AQIECBDopIC1CBAgQIAAAQIECBAgQIAAgeILqJAAAQIECHRJQOO6S/CWJUCAAAECBHpTQNUECBAgQIAAAQIECBAgQIBA8QVUSIAAAQJjF9C4HruZMwgQIECAAAECBLorYHUCBAgQIECAAAECBAgQIECg+AIqJECgxwQ0rnvsgiuXAAECBAgQIECAwGsCfidAgAABAgQIECBAgAABAgSKL6BCAvkR0LjOz7WSKQECBAgQIECAAAECWROQDwECBAgQIECAAAECBAgQIFB8ARV2REDjuiPMFiFAgAABAgQIECBAgACBkQTsJ0CAAAECBAgQIECAAAECBIovMFqFGtejCXmfAAECBAgQIECAAAECBAhkX0CGBAgQIECAAAECBAgQIEAg1wIa1w1dPgcRIECAAAECBAgQIECAAAECxRdQIQECBAgQIECAAAECBAh0S0DjulvyvbiumgkQIECAAAECBAgQIECAAIHiC6iQAAECBAgQIECAAAECTQhoXDeB5hQC3RSwNgECBAgQIECAAAECBAgQIFB8ARUSIECAAAECBAgQ6DUBjeteu+LqJUAgCggCBAgQIECAAAECBAgQIECg+AIqJECAAAECBAgQyJGAxnWOLpZUCRAgkC0B2RAgQIAAAQIECBAgQIAAAQLFF1AhAQIECBAgQKAzAhrXnXG2CgECBAgQGF7AXgIECBAgQIAAAQIECBAgQKD4AiokQIAAAQIERhXQuB6VyAEECBAgQIBA1gXkR4AAAQIECBAgQIAAAQIECBRfQIUECBAgUGwBjetiX1/VESBAgAABAgQaFXAcAQIECBAgMILA9Kn7V96p3q7stEGAAAECBAgQyI+ATAkQIJBZAY3rzF4aiREgQIAAAQIECORPQMYECBAgUESBCxaeHlYuuSxcu/izIW4XsUY1ESBAgAABAgQIjEXAsQQItENA47odquYkQIAAAQIECBAgQKB5AWcSIEAggwLHzTw8zJ9zYgYzkxIBAgQIECBAgACBnApIm0CNgMZ1DYghAQIECBAgQIAAAQIEiiCgBgIECBAgQIAAAQIECBAgQKD4AkWq8H8BAAD//zcJyI4AAAAGSURBVAMA0MFgnnIR+2QAAAAASUVORK5CYII=','2026-03-17 11:00:06','2026-03-17 11:00:06','2026-03-17 11:00:06'),(3,4,7,'别bwo开麦','data:image/png;base64,iVBORw0KGgoAAAANSUhEUgAAB64AAAEsCAYAAABzOJ0KAAAQAElEQVR4AezdC5hcVZko7LW7G8JVxQsSLqLCIIyjhyOBKIiiIxxxRAMYQFCH/CJkxufgBX8hjsyTc2R+wAMycA4jRHjCjIJcJiSIMzjBOxcNCXMUdLgoMCEk4aKCQAKBdPrPqlCd2rWru6u767L3rpfHndpr7b3X+ta7q6vb+mqt6hvyHwECBAgQIECAAAECBAgQIFB2AeMjQIAAAQIECBAgQIAAAQK5FugL/muBgCYIECBAgAABAgQIECBAgACB8gsYIQECBAgQIECAAAECBAi0S0Diul2y2h2/gCsIECBAgAABAgQIECBAgACB8gsYIQECBAgQIECAAAECBBoISFw3QFFFoMgCYidAgAABAgQIECBAgAABAgTKL2CEBAgQIECAAAECBMomIHFdtjtqPAQItEJAGwQIECBAgAABAgQIECBAgED5BYyQAAECBAgQIEAgRwIS1zm6GUIhQIBAuQSMhgABAgQIECBAgAABAgQIECi/gBESIECAAAECBFojIHHdGketECBAgACB9gholQABAgQIECBAgAABAgQIECi/gBESIECAAAECQeLak4AAAQIECBAovYABEiBAgAABAgQIECBAgAABAuUXMEICBAgQKLaAxHWx75/oCRAgQIAAAQKdEtAPAQIECBAgQIAAAQIECBAgUH4BIyRAgEDXBCSuu0avYwIECBAgQIAAgd4TMGICBAgQIECAAAECBAgQIECg/AJGSIDARAQkriei5hoCBAgQIECAAAECBLonoGcCBAgQIECAAAECBAgQIECg/AJG2HMCEtc9d8sNmAABAgQIECBAgAABAiEwIECAAAECBAgQIECAAAECBMovUKQRSlwX6W6JlQABAgQIECBAgAABAgTyJCAWAgQIECBAgAABAgQIECBAoEUCOU5ct2iEmiFAgAABAgQIECBAgAABAgRyLCA0AgQIECBAgAABAgQIECAQgsR12Z8FxkeAAAECBAgQIECAAAECBAiUX8AICRAgQIAAAQIECBAgUHABieuC30Dhd0ZALwQIECBAgAABAgQIECBAgED5BYyQAAECBAgQIECAAIHuCUhcd89ezwR6TcB4CRAgQIAAAQIECBAgQIAAgfILGCEBAgQIECBAgACBCQlIXE+IzUUECBDoloB+CRAgQIAAAQIECBAgQIAAgfILGCEBAgQIECBAoPcEJK57754bMQECBAgQIECAAAECBAgQIECAAAECBMovYIQECBAgQIBAoQQkrgt1uwRLgAABAgTyIyASAgQIECBAgAABAgQIECBAoPwCRkiAAAECBDolIHHdKWn9ECBAgAABAgSyAmoIECBAgAABAgQIECBAgACB8gsYIQECBAg0ISBx3QSSUwgQIECAAAECBPIsIDYCBAgQIECAAAECBAgQIECg/AJGSIBA2QUkrst+h42PAAECBAgQIECAQDMCziFAgAABAgQIECBAgAABAgTKL2CEBHIsIHGd45sjNAIECBAgQIAAAQIEiiUgWgIECBAgQIAAAQIECBAgQKD8AkbYHgGJ6/a4apUAAQIECBAgQIAAAQIEJibgKgIECBAgQIAAAQIECBAgQKD8ApkRSlxnSFQQIECAAAECBAgQIECAAIGiC4ifAAECBAgQIECAAAECBAgUS0DieiL3yzUECBAgQIAAAQIECBAgQIBA+QWMsOMCu00/Ouy034zKFvc7HoAOCRAgQIAAAQIECBDomoDEddfodUyAAAECBAgQIECAAAECBAgQKL/AeEb44vrB4dNr94cr7RAgQIAAAQIECBAgUFoBievS3loD6xEBwyRAgAABAgQIECBAgAABAgTKL2CEBAgQIECAAAECBEovIHFd+ltsgAQIjC3gDAIECBAgQIAAAQIECBAgQKD8AkZIgAABAgQIECCQZwGJ6zzfHbERIECgSAJiJUCAAAECBAgQIECAAAECBMovYIQECBAgQIAAgTYJSFy3CVazBAgQIEBgIgKuIUCAAAECBAgQIECAAAECBMovYIQECBAgQIBAVkDiOmuihgABAgQIECi2gOgJECBAgAABAgQIECBAgACB8gsYIQECBAiUTEDiumQ31HAIECBAgAABAq0R0AoBAgQIECBAgAABAgQIECBQfgEjJECAQH4EJK7zcy9EQoAAAQIECBAgUDYB4yFAgAABAgQIECBAgAABAgTKL2CEBAi0REDiuiWMGiFAgAABAgQIECBAoF0C2iVAgAABAgQIECBAgAABAgTKL2CEBCSuPQcIECBAgAABAgQIECBQfgEjJECAAAECBAgQIECAAAECBMovUOgRSlwX+vYJngABAgQIECBAgAABAgQ6J6AnAgQIECBAgAABAgQIECBAoF0C+Ulct2uE2iVAgAABAgQIECBAgAABAgTyIyASAgQIECBAgAABAgQIECDQQEDiugFKkavEToAAAQIECBAgQIAAAQIECJRfwAgJECBAgAABAgQIECBQNgGJ67LdUeNphYA2CBAgQIAAAQIECBAgQIAAgfILGCEBAgQIECBAgAABAjkSkLjO0c0QCoFyCRgNAQIECBAgQIAAAQIECBCYuECSJBO/2JUdFNAVAQIECBAgQIAAgdYISFy3xlErBAgQaI+AVgkQINAhgZ33PyrstN+Myhb3O9StbggQIECAAAECwwJvOOjY4X07BHpOwIAJECBAgAABAgSCxLUnAQECBAiUXsAACRAYW2DDhg3DJ9XuD1faIUCAAAECBAi0WeD5dS+keli9bGGqrECAAIGxBBwnQIAAAQIEii0gcV3s+yd6AgQIECDQKQH9ECBAgAABAgQIECBAgAABAuUXMEICBAgQINA1AYnrrtHrmAABAgQIEOg9ASMmQIAAAQIECBAYSWBoaGikQ+oJECBAgEDBBIRLgAABAhMRkLieiJprCBAgQIAAAQIEuiegZwIECBAgQIAAAQIECBAgQKD8AkZIgEDPCUhc99wtN2ACBAgQIECAAAECITAgQIAAAQIECBAgQIAAAQIEyi9ghASKJCBxXaS7JVYCBAgQIECAAAECBPIkIBYCBAgQIECAAAECBAgQIECg/AJG2CEBiesOQeuGAAECBAgQINCLAm859MSw034zKttu04/uRQJjJkBgTAEnECBAIIQ3vvO4FEOSJKmyAgECBAgQIECAAAECRRcYO36J67GNnEGAAAECBAgQIDAOgd3fMbOSqI4J6yf+8NTwlS+uHxzet0OAAAECLRbQHIGCCzz3/LrUCFYvW5gqKxAgQIAAAQIECBAgUH4Biesm7rFTCBAgQIAAAQIEmhOYOu3IsO6FF5s72VkECBAgQCBnAsLpnsDQ0FD3OtczAQIECBAgQIAAAQK5EJC4zsVt6IkgDJIAAQIECBAosUBc3jPOsPamc4lvsqERIECAAIHmBJxFgAABAgQIECBAgACBCQlIXE+IzUUEuiWgXwIECBAgkD+BmLBe+9zzowaWJEl49M5Fo57jIAECBAgQIECAQFXAIwECBAgQIECAAIHeE5C47r17bsQECBAgQIDASwLTP3RKiEnX6nbQUX/90hEPzQjsefBHK34jnRsT1dXN91SOpKSeAAECBAgQINBdgerfwoccc2p3A2lH79okQIAAAQIECBAolIDEdaFul2AJECCQHwGRECi6wH5/cVJYvvKx1DAeWL4qVVYYWWDqtCPDs2ufa3hCNVnd8KBKAgQIECBAgECdQPzKkdqqJElqi/bbKBCT1tXm733g4equRwIpAQUCBAgQIECAQKcEJK47Ja0fAgQIECCQFVDTBYGYsI5v0K189Hdd6L0cXUa/oaGhzGCSxHLgGRQVBAgQIECAwJgCzz2/LnWOlVpSHB0t7P6OmR3tT2cEekjAUAkQIECAAIEmBCSum0ByCgECBAgQINB6gVWP/a6yzHRMgsYtzuCdWC/NXbXv+2dV+pOwbs6r0Vl7vfv4imGjY3GWtTeZG8moI0CAAAECBMYSaPSBuLGucbw1Aq98xfaphta98GKqrECAAIF8CYiGAAECBMouIHFd9jtsfAQIECBAIKcCb/vASanI4huWMYHdru3RJ55M9adQJzBGce/3nBCefnZt5qwkMcs6g6KCAAECBAgQIFAQgf/4wTczkZp1nSFRQYAAgXIJGA0BAgRyLCBxneObIzQCBAgQIFBmgSTp/ncXxlnCZTZu1dhi0vqpp9dkmttum62DWdZpFiUCBMojcMcv7gnzrroxHHXyl8ObDjkhvPWwWeGoU74cPjP3orBi1ePlGaiRECDQ8wJmXff8UwAAAQIECExAwCUECLRHQOK6Pa5aJUCAAAECBMYQ6O/vC0nSneR1TFjHbYwQHd4o8Kd//vHQKGkd/X57y7c3nuF/BFouoEECXRGIieqYpI5bTFR/6JNzwt+ef3m4/c5fhT8+syY8/vsnw+3LfhWuufGHla0rQeqUAAECbRAw67oNqJokQIAAAQIEmhFwDoGMQF+mRgUBAgQIECBAoAMCjyxZUJmtGxOgcRsY6G97Ijv2E7cODK8UXUyddmT4w1PPZMbCMEOigkAOBYTUjMCMT/1N2Oc9HwvxaypiojomqeMWE9WjXb/bzjuOdtgxAgQIFE7ArOvC3TIBEyBAgAABAgReEijXg8R1ue6n0RAgQIAAgcIK1CeyY3K01VthcboQeEziDA0NZXqO9yRTqYIAAQIFEvju928P+3/w5Eqy+uf//uvw5NPPjhz9xiMD/f3h5dtvGw7c78/CF04+Llw499Rw7BHv3XjE/wgQaIdAknRnRZ52jKVIbZp1XaS7JVYCBAgQIECAQHkFupa4Li+pkREgQIAAAQIEyikgaV3O+2pUBHpBoJqsnrrfjHDS6V8NK1Y/PuKwY6I6JqnjFl/3HrljQbjvx1eG6+edFb5wynGS1iPKjXzAEQIEiiFg1nUx7pMoCRAgQIAAAQJlFpC4LvbdFT0BAgQIECBAoO0CSZKEmLxpe0c6IECAwDgFrrjuplDdZp12djjoqE+Hvd59wvC22/SjQ/zag2qyOruORAhxbuduU3cM//O0T1Ze62KiOiap4xb8RyA/AqWNZM+DP1rasRVtYI1mXR9yzKlFG4Z4CRAgQIAAAQIECiwgcV3gmyf0VglohwABAgQI9LbAvu+fNSJAkiRh9bKFIx53gAABAu0UuOCya8OHPzkn7P6OmZUtfo1BnDUdH+N2xjmXhup204+XhAeWrwxPP7tmeHtx/WBo9LUH1WT1Zed+May+c1FY+t154eTjj2jnULRNgECLBc679OrwmbkXhRWrRl5BIdulmrEEXvPKl6dOue/BFamyAgECBAgQIECAAIF2Ckhct1NX2wR6ScBYCRAgQKArAv+44HshJm/idtDRnx53DLsecHR49IknG14XZ1lLWjekUUmAQAsFGiWn42ta3M79+lVhyS/uCeteeLGyxW4bzZqO9c1sMWH99re9eThZ/cH3HdjMZc4hQKCDAttuvdWYvcWklI1gaAAAEABJREFU9Xnzrg7X3PjDyjbmBU5oWuDum/8xdW6jD/+E1BkKBAgQIECAAAECBFonIHHdOkstESBAYNICGiBAgMB4BU7//y4ZvuSB/1w5vD/WzvQPnVJJeK8fHGx4akxaNzygkgABApMQmHvB/LDLAUdVXn9iYjpujZLTk+hi+NIkScIWA/3hZdttG+L3tsbXtTi7etE3/m74HDsECHRfYM1zz6eC+O0t306VGxVWrH58uLp2f7jSzqQEkiR+zGdzE2848NjNBXstE9AQAQIECBAgQIBAVqAvW6WGAAECBAgUWkDwBJoW+C//beQlsptupIAnxqT18pWPFTByIRMgUDSB+kT1Jd+6IQwObpjwMPr6kjBlyy0qyeg9dt8lHH7I9Mp2zhmnhJiYrt3iihErliwI9//kytDoe1snHIQLCRDIlcDatenEd66CK2gwX5yd/t7x59atK+hIhN0DAoZIgAABAgQIlEygr2TjMRwCBAgQIECgJQK90chjv0svkT3jsHeWfuBxdqOkdelvswES6JpAKxLV1eT0jq/aIUzfd59UQnrV0oVh+c+uqySjb7v+4jD//DmV7cSZh3dtzDomQKDzAr++76HhTh9asXp4305rBD530jGZhg474fOZOhUECJRFwDgIECBAgEB+BCSu83MvREKAAAECBAh0WeCSs7/Q2ghy1Fpc4jEmrRuFFGcoNqpXR4AAgVqB075ycYhbXLUhvqZMnXZkiFt8balu45lR3d/fF0ZLTt+1eH644fKza0OwT4BACQWGhobGPara5cX/+MyacV/vgrEFBgb6UyfdXfNhgdQBBQIECBDYJOBfAgQIEGiJgMR1Sxg1QoAAAQIECBRNICZdamM+YcahtcVC7H/3+7ePGWecHRMTSiMt8ViEpPWYg3QCAQItFZg957wQXzfqtysX3RziFldtiK8pMdkUt2Y7j4nqffbcfXgG9co7rg+S083qOY8AgVqBp/74zHDx2TVrh/fttE7gkSULUo2N5/U+daECAQIECBAYh4BTCRAgIHHtOUCAAAECBAj0pEBMutQO/PwzP11bLMT+p07/airOvfd4Xaock9Z33ftgqq5aGOjvrySPqmWPpRcwQAKjCtQmqxctvnXUc5s92ChR/aNrLmz2cucRIEBgRIEXBweHj9XuD1faaYvAngd/tC3tapQAAQIECBBoqYDGCBRaQOK60LdP8AQIECBAgEAvC9QvrPnjay8a5hgtaR1nWT9yR3oWzfCFdggQGEWgXIc+8dmzhmdWTzZZnSRJ6OtLQv2Maonq4D8CBNosMLSh/i+iNnfYQ83vstOrU6N9du1zqbICAQIECBAgQKC8AkbWLQGJ627J65cAAQIECBDIjcB222wTzrv06vCZuReFFasez01cowXy+gOPTR1OkmS4fMSs00OjmdYxYR234RPtECDQswJxGfDFtyxravxbT5kSdt/ltZUtfq1CfB2p31YvWxhWLV0YmkpUN9WrkwgQIDCywAsvrB8++ML6zfvDlXZaInDnv1yWaWevdx+fqVNBgAABAgQIECBAoKHABColrieA5hICBAgQIECg2AJ7vfuE1AB2eMV24bx5V4drbvxhZUsdzGnh+XXrUpHFpFGsiEnrpXfdF3dTW0wypSoUCBDoWYGYtB5r8PE1o7o9dPs1Ycl3Lq1sRfxahbHGWtTj4ibQSwK1X2cQX8NeePHF4eEPDm4Y3rfTeoH4waXaVp9+dm1t0T4BAgQIECBAgACBlgpIXGc51RAgQIAAAQIlFbjiupsqy+I+/eya1AhrZ1nvtvOOqWN5LEyddmTDsP7kXccHSeuGNCoJEKgRGOhr/H8Dq4nq+Fhzul0CZRYwthwL1CarR/s6g6EhS4W38zbGDy7Vt7+XWdf1JMoECBAgQIAAAQItEmj8jkWLGtdMLwsYOwECBAgQyI/ABZddG3Z/x8xwxjmXjhrUnq/fNRx7xHtHPafbBw874fOh/g3aww6eVknIP7MmOwNGAqrbd0z/BPIn8MjS60NMXsctvkZUt/xFKiICBIoh0Noo44zquI2WrK7tcfttt6kt2m+DgFnXbUDVJAECBAgQIECAQEMBieuGLCoJ5ERAGAQIECAwKYG5F8wPU6fNCOd+/aqw7oXNS0rWN9rX1xcO3O/Pwq0L/k/9oVyV4zLgd937YCamxbcsy9TFipiMio82AgQI1AvE5HXc6uuVCRAg0EmBOKt6Iv0lSRL6+pLwsu22Dff/5MpQiv9yPIhGs65zHK7QCBAgQIAAAQIECiwgcV3gmyd0AgSaE3AWAQK9JxBnWO+8/1Hhkm/dEEZbPTK+2bnn63cJq5ZeH66fd1auoWLSutEy4CMFLWk9kox6AgQIECBAoN0Cn/jsWSFu+7z34yFuu278uyzOoq7fmp1VHeONf9tUt9XLFm78+22hpHWE6dA20N+f6umgo/46Vc5LQRwECBAgQIAAAQLFFpC4Lvb9Ez0BAgQ6JaAfArkX+MCJXwxTpx1ZWTI7zrDesGHDqDG//W1vrrzZeeuCi0c9Lw8Hx5O0rr6h2+m4p3/olLDLxjelq/eg/o1p5RmV52atw9T9ZlSes7tN/0jY/4Mnhzt+cU+nb5v+CBAgQIDAuAVmzj4z/Mm7js/8Xqv9HRdXg4nbk398JsRt/Rh/lzUK4rWv3iFU/66Jj43OUdc5gdNOPjbV2YMPr06VFUolYDAECBAgQIAAga4JSFx3jV7HBAgQINB7AkbcaoE4k6f6Jum/331/GBptenVN51tvNSUs+sbf1dTkd7fZpPVAX1/lzd12jWS/vzgpxG2kxPTylY+FwY1vSjd7D9oVZ5HaHdoYbPR6cf36sGL14+Gcf7hyY43/ESBAgACB7guMlpy+Zend4Zk1a9sWZExSx+2X/za/bX1oePwCnzvpmNRF8W+YVIUCAQJ1AooECBAgQIDARAQkriei5hoCBAgQIECgewIv9RyT1nEmz0vFER/6NiZ0v3DycanjP73uf6fKeS3E2UzNLA9+/IxDwyNLr2/pMOoT1Csf/V2ImzcpW8qcamxwcDBVViBAgAABAhMVWPXY70adEV394N9Ij+1OTk90XK7Ll0D8ezxfEYmGAIHSCRgQAQIECPScgMR1z91yAyZAgAABAsUX+O73bw+jJa37kiR85/KzQ5ytE7+/ereddxwedExi15aHD+RsJ76R3Mxspjh7/Gtnfrrp6Pd9/6zK8tT1ien6BiSo60WaK2986oUkSVJbX18S+vv7hreBgf4wZcstwtZbbRlett02ofpf/ABCdd8jAQIECBCYjMDbPnDSZC6f8LVxBZgdXr59iNthB0+r/C0W/x4bbZtwZy7suMDee7wu1efNt96ZKisQIECAQD4FREWAAIEiCUhcF+luiZUAAQIECBCoCJx0+lcrj7X//Mnrdx1+c3TVsoXhgH33GT587BHvDRfOPbWyfeGU44br87oTk9ZjxZYkSYjf0/3QbddkTn3LoX9ZSU7Hduq3R594srKkeqsS00mShP6+jUnZjdtob0qX9Njwc646vtXLFoXVG59/tduqpQvDyjuuH94eWbIgLP/ZdeGh264NP/j231eel/H5GZ+nwX8ECBAgQKAFAkmStKCVbBN9G9vdftttMr//qr8H4wow9/zwmyFu//T3X842oKbQAj++9qJU/K36ezLVqAIBAgQIEMingKgIEOiQgMR1h6B1Q4AAAQIECLROIEnSb8bGN0tvWfB/Ru0gJgXjNupJXT4Yl1uMieaxwoizdWNi9IH/fKRhgvqJP/yxkpweq53xHI9vVEfn+i3GsXLpxqTsxm087Tl3k0Cc/R+fl3HbVNOL/xozAQIECLRa4J3T/qyy+sdE2o2/80dKTscPB/7mp1dNpFnXlEQgSdJ/h7/1sBNLMjLDIECAAAECBNovoAcCYwtIXI9t5AwCBAgQIEAgZwKnnPChsOUWAyEuRxkTqTkLb0LhxKT1aMuf1za67oUXQ0xwtyNBXe0nutZu8Y3q6jGPBAjkUEBIBAgQqBG47pKvVFYAqf1d3ux+/J0vOV2DaTclcPbpJ6fKj//+qXDYCZ9P1SkQIECAAAECBAi0UaDkTUtcl/wGGx4BAgQIECijwNzPzQoP//yfQ1yOsgzjmz3nvNBs0nqi402SpDLzKkmShst7TrRd1xEgQKBMAsZCgACB8QocevznKx8ojB8qfPfMU8d7eeHOP3Hm4ZmY77r3QcnrjIoKAgQIECBAgACBiQh0KnE9kdhcQ4AAAQIECBAovUBMWi9afGtLx5kk2eR0XNK7urW0M40RIECAAIG0gBKBnhK4+74Hh8d734MPD++XeeecM07JDE/yOkOiggABAgQIECBAYAICEtcTQOveJXomQIAAAQIEyiRw2lcuDpNJWidJNkEdlwGNCeoyORkLAQIECBDoPQEjJpBfgTjrWvI6v/dHZAQIECBAgACBIgtIXBf57ol9YgKuIkCAAAECORCYOu3IcOWim8eMJEkaJ6clqMekcwIBAgQIECDQ6wLG3zaB0ZLXbetUwwQIECBAgAABAqUXkLgu/S02QALtEdAqAQIECExcIH4H4tDQ0JgNSE6PSeQEAgQIECBAgACBGoFdpx89/J3bcb/m0IR3R7pwpOT1tA+ePNIl6gkQIECAAAECBAiMKiBxPSqPgwQIEGirgMYJEOhBgWbfQIxJ6x7kMWQCBAgQIECAAIFJCKxfPzh8de3+cGWLd2Lyev+3vinV6iOrHw8zZ5+ZqlMICAgQIECAAAECBJoQkLhuAskpBAgQIJBnAbERKI7AFdfdFMZ6A3HKllsESevi3FOREiBAgAABAgR6XeDG+edmCG5ZerfkdUZFxeQFtECAAAECBAiUXUDiuux32PgIECBAgEAzAs5pqcB5l14djjrly5Vt/yNODrsfeEzY5YCjwxnnXDpqP2/d+41h+c+uG/UcBwkQIECAAAECBAjkTeCcM07JhCR5nSFRQSAfAqIgQIAAAQI5FpC4zvHNERoBAgQIECBQLIEYbUxanzfv6nD7sl9VthWrHg/r1r0QBgc3L9sYz6vf4izrxVd+rb5amQABAgQIECBAgEDuBeKS4SMlrz/x2bNyH78ACRAgMF4B5xMgQIBAewQkrtvjqlUCBAgQIEBgggLxO6B32m9GqG6xPMGm2n7Zf//bC4fjrMYbk9bj7Tgmrcd7TYnPNzQCBAgQIECAAIECCoyUvF58y7LU38xTN/6tP3XakWGPdx4Xvvv92ws4UiETIECAQIsENEOAAIGMQF+mRgUBAgQIECBAoIsC9d8BXV/uYmiZrq/7lx9l6sZbIWk9XjHnNyfgLAIECBAgQIBA5wVGSl7XRjK0sTA0NBTWPPd8OHnO/wpHnfzljTX+R4AAAQIECExMwFUEyiUgcV2u+2k0BAgQIECAQIEEJK0LdLOE2psCRk2AAAECBAiMW6CZ5HW10Q0bhsLtd/4q7HrA0eEzcy8K8Wt2qhb1fqMAABAASURBVMc8EiBAgAABAgQ6JqCj3AhIXOfmVgiEAAECBAgQ2Hn/o1IISZKEPCd337zXG0KSJKmYRyokSRIuO/eLlfHEMcVtpHPVEyBAoEwCxkKAAAECvSdQTV5vu81WG/9eDqGvLwkDA/1hypZbhK232jJss/VWofa/9YOD4Zobf1jZauvtEyBAgAABAgQIFEegFZH2taIRbRAgQIAAAQIEWiGwYcOGVDOrly1MlfNW+MG3LwgxxpiEHmuL533wfQfmbQjiIUCAAIFiCIiSAAEChROIyesHbrl649/Li8KqpQvDI0sWhOU/uy48dNu14cFbrw7fufzsMNDfnxrXbjvvmCorECBAgAABAgQI9JaAxHXorRtutAQIECBAIK8CuxyQnm2d1zjFRYAAAQIECBRVQNwEWisw94L5qQZ3es2rUmWF0QUO2HefcP28s8LxMw4NB+73Z+HCuaeGY4947+gXOUqAAAECBAgQIFBqAYnrUt/eDg5OVwQIECBAYJICg4Pp2dan/9Xxk2zR5QQIECBAgAABAi0X0OCwwD9e973h/bjzi+9dHh9s4xCIyeuvnfnpSgJb0noccE4lQIAAAQIECJRUQOK6pDfWsIopIGoCBAj0qkCj2dafO+mYXuUwbgIECBAgQIAAgQIIPLdu3YSjdCEBAgQIECBAgAABAlkBieusiRoCBIotIHoCBAooYLZ1MW7aYR8/Ley034zKtt9ffKoYQYuSAAECBAgQINAGganTZqRaTZIkVVboiIBOCBAgQIAAAQIESiYgcV2yG2o4BAgQaI2AVgh0TsBs685ZT7anu/7jgeEmVj76RCWBfcSs04fr7BAgQIAAAQIEekFgj3ceF4aG0iNdvWxhukKJQGEEBEqAAAECBAgQyI+AxHV+7oVICBAgQKBsAsbTlECeZlvvOv3oSjK2Oqu4+hjrmxpMD5609K77wvQPndKDIzdkAgQIECBAoBcF3nPsZ8Ka555PDX3pjfNSZQUCBHpQwJAJECBAgACBlghIXLeEUSMECBAgQIDARASmTjsyc1n9d1tnTmhDRUxMxyT1+vWDDVsfqb7hyT1YuXzlY5WEv9nXPXjzDZkAAQIECPSIwAWXXRt23vi36z2/XZ4a8T577h5223nHVJ0CAQIECExMwFUECBAgQEDi2nOAAAECBAgQ6JrAUN0ai4/euajjsYyWsO54MO3rsCUtn3PGKSFJksrWqEGzrxupqCNAgAABAgSKLnDFdTeFr17y7bCh7m/XgYH+8KNrLiz68MRPgAABAuUSMBoCBAgUWkDiutC3T/AECBAgQKC4AjFhXBt9kiS1xbbux5nesf+4tbWjkjV+4szDQ/z+xrjFJHaj4cXZ1wcd9deNDpWgzhAIECBAgACBXhOISes5584L9R+4jH+6PrJkQa9xGC8BAgQIEOgRAcMkQKBbAhLX3ZLXLwECBAgQ6GGBuDR3/fBjMrS+rtXl2G9MVte/8VjbT5IkoRszv2tjKMJ+TGJHpy22GMiE+8DyVSF+OCBzQAWBKGAjQIAAAQIFEfju928PX/rqN1JJ6/hRyze+buewelnnVwoqCJswCRAgQIAAAQKbBPxLYAICEtcTQHMJAQIECBAgMDmB+u+M7u9v358k1WR1TFjX91s7iiTZlLDuRAK9tt+i76/4+T+HRrOv44cDonnRxyd+AnkVEBcBAgQItFcgJq1nf+n8sGHDhuGOkiQJq+9cFG5f+A/DdXYIECBAgAABAgQItFOg19pu37vEvSZpvAQIECBAgMCEBVbecf2Er61euGLV45VZvnGmb0yYVrfRktXVa+PMYQnrqsb4H6uzrxtdGe/DzNlnNjqkjgABAt0W0D8BAgQaCtzxi3vCp//278P6wcHh4319fcHfi8McdggQIECAAAECBAi0RaBNieu2xKpRAgQIECBAoAQCO+9/VGoUAwP9qfJ4CrVJ6v2POLmyjGOc6dtMGzFZXd2aOd85YwtEz0Zn3bL07iB53UhGHQECBMogYAwEyifw6TMvCOvWvTA8sIH+/rBq6eQ/aDncoB0CBAgQIECAAAECBBoKSFw3ZMlJpTAIECBAgEAJBWqXW4zDe2TJgvjQ9BZnwMRZvHFrNkld23iSbFoSvLbOfusEYvJ6ypQtMg3G5PUhx5yaqVdBgAABAgQIhBAg5EbgvEuvDnEln2pAW281JTxyx/j+Xq1e65EAAQIECBAgQIAAgfEJSFyPz8vZBRQQMgECBAiUQ2DX6UeHmKz+0CfnjHtASZKEmFCNmyUex8037guW335d2GP3nTPX3fvAw0HyOsOiggABAgQIEGiRQCua2W3nHYeb2fP1u4aHbrtmuGyHAAECBAgQIECAAIH2Ckhct9dX6wTKImAcBAgQaInARJYJry4Hvn795u8YbBRMkiQhLjsek9P1m2R1I7H21t12/T+Ec844JdNJTF7/18M/malXQYAAAQIECBDIg8CB+/1ZuHDuqZXt1gX/Jw8hdToG/REgQIAAAQIECBDomoDEddfodUyAQO8JGDEBAuNZJry6JPhoy4EnSXom9XiXHXdH2itw4szDGyavVz/++xA/kNDe3rVOgAABAgQIEBi/QJxxfewR7w1xG//VriBQFfBIgAABAgQIECAwEQGJ64mouYYAAQIEuieg58IKxGW+mw0+njvakuDVmdVmUjcr2r3zYvI6zoCvjyB+ICHe5/p6ZQIECBAgQIAAAQIECFQE/EOAAAECBAj0nIDEdc/dcgMmQIAAAQIhdNqg0ezaRsnMeN5oycx4TdzMrO70HZx8f/G+NWpltPvd6Hx1BAgQIECAAAECBAgQINC8gDMJECBAgECRBCSui3S3xEqAAAECBAoosOv0o0OcXVsben//5j9BqkuCxwRm/XnVa6ozrKvlnDwKY5wCoyWvZ84+c5ytOZ0AAQIECBAgQIAAAQIECHREQCcECBAg0CGBze8ad6hD3RAgQIAAAQK9IxCT1uvXD6YGnCRJ2LBhKMREddxGWxI8STZ9h3WnZ1jHuGuDTpKktmh/EgIxeb3VlC1rWti0e8vSu4Pk9SYL/xIgQIAAAQIECBAgQIAAgfIJGBEBAgTGFpC4HtvIGQQIECBAgMAEBGLytz5pHZuJs6rjFvdH22KCs1vfYT04uCEVWrfiSAVRosJ/3n5t2HuP12VGFJPXhxxzaqZeRRMCTiFAoDQCcSWSo07+cnjrYbPCp7741bBi1eOlGZuBECBAgAABAgQIECAwSQGXEyi5gMR1yW+w4REgQIAAgW4JNEpaNxNLTFjHrZlz23VOM4n1dvXdK+3++NqLGiav733g4bD/B0/uFQbjzJmAcAh0S+CK624Ke737hLDztCPDh0/6Urj9zl+Fx3//ZLjxB7eHa278YbfC0i8BAgQIECBAgAABAgRKKWBQ+RWQuM7vvREZAQIECBAorMAuBxzVdOxJsmk58JisjlvTF7bpxDhTvE1Na7ZOICavLzv3i3W1IaxY/XiYujF5kzmgggCBIgiIcZwCF1x2bZhz7rzw9LNrwoahoVD/4anddt5xnC06nQABAgQIECBAgAABAgQItF2gLR1IXLeFVaMECBAgQKB3BWLit36p7XqNgYH+EJPUccvbMtz1M8WX3jivPnzlFgp88H0HhkbJ65i42Wm/GeETnz2rhb1pigABAvkRiAnr+Dp37tevyiSrQwhh662mhAvnnhqOPeK9+QlaJAQIECBAgAABAgQIECBAoI0CvZe4biOmpgkQIECAQK8LxKR1feK31qSasH5kyYLa6lzvm+nW/tsTk9fxQwyNelp8y7Jw2Amfb3RIHQECBAorMHvOeSEmrOsHkCRJ2G3qjuHtb3tzeOi2aySt64HGW3Y+AQIECBAgQIAAAQIECBRKQOK6ULcrP8GKhAABAgQINBIYKWmdJJuWAy9SwrrR+NS1VyAmr7fbZutMJ3fd+6DkdUZFBQECRRWIK0ksWnxrJvwpW24R4iokS787Lyz6xt9ljqsg0C0B/RIgQIAAAQIECBAgQKBTAhLXnZLWD4GsgBoCBAj0hEBMRsY34osw2DhjvDbOOEO8tmy//QK/veXb4a17vzHTUUxeT512ZKZeBQECBIokEJcGjytJ1Me89ZQpYfnPrquvViZAoDwCRkKAAAECBAgQIECAQBMCEtdNIDmFAIE8C4iNAIE8CXzn8rNDkiSVkGLCOm6VQgH+iUnr+hnjZoh358YtvvJr4bJzv5jpfGhoKMSkT+aACgIECBRAYKTXr5i0fuj2awowAiESIECg2wL6J0CAAAECBAgQKLuAxHXZ77DxESBAoBkB5xBokcAB++5TWea0SAnrOPRGSetYb+uewAffd2AY6XkUkz9xqd3uRadnAgQIjE9gj4OPa3hBfJ2TtG5Io5IAAQIE2iWgXQIECBAgQIBAjgUkrnN8c4RGgAABAsUSEG0xBXabfnSon2kdRxKTCfHR1l2BeB+SZNMs/tpI4lK7R8w6vbbKPgECBHIncNgJn6+sFLFm7fOp2A7e/y0jfjgndaICAQIECBAgkEsBQREgQIAAAQLtEZC4bo+rVgkQIECAAIGJCXT8qhfXD2b6jMnSTKWKrgmsXrYwbLfN1pn+l951X5C8zrCoIEAgBwKHHHNqJWF9170PNozmuku+0rBeJQECBAgQIECghwQMlQABAgQIZAQkrjMkKggQIECAAIFeFihH0rp8d/C3t3w7vHXvN2YGFpPX7555aqZeBQECBDotcNBRf11JVsevM7j3gYdH7N7vmRFpHCBAoMUCSZJdtabFXWiOAAECBLouIAACBAiUS0Diulz302gIECBAgAABAqUVWHzl18Jl534xM777Hnw4xO8pzxyYbIXrCRAgMIpATFRPnXbkcLL6geWrRjk7VJYGl7QelcjBHArED2LELS57n8PwhFQn4O+hOhBFAgQIECDQrIDzCBDIjYDEdW5uhUAIECBAgACBTgvUv7mXJGaldPoejLe/D77vwEryp/66+D3lMYFUX6/cfQERECiTQExWxyRe3GKiemhoaMzhxWR13MY80QkEciYQn+fVkEZa9r563GM+BAYHN6QCiV+3kqpQIECAAAECBAi0UUDTBFohIHHdCkVtECBAgAABAoUUiMnO2sC9uVerke/9RkmgmECqfZM93yMQHYFxCTi5zQLTP3RKiNsu+x8V4odg4hZfT+q3mKxuNpT4OhW3Zs93HoE8Cbzu7R/JUzhiIUCAAAECBAgQINArAj0/Tonrnn8KACBAgAABAgQIFFNgpIRQTDQVc0SiJkCgXQL7/cVJYedpm5f1jq8TtdvylY+FuA1u2BDih2DiNt5YBvr7KytCxNemuI33eucTyJPACy+uT4VzwoxDU2WFfApM5LUrnyMRFQECBAgQIECAQK8KtCZx3at6xk2AAAECBAgUVmD3d8wsbOwC3ywQk0NJkl3iPSakPvHZszafaI8AgdILjJacXvno78KGJpb1Hi/Pack9AAAQAElEQVRSfA2qbo/csWC8lxfzfFGXXqDRbOvzz/x0w3Ffcd1NIf7OjdsRs05veI5KAgQIECBAgAABAgQINCsgcd2sVAfO0wUBAgQIECDQOYF1L7yY6mzLLQZSZYXiCMQl3rffbptMwItvWRYkrzMsKggUVmDf988KcRtpGe92JadrwfbYfWezqmtB7E9YIM8Xjme29RnnXDo8lKV33Rckr4c57BAgQIAAAQIECBAgMAEBiesJoLkk1wKCI0CAAAECExJ4+Of/PKHrXJQPgd/85Kqw/1vflAlG8jpDooJAbgViUjpuIyWmH33iyRC3Vi+FmyRJ6O/rC7vv8tpUUro6k7r28bbr/yH4j0CvCYw027qRQ0xeN6pvU51mCRAgQIAAAQIECBAomYDEdcluqOEQaI2AVggQIFBugd2mH50aYJJkl5pOnaBQCIEb5587YvLaDLBC3EJBlkTgLYf+ZYhbTEDXbnEp4dG2mJSOWzsS030bX+drE9C1+3HVhpVLrw9LvrN55mhJboVhEBi3QP3vyyQZ/W+kExp893X8OR93xy7oooCuCRAgQIAAAQIECORHQOI6P/dCJAQIlE3AeAgQyKVATKK8uH4wFVtMWqQqFAorMFLyOs4Ai/e+sAMTeE8L7HnwR4e/QzYmhPK+PfGHP4a4xQR07dbOm5gkSRgpOR1f41ctWxj8R4DA2ALL7r4/dVL8+UlV1BXibOxGyeuZs8+sO1ORQMkFDI8AAQIECBAgQKAlAhLXLWHUCAECBAi0S0C7BFopEJM9MYnSyja1lT+BmLz+zuVnZwKL9z4+B7yZnqFRkSOBVY/9LpOkfnbtczmKsDuhJEkSkiQZcSnvmFyTnO7OvdFruQTi78rxjigmr7ffdpvUZbcsvTtVVui8QJIkne9UjwQmKeByAgQIECBAgIDEtecAAQIECBAov0DPj/D1Bx5TSQQ1gojLxTaqV1dsgQP23Sc0Sl7HUcU3082+jhK2PAq87QMn5TGstseUJMmYiemYnG57IDog0MMCb3jnsRMa/f+48IrwzJq1mWvf/uHZmToV7RPYte6rcNrXk5YJEMi5gPAIECBAgEChBSSuC337BE+AAAECBAg0I/D8uhcypyXJppl7mQMjVjhQNIGYvI4fTNjhFdtnQo8zyuLs60989qzMMRUEuimQJEk3u59w30mSVBLPSbLp8TWvfPmIs6Pjz2X9FpPScZtwAC4kQGDSAs89ty7VxuyPfThVHqnw9X9a1PDQfz7yaJg957yGx1S2XmBwcEOqUa+pKQ4FAgQIjFPA6QQIECDQLQGJ627J65cAAQIECBDoiMAbDsrOHpqy5RbBm3kd4c920oWae37wzRFnXy++ZVn4k3cd34WodEmgscC2W29VSQDXHk2STR+0qU/25qkcX1Nrt7tv/sfaIeRqP85KjB9ciZsPr+Tq1ggmZwJzPzdr0hEtWnzrpNvQAAECBAgQIFBQAWETIEBgAgIS1xNAcwkBAgQIECCwWWDFqsfDZ+ZeVNni/uYj+dh77vn07KGtpmwZlv/sunwEJ4qOCcTZ13Hp8CRJMn3G5U1jAqtIs8Iyg1BRGoHf3vLtygdrapPSMSFcmgF2cSDVhPX69YPDUcQPrwwX7BDoYYHd6paZ3mWnV+dSI/6ted6lV+f2785uosXVZLrZv74JECBAgACB9gholUCvCUhc99odN14CBAgQINBigWtu/GGo3VrcfMub+8/br215mxrMv8B3v397+MjsM8Nob+rGWWEzN56T/9GIsEUCmukhgZi0rk1Y99DQDZVAUwIv1nygI15w579cFh+a2rbbZuumzmvFSUed8uVw3ryrh//2bEWb2iBAgAABAgQIECi9gAEWSKCvQLEKlQABAgQIEMihwIrVjw9HVbs/XNnFnd3fMTPVe5JkZ9umTlAopUBMWp90+lfDCy+uHx7fy7ffNrMcczx4y9K7g9nXUcJGoFmB/J83WtI6zmzP/whESCDfAnGliNEifMuhJ4YrrrtptFOaOnbUyV8OccZ19eTddt6xuuuRAAECBAgQIECAAIG2C3SmA4nrzjjrhQABAgQIlFZg7drnh8dWuz9c2cWddS+8mOrdcrspjp4ozDl3XohJ69rBTpmyZbjvx1dWlmM+eP+31B4a3jf7epjCDoFCC4yUtI4J67jlZnACIdBFgVYsE770xnkjjuCJPzwVzjjn0vC6t39kxHOaOXDPb/5z+LRttp4Sjj3ivcPlXt+Jr3W9bmD8BAgQIECAAAEC5RAofeK6HLfJKAgQIECAQH4FHlqxeji42v3hyi7txFmzXepatzkRiEnr+df+ayqagf7+sLxmufjrLvlK+M7lZ6fOqRbi7Os9D/5oteiRAIECCjRaHlzCuoA3ssmQnTYxgcksE17tMc5+jj9br3jZttWqzGNc+WQyv1effW7zhyXrY8501mMV9a91AwP9PSZguAQIECBAgAABAmURkLguy51s7zi0ToAAAQIERhRYU/MmYu3+iBd04MDUaUdmeolvpmYqVZRWYMan/ibUJ613m7pjeOSOBZkxH7DvPiE+P3Z4xfaZY8+ufa6ydHjmgAoCBHIv4HdB7m+RAHMgsNe7j6+PYlLle390ZYjJ6yRp/PUs8ffqRPq84LJrw4s1X/kxOLhhUnGW/eJHliwo+xCNjwABAgQIECBAoKQCEtclvbGGlUcBMREgQIBAJwTecNCxYWhoKNXV1ltNSZUVyi2w57s+Gn7+779ODfLtb3tzWPrdkZcxjSff84Nvjjj7Os7gP+0rF8fTbAQIFESg/nfBdttsXZDIhUmgcwJPP7s21Vn8IFeqYgKFmLyOX88S22o087e+z2a6OPfrV6VOe/UOL0+V81foXESWCe+ctZ4IECBAgAABAgTaLyBx3X5jPRAg0EoBbREgQGAMgeeeX5c6I0mS8NBt16TqFMorsOsBR4dn1zyXGuCsYz4QFn3j71J1IxWqs68bHb9y0c3hE589q9EhdQQI5Eyg0Wzr397y7ZxFKRwC3RVo9HPS6ojizN9Gyes//fOPN93VO4/6dObcuxbPz9T1akX9MuHxAwOlsTAQAgQIECBAgACBnhOQuO65W27ABAgQCIEBgbIKxFmx9WOLM37q65TLKRCT1usHB1ODi0nrs08/OVXXTCG+6fva1+yQOXXxLcvCZL6fM9OgCgIEWi4QfxeYbd1yVg2WUKD+5yT+7mvHMD/7/8zMNPuHp56pfBVH/HmtPxjrarffLl+ZOmX2xz6cKisQIDC6gKMECBAgQIAAgSIJSFwX6W6JlQABAgTyJCCWnAk0mjXUrjdgczb0ng/niutuCjtPOzLUJq3jN2tONGldBf3l9+aHww6eVi0OP8bv54xvqA9X2CFAIBcCr3v7RyqJsEbBmG3dSEVdLwvU/x5Lkvibsz0iXzjluLD9ttu0pPG+viTM/dyslrRVhkbq//5tNLu9DOM0BgI5EBACAQIECBAg0CEBiesOQeuGAAECBAiUVaB2ecLa/ebG25qz3nDQsaFTs4ZaE7FWWiUw67SzwxnnXBo2DA0NNznQ3x9W37koTGSm9XAjL+38099/OXzn8rNfKqUf4pv+p33l4nSlEgECXRF43cak9Qsvrm/Ytw8xNWRR2cMCM2efmRl9u1eo+c1PrwpJMvnk+KqlCzOx93JF/d+/cWn2XvYwdgIE8i4gPgIECBAgMLaAxPXYRs4gQIAAAQIERhF4ds3a4aO1+8OVbd6JSetG32vd5m7z1XyPRhNnGd304yWp0ff19YVH7liQqpts4YB99wkjJb6uXHRz+MRnz5psF64nQGASAiMlrZMkGfFndxLduZRA4QVuWXp3agz9fZ15a+i1r37FhJPXWw4M+HlO3bUQdp1+dF2NIgECBAj0hIBBEiBAoOQCnfl/JyVHNDwCBAgQINDLAi/WfKdw7X6nTOqT1rHfds8ain3YuicQZ1nHpHX9LKOXbbdtWLX0+gkHNtaFMXn92tfskDlt8S3Lwp4HfzRTr4IAgfYL7P6OmaHRTOv48+p3Qfv99VA8gekfOiUT9Mo2/u6s7ewX35sf4s9l/Pms3WrPifu1x6r7Dy/553jIViNQv9JRtKo5bJcAAQIECBAYRcAhAgTyKyBxnd97IzICBAgQIEBgDIG4VHP9Kd60qxcpV3mvd58QbvrxkszS8IcfMj3c/5MrQ7v/873XYwo7gUBHBda98GKmP78HMiQqCAwLLF/52PB+3Nl9l9fGBxsBAgQIECBAgACB8Qo4n0BbBCSu28KqUQIECBAgQKDdAnHGbX0fkhX1IuUqx3v+9LNrUoNKkk1LAc8/f06qvp0F33vdTl1tbxLwbzMCPrzUjJJzCGwWmDn7zM2Fl/aWfOfSl/Y8FEmgfpnwJEmKFL5YCRAgQIAAAQIEhgXs1AtIXNeLKBMgQIAAAQK5F3jDQcdmZtwmiTfscn/jJhhgXBo8JqgaLQ0elxydYLOTumys772ePee8SbXvYgIERheIH2SpPyPz4aX6E5QJ9LjALUvvTgmcc0Z22fDUCQq5FahfJrxbfw/lFkhgBAgQIECAAAEChRWYUOK6sKMVOAECBAgQINBygaENQ8Nt1u4PV7Z4543vPC489/y6VKtJklS+MzFVqVAKgerS4PWD6dTS4PX91pdjoqzR914vWnxr2PuQj9WfrkyAQAsE4kzD+g+yJIkPL7WAtmETKssrcOLMw8s7uBKPLL4Glnh4hkaAAAECBAgQINDjAhLX3XsC6JkAAQIECJRC4MX1g8PjqN0frmzhTkxar33u+UyLZplkSApfccFl14ap+80IeVgafCzMX35vfjjs4GmZ05565tkQZ4pnDqggQGBCAjFZE3+m6mcaJokPL00I1EWdFOh6X/FnpzaIV73iZbVF+wUSqH8NHBjoL1D0QiVAgAABAgQIECAwuoDE9eg+juZeQIAECBAg0G2BoaENwyHU7g9XtmhnpKR1nPHaoi40kxOB3d8xM5z79avC5rn8mwKLs6zz+iGFf/r7L4fvXH72pkDr/o3JgtO+cnFdrSIBAs0KxK+HiD9H9cma6vV5fV2oxueRQB4Ffv2Df8pjWGPE5HAjgUeWLGhUrY4AAQIECBAgQIBAIQUkrgt52wRNoMUCmiNAgEDOBWLCotFMa0nrnN+4cYb34U/OqcxQXvfCi6krkyQJMWk9//w5qfq8FQ7Yd58w0nPyykU3h9lzzstbyOIhkHuBqdOOzHw9RG3QI/3M1Z5jn0CvC8Sfo1qDJLG0fq1HkfbjyhOTjlcDBAgQIECAAAECBHIsIHGd45sjNAIEiiUgWgIEWi+w17uPryQyG7UsWdFIpZh1cVnw+OGEJb+4JzOAKVtuEeJsyrwnrWsDj8/NXXZ6TW1VZX/R4luDN5wrFP4h0JRAfF0YGqpfe2HTpfHnLG6bSv4lQGA0gfqfo/h7dbTzHcuvQP3KE14Hu3ev9EyAAAECBAgQINAeAYnr9rhqyGagEAAAEABJREFUlQABAgQmJuAqAimBp59dmypXC96kq0oU/7G6LHijkZz+V8eH5T+7rtGh3Nfd+S/fCEtvnJeJM77hHJNxlg7P0KggkBKIPyepipcK8fU/bi8VPRAgMIbAm//8E2Oc4TABAgS6JqBjAgQIECBAgEBGQOI6Q6KCAAECBAgUXaB78Y8wMW5CATVKWiRJMuJSzBPqxEVdExhpWfAY0PSXltz+3EnHxGJht9123nHE56ulwwt7WwXeZoE3HHRsw5U2ksTrf5vpNV9Sgd8/9XRqZD74keIoVKH+b+OBgf5CxS9YAgTaJaBdAgQIECBQLgGJ63LdT6MhQIAAAQIdFxjcsHkZ1w0tylzXfxdjHFR8o7WjS1vGTm1tEdh5/yNDo2XB+/o2JaZuuPzstvTbrUbjc3ekpcP3PuRj3QpLvwRyJxBf+597fl0mriRJKl8ZkDmgggCBUQXeetiJox53sNgCjyxZUOwBiJ4AAQJ5EhALAQIECORGQOI6N7dCIAQIECBAoJgCU7YcGA58w4YNIX5f8XDFBHbi91rXfxfjy7bbZgItuSQPArUxvPWwWZWZlBtqPuxQPR5nWa9aurBaLN1jXDp8xmHvzIzrqWeerZhkDqgg0EMCbzn0Lys/B/Wv/ZEgfvDDh5aihI3A+AUe//1TqYviz1OqQqEwArtOP7owsQqUAAECBHpXwMgJECDQCgGJ61YoaoMAAQIECPSwwKmzPpIa/fxrb0qVx1PY+z0nhPrvtU6SJNz/k6vG04xzxynwxnceN84rxnf6e479TCUp9fjvn8xcuOOrdqgsp122WdaZgW6suOTsLzT83uuNhyo+o3zvdTzFRqCUAnGW9RN/+GPDsUmyNWRRSaApgbi6SVMnOqkQAuvXD6bi9PqY4lAgQIAAAQJlEjAWAj0vIHHd808BAAQIECBAYHIC9d9D3Cg52WwPTz29JnOqmXYZkpZXrH3u+VSbD912Tao80cLcC+aHqdNmhHt+uzzTRFwW/PS/Oj7ctXh+5liZK3zvdTfvrr7zJrDTfjNCo1nWSbLpawPyFq94CBRJoH51E4nOIt09sRIgQIAAAQIECExOwNVFFpC4LvLdEzsBAgQIEMiJQJw1WxtKTFjWlie6703WicpN7rqtt5oyuQY2Xh0T1pd864aNSamNhbr/VZcFr//QQ91ppS7G5/ZI33ttOdBS3/riD64FI9jz4I9WVhlo1FT82fCBpUYy6gg0LxA/FNL82c7Mu8DUaUemQhwY6E+VFQgQIECAAAECBAi0RaBLjUpcdwletwQIECBAoEwC9bNmL73yO+MeXvyO03Ff5ILcCez17hMqCamhoWxo/f19PbMseHb02Zr4vddLb5yXORCXA41JB0uHZ2hUlETg2bXPNRxJTFo3PFDCSkMi0EkBP1ud1G59X/UrUzyyZEHrO9EiAQIECBAgQIAAgZwIlC1xnRNWYRAgQIAAgd4TqJ39Ed9gG8+s633fPyvUf8epN1mL9RyqJqyffja73HuShErCeuUd1xdrUB2I1tLhHUDWRa4E4ocy6gOKvz+85terKDch4JQGAvU/Y1sMDDQ4S1VRBKzCUpQ7JU4CBAgQIECAAIFWCUhct0qyVO0YDAECBAgQGL/An7x+19RF379lWao8UmG/vzgpPPrEkyMdVt9mgb3fc8KkenjPsZ+pzLAeKWE9+2MfDquXLZpUH71wcUzajbR0uJnXvfAM6I0x1ifU4qjjc9/swShhIzB5gU989qxMIyuW/HOmLl2hlGeBuApLbXzxNbO2bJ8AAQIECBAgQIBA2QQkrst2R40nPwIiIUCAQI8J/OiaC1Mj/u3ylanySIWVj/4uc8ibchmStlU89XR6hnSz9m848NhKwvqe3y5vGNs+e+5eSVjP/dyshsdVZgXi0uEzDntn5sCVi24Ou79jZqZeBYEiCYyUtC7SGMRKIO8Ci+s+NLjjq16R95DLE1+PjmT6h06p/D0YX+PjdtBRf92jEoZNgAABAgQIECDQKgGJ61ZJaocAgbYIaJQAgWIJ9PUlqYDjG1hjbakLNhaaTZxuPNX/uiBQTVg/t25dw95jwjrew/oPMjQ8WWVG4JKzvxCW3jgvU7/uhRfD1GlHZupVECiCQKPn7mte+fIihC5GAoUROOSYUzOx3rX4ikydiuII1C8TniTpv7O7OZK4YlL8G3/5ysdSYTywfFVo9FxMnTRKwSECBAgQIECAAAECEteeAwQIECi/gBES6JjARz/0vo71paPJC+z7/uZnQ8fEU3yDcqSE9cu22zZIWE/+nsQWdtt5x4plkqTfoB4aGqokr+deMD+eZiNQCIH42hGfu7XBJkkS7r75H2ur7BMgMEmBex94ONXCOWeckiorFE+gfpnw1csW5mYQjVZMqgYXn4vxtb9a9thxAR0SIECAAAECBAotIHFd6NsneAIECBDonICemhE4/8xPN3PaiOfExOeIBx1oucCjTzw5apunfeXi4eUf6xNP1Qu3njKlkmS9/ydXVqs8tkggvkFdv4pBvA+XfOuGIHndImTNtFVgz4M/GuJztraTJElCfG7X1tknQGByAo2+TuLEmYdPrlFXd1WgfrZ1V4Op67yZDz7G1/74gcfDTvh83dWKBIoiIE4CBAgQIECgWwIS192S1y8BAgQIECipQEw+v/bVOzQe3Qi1SZJUkp8jHFbdIYF472JXs+ecV0lYX7no5lhsuFUT1g/dfk3D4ypbI7Bq6cKw5+t3yTQWk9fxgwWZAyoI5EQgJq2fXftcKpokSSStUyKtK3z4pC9VXrdjoijut65lLRVBIH6dRG2c1d/ntXX2iyVQP9s6T/e0/oOPSTLy3/F33ftgkLwu1nNPtARaKqAxAgQIECAwAQGJ6wmguYQAAQIECBAYXeCX/za/koiOb7I1s5l9N7pn/dFWlKd/qPESov/lv80KixbfOmIXu+/y2sq9lbAekajlB25dcHE4YcahmXbjBwskrzMsKnIgEJeIrU9ax7C81keF9mxL/u9/DDdcuz9caae0AvHDCrWDm7LlFrVF+wTaLlB9bY9/8ydJ+mtOYucxeR0fbQQIECAwMQFXESBAoNcEJK577Y4bLwECBAgQIEBgo8DylY9t/Df9v/jm92O/a7x8eEycxjckl3zn0vRFxS0VKvK4DP/SG+dlYo7J60ZLxGZOVEGgQwLxdSQuEVvfXXz9qK9TJkBgcgL/9fBPZhpY/rPrMnUqiiVQv0x4kmSTwd0aUXyNr+17p9ekV1mKSey37v3G2lMq+0fMOr3y6B8CBAgQINAlAd0SIFAgAYnrAt0soRIgQIAAAQIEWiFw0FF/3XQzMdkUt5g4bfoiJ7ZFYLeddwyNktdxidg4w7UtnY7ZqBMIbBLY693HV5aq3lRK/xtfQ9I1SgQItEJg9eO/TzXTKGGYOkGhEAL1y4THZHBeA//F9+ZnQlt85dfC/m99U6p+6V33pcoKBAgQIECAQBEFxEygMwIS151x1gsBAgQIECBAIBcChxxzanhg+aow1n+vffUOlSXBxzrP8c4KxOR1TAImSXr2VZzhGpPXcy/IvoHc2Qj1NiGBgl8Un3tPP7s2M4okSbyOZFRUEGiNQP3M19hqTBjGRxuBdgjs+/5ZTTd74/xzM+eadZ0hUUGAAAECBAj0ooAxjykgcT0mkRMIECBAgAABAuURuPeBh8ccTExa//LfJEDHhOriCXH2VV9fNnl9ybduCJLXXbwxPdh1TJ7FD07UD/1l220T4vO0vr6dZW0T6BWB2XPOyww1fqgpU6micAJ5Xib80SfSXycz1nPOrOvCPf0ETIAAAQIECBDIhUAzietcBCoIAgQIECBAgACB9gvENyElrdvv3IoeVi1dGPZ8/S6ZpmLy+rSvXJypV0GglQJjLQ1+/0+uamV32uqcgJ4KILBo8a2pKKdsuUWqrFBcgbwuE/6WQ/9y3KiNZl2PuxEXECBAgAABAgQI9JyAxHXHbrmOCBAgQIAAAQL5FohJ63xHKLp6gVsXXBxOmHFofXW4ctHNQfI6w6KiRQJ7v+eEYGnwFmFqpqQC7RvW7u+YmWl8+c+uy9SpINBKgSf+8MdUc83+zbj9ttukrps5+8xUWYEAAQIECBAgQIBAvYDEdb2Icr4FREeAAAECBAhMWGC07xZs9g3ICXfuwrYJnH/mp8PSG+dl2o/J60YJjsyJKgiMQyAmrZ96ek3mCkuDZ0hUEGiLwLoXXky1W+rf36mRKhRR4Dc/Ta++cduyXxVxGGImQIAAAQIECBDooIDEdQexdUUgLwLiIECAAIHeFFh6130NB+5N74YsharcbecdGyavY4Jj6rQjCzUWweZXYKSkdXwNsTR4d+/bFgMD3Q1A7x0R2Gm/GR3pRyfdEaj/fuuBgf6WBDLZRuqfd6955csn3OSGoaHwic+eNeHrXUiAAAECBAgQIFB+AYnr8t9jIyRAoD0CWiVAgEApBGLCqRQDMYgQk9fxfiZJktIY2vgmcUxez71gfqpegcB4BEZLWo+nHee2R+CVr9g+1fDsOeelygrFFzjshM9nBhFf8zOVKgorUP/91o8sWZDLsdx98z9OKq7Ftyyb1PVduli3BAgQIECAAAECHRKQuO4QtG4IECBAoJGAOgIEOikQ3+DeZqsplS77NiY3Y7lS8E+pBFYvWxj6+rLJ60u+dUOQvC7Vre7YYCStO0atIwIjCtx174OpY1N3fFWqrECgHQJvOfQvJ91so783fbhm0qwFbUDYBAgQIECAAIGxBSSuxzZyBgECBAgQyLeA6AiMQ+DB264J8Q3EVRuTm+O4zKkFE1i1dGHY8/W7ZKKOyevTvnJxpl4FgZEEJK1HkslX/S//Lb2iwr/+8Of5ClA0kxKoX6o5NvZ/b7o8PthKIlC/THhehvXEH/6YCiX+DZmqaLLw2lfvkDrzZ//+61RZgQCBcQg4lQABAgQIlFxA4rrkN9jwCBAgQIAAgeYEnEWgbAK3Lrg4nDDj0Mywrlx0c9jj4OMy9SoI1Av8ybuOD089vaa+uvLhl0ylCgIE2iLwxoOOzbQ70eRhpiEVuREYHNyQiiUP9/hP//zjqZgmU6j/cM1jv3tyMs25lgABApMW0AABAgQI5FdA4jq/90ZkBAgQIECAAIGiCYg3ZwLnn/npsPTGeZmo1qx9PuxywFHhgsuuzRxT0dsCcVnYOLszbs+sWZvByEMyJROUiozAC+vXV+rOu/Tq8Jm5F4UVqx6vlP1TLIEjZp0e1j6/LhX0/m99U6qsUA6BoaGh3A3kD089k4rJ63+KQ4EAAQIEQmBAgACBtghIXLeFVaMECBAgQIAAAQIEJirQ2ut223nHSvI6SdLtxtld5379qjD3gvnpA0o9KbDv+2eFmKyuXxa2FkPSolYj//uHHv/5cN68q8M1N/4wzLvqxvwHLMKMwNK77kvVbbPVlHDj/HNTdQoEiiKQJOk/RPz9UZQ7J04CBAgQaK+A1lPJWVAAABAASURBVAkQqBeQuK4XUSZAgAABAgQIECBQMoGYvF69bFHYZ8/dMyOL33tdyqXDMyNVMZJATFo/+sToy7ZKWo+kl5/63Xd5bSqYX93/0HB5/rX/Gu74xT3DZTv5F4gfJKmP8sHbrqmvUi6BwK7Tj06NIknSCd7UwQ4V6p9/r3zF9pPuee89Xpdq4yc//0WqrECAAAECBAgQmLCAC0slIHFdqttpMAQIECBAgAABAgRGFvjRNReG2R/7cOaEuHR4fJPa0uEZmtJX7PcXJ4XRktYxYR230kOUYIBLvnNpahS1Sw+vHxwMHz7pS+G73789dY5CPgWmTjsyE5ifwwxJaSrWrx9MjWX1soWpch4K//GDb046jPg3SG0j9z7wcG3RPgECBAgQIECAQJcF8tK9xHVe7oQ4CBAgQIAAAQIECHRAYO7nZlWWDu/vz/5fgbh0+Gf/5//uQBS6yIvAykd/N2oo8QMNthmVZdQn4dCx60e7mTGRfdLpX63EMnXaDF8TMBpWF48deORfhXivakOQtK7VsN9ugal1H5xIktbNAK/92yM+z31grt13U/sECBAgQIAAgeIJZN+tKtQYBEuAAAECBAgQIECAwHgF4tLhK++4Puz7p3tmLr36hh+EXQ44KngzOUNTuoqYiC3doAyoKYGhoRC+8e2ife91U0Mr9Emz55wXHnx4dWoM22w1JVVWKJdA/TLheRhdTCjXxtHKGeDT3vKm2qbDj3/2f1NlBQIECBAgQIAAAQIS154DITAgQIAAAQIECBDoSYHvffO8yuzrJEnPphoc3BDi7Ou5F8zvSZdeGXSSpO97r4zbODcJbLv11pt2/JsbgUWLb83E0vLvtc70oKKbAvXLhHd7dv2f/vnH28pxw+Vnp9pf8ot7whXX3ZSqUyBAgAABAgQIEOhtAYnr3r7/Rt9CAU0RIECAAAECBIooEGdfx9lUtct3VsdxybduCHscfFy16LFkAju/9lUhSSSvu3lbI3+SJJX7kCTjf+zrS0L82a3dkiQJtf/VHqvuv2y7bcP9P7my9jT7XRZotAJCt5OYXSbJdfdlDe4PTz2TGlo7noNTttwi1ccZ51wavvv921N1CgQIECBAgAABAr0rIHHdu/feyAnkUUBMBAgQIECAQJcERlo6fM3a5y0d3qV70u5u7/yXy0L80EJMTNgWhW4YrF62qHIP4n2YyLZq6cIQf3Zrt9hO7XMnrqBQezzuS1rXCnV//40HHZsJIj4fM5UqSiWQt2XC937PCR3xXf6z60J/f3/sa3j70le/EVaseny4bIcAAQIECBAgQKB3BSSue/feGzkBAqUVMDACBAgQIDAxAUuHT8zNVQQIEJiowBGzTg9rn1+Xutz3Wqc4SluIHyqpHdzAQDqZW3usE/tPPb0m1U07Pzyx8o4FoXa8j//+yXDNjT9M9a/QrIDzCBAgQIAAAQLlEpC4Ltf9NBoCBAgQaJWAdggQINCjAtWlw1/xsu0yApYOz5CoIJBLgbgUeC4DE1RK4LSvXByW3nVfqi4u//7gbdek6hTKKTA0NJQa2CNLFqTKZS8c8F/2KfsQja9IAmIlQIAAAQIEciMgcZ2bWyEQAgQIECBQPgEjIkCguAL3/uhbYfbHPpwZQFw6fOq0I8MFl12bOaaCAIF8COyy06tTgcy9YH6qrJAPgSsX3ZwJJC7/nqlUQaDNAjvtNyPVwytetm2q3I7C9fPOCv/ztE+G9x8yPVw499TwhVOOa0c32iRAoIMCuiJAgAABAq0QkLhuhaI2CBAgQIAAAQLtE9Ayga4JzP3crLD0xnmhvz/9fxviLLFzv35VkAzr2q3RMQECBReoTxTG4bRzaebYvi0/ArtOPzoVTJIkqXK3C/f+6MqOhHDy8UeEK86fE4494r0d6U8nBAgQKICAEAkQINDzAul3oHqeAwABAgQIECBAgEA5BYxqogJx6fCVd1wf9v3TPTNNWDo8Q6KCQC4EfnTNhak4rlr0/VRZobsCktbd9c9D7+vXD6bCWL1sYarcycLe7zmhk93piwABAgQIdEBAFwQIFFlA4rrId0/sBAgQIECAAAECBDok8L1vnhdmj7B0eEzCmH3doRuhGwIECi0QXy/rB2Cmdb2IcicFnnp6Tao7z8cUhwIBAgQIEOhdASMn0CUBiesuweuWAAECBAgQIECAQNEE4tLh8Q3t+qXD4zji7OsDj/yruGsbQ8BhAp0WeGZNOjHV6f71t0lA0nqTQ+2/hxxzam0xbDEwkCortFdgr3cf394OtE6AAAECBAgQ6HEBwx+/gMT1+M1cQYAAAQIECBAgQKCnBUZaOvzBh1eHXQ44Klxw2bU97WPwHRHQyRgCtR8wGRoKfi7H8Gr34Z2nHZnpYvttt8nU9XrFHrvvXHqCXacfnRrjwEB/qtzJwtPPrk11Fz+clqpQIECAAAECBAgQINBhgQaJ6w5HoDsCBAgQIECAAAECBAonEJcOX3rjvJAkSSr2wcEN4dyvXyVJllJRINB5gS+cfFyq0/916bdT5U0F/3ZC4E/edXzYED89UNNZTFr/5qdX1dT05u59D65IDfzH116UKpexsH79YGpYjyxZkCp3qmC2daek9UOAAAECBAgQIDAeAYnr8WiN51znEiBAgAABAgQIECi5wG477xhWL1sYtt1mq8xIY/L6rYfNksDOyKgg0BmBz510TJiy5RbDnW3YMOTncVijxTujNBeT1s+sSc9qlbTeDDZUl9DffMReuwXMtm63sPYJECBAgAABAgQmIiBxPRE113RMQEcECBAgQIAAAQL5F3jglqvD7I99OBPo479/0uzrjIoKAp0T+OwnZ6Y6M+s6xdH2gqT1+Ih74ez6ZcJ7YczGSIAAAQIECBAgQGA8AhLX49FyLoFiCoiaAAECBAgQINB2gbmfmxUaLR0eOzb7OirYCHRewKzrzptXe3zXzP8ezLSuanisCsSv06jux8c2fKd0bHbM7Y3vTH+VwHbbbD3mNU4gQIAAAQIECBAg0AkBietOKOuDAIESCBgCAQIECBAgMJZAdenw6fvukznV7OsMiQoCHRHIzrq+uiP99nInM2efGe6v++7mviQJvtO6l58Vm8aeh6XRY9J67XPPbwropX9/e8u3X9rzsEnAvwQIECBAgAABAt0SkLjulrx+CRAg0IsCxkyAAAECPSFww+VnhziLrK8vyYzX7OsMiQoCbRWIs677+jb/X/88JM7aOuAuNx6T1rcsvTsTxaplCzN1vV5xyDGnpgi2GBhIlRXaI1CftG5PL1olEEKAQIAAAQIECBCYgMDm//c6gYtdQoAAAQIECHReQI8ECBAoisCqpQuD2ddFuVviLLPAG3abOjy8mLi+4rqbhst2WivQKGkdP8jT2l7K2doeu+9czoHlaFRvOOjYTDSenxkSFQRyJSAYAgQIECDQawIS1712x42XAAECBAgQiAI2AgQ6JGD2dYegdUNgFIG93rDrKEcdapXATvvNyDQlKZghGa64r2459R9fe9HwsTLu7Dr96NSwkiS7KknqhDYUnnt+XapVz88UhwIBAuUVMDICBAgQKJCAxHWBbpZQCRAgQIAAAQL5EhANgeYFzL5u3sqZBFotMP/8Oakmv/y/Lgtvft9fhr848fTwmbkXhRWrHk8dVxi/gKT1+M3i7P/xX1XcK9avH0wFv7rDy8c3mm2dCkiBAAECBAiMKuAgAQIEOiMgcd0ZZ70QIECAAAECBAgQaCzQQ7VmX/fQzTbU3AkkyebZnesHB8Pvn/xjuPPu+8I1N/6wsuUu4AIF9Lq3fyQTrZmsGRIVXRYw27rLN0D3BAgQIEAgCtgIEBhTQOJ6TCInECBAgAABAgQIECDQSoF2zL5uZXzaIlBGge233aaMw+r6mPZ578fDCy+uT8Wxw8u3T5UVCHRb4PUHHtPtEPRPgAABAgQIEGiZgIbKLSBxXe77a3QECBAgQIAAAQIEcilg9nUub4ugSixw/0+uDIcfMj285lWvCHu+fpfw/o37Xzj5uHDh3FPDF045rsQjb9/QPvHZs8KTf3wm1UFMWt/zw2+m6hQIdFNg93fMDM+veyEVghUBUhwKBAgQIECAAIFeFMjtmPtyG5nACBAgQIAAAQIECBAovYDZ16W/xT04wPwOef75c8Ldi68Ity64OFyxcT8mrI894r35DTjHkc29YH5YfMuyVIRbbjEQJK1TJAovCew6/eiX9jY9JMnmpfs31bTn35i0XvfCi+1pXKsECBAgQIAAAQIE2iBQrMR1GwA0SYAAAQIECBAgQIBAdwXMvu6uv94J5FIg50Fd8q0bMhE+/PN/ztSpaE4gSTqTyG0umtaftX79YKrR1csWpsrtKEyddmRolLQ227od2tokQIAAAQIECBBolYDEdaskC9SOUAkQIECAAAECBAjkUcDs6zzeFTERIFAvsNN+M+qrQl6TgZlAc1oRZ6vnNLRChhWfo0NDQ5nYPU8zJCoIECBAgAABAgRyJiBxnbMbIpzCCAiUAAECBAgQIECgDQJmX7cBVZMECLRMICYE6xuTDKwXGbt82AmfH/uk/JxRqEgaPUfjADxPo4KNAAECBAgQIEAg7wIS13m/Q+IjUGoBgyNAgAABAgQINBYw+7qxi1oCBLonsM97P57p/LJzv5ipUzF+gTe9cbfxX1SQK+q/33pgoL9tke9W913a1Y7ykbSuRuORAAECBAgQIECAwMgCEtcj2zhCgACBYgiIkgABAgQIlFRgrNnX8Q36K667qaSjNywCBPIk8L7jPxee/OMzqZB2ePn24YPvOzBVp9CcwH0PrkiduPjKr6XKZSrUf7/1I0sWtG14L9Z9l3ZMWMetbR1quPMCeiRAgAABAgQIlFxA4rrkN9jwCBAgQKA5AWcRIECAQH4FRpp9Hd+gP+OcS4MEdn7vncgIlEFg9pzzwq/ueyg1lJi0vueH30zVKTQv8MKL65s/2ZlNCdTP7G7qIicR6FEBwyZAgAABAgTyKyBxnd97IzICBAgQIFA0AfESIECgbQLV2dfbbL1Vpo9qAvugoz4dzMDO8KggQGCSAosW35ppQdI6QzKuiqGhoXGdX9ST65PJ7VomPH6vdf3MbjOti/qsETeBwggIlAABAgQItEVA4rotrBolQIAAAQIECExUwHUECIwm8OCtV4f4ZvwWA/2Z0x5YvjLEGdgS2BkaFQQITFAgJgTrL42vQfV1ygQaCdQnk1u9THhMjDd6jjaKRR0BAgQI5FFATAQIECBQLyBxXS+iTIAAAQIECBAgUHwBIyi9wIolC8I5Z5wSJLBLf6sNkEDXBBolBCWtu3Y7dFwnEJ+f9Ynx6imep1UJjwQIECDQEwIGSYBAqQQkrkt1Ow2GAAECBAgQIECAQOsE8t7SiTMPDzGBffgh00OSJJlw4wzsOefOC7NOOztzTAUBAgRGE4hJwfrjkoH1IsqjCcTZ0LXHW7VMeGy30fMz9pUkSWVVkrjmDN77AAAQAElEQVRvI0CAAAECBAiMR8C5BPIiIHGdlzshDgIECBAgQIAAAQIEJiQw//w5YfWyhaFRAjt+j+pNP14Spk47slsJ7AmNyUUECHRPoFFSUNK6e/ejqD3Xz4ZuxTLh8XdZfbtVn/gcjb8Lq2WPBAgQIECAAAECHRfQYQsEJK5bgKgJAgQIECBAgAABAgS6L1CbwK6PpjaBfcV1N9UfVs69gAAJdEbgddM/kuloxmHvzNSpIDCaQJwVPdrxiRyLH6iIv8vqr00Ss6zrTZQJECBAgAABAgSKK9AXihu7yAkQIECAAAECBAgQIJARiAnsOPNsj913yRyLb/qfcc6lYbfpRwcJ7AyPirILGN+oAv/lv80KL6xfnzrnta/eIVxy9hdSdQoExhKonxU92WXCY9K6UZ/xd51Z1o1k1BEgQIAAAQIECBRVwIzrFt05zRAgQIAAAQIECBAgkC+B266/uPJdn40S2C+uHwwS2Pm6X6Ih0E2BmLR+7HdPpkKISetf/tv8VF0s2AiMV2Ciy4THpcEbJa2TxCzr8d4D5xMgQIAAAQIECBRDQOK6GPepV6I0TgIECBAgQIAAAQItF6gmsLcY6M+0XU1gH3TUp83AzuioINAbApLWXbnPpe20FcuEx2R13OIqIfVQSZIEs6zrVZQJECBAgAABAgTKIiBxXZY7aRwEhgXsECBAgAABAgQINBJYsWRBOOeMU0KjBPYDy1dWZmBLYDeSU0egvAKz55wX6mdaT5myZTDTurz3vN0jq18mPC7n3Uyf1dnVMWE90vmxrXTSeqQz1RMgQIAAAQIECBAopoDEdTHvm6gJEGi3gPYJECBAgACBUgqcOPPwEBPYhx8yfcQE9pxz54VZp51dyvEbFAECmwVO+8rFYdHiWzdXvLS3/PZrX9rzQKD9AtWEdaPZ1dXek8TS4FWLtjxqlAABAgQIECBAIDcCEte5uRUCIUCAQPkEjIgAAQIECORVYP75c4YT2EmSpMKMyYObfrwkxGSCBHaKRoFAqQSuXHRzZjxxRmumUgWBJgXqlwlPkvTvl2oz8bw4szpu8XdOtb7+MUk2JazNsq6XUc6jgJgIECBAgAABAq0QkLhuhaI2CBAgQIBA+wS0TIAAAQJtFIgJ7JgQiDOw67uJyYRqAvuK626qP6xMgECBBWLCsD58Set6EeXxCtQvEx5/v8Q24geh4hafd3GrPy+eU92SJAkDA/0hPh+r11ePeSRAoPQCBkiAAAECBHpeQOK6558CAAgQIECAQC8IGCMBAgRGF4gJ7JgkGCmBfcY5l4Y93/XR8N3v3z56Q44SIJB7gZhArA8y/vzX1ykTmKxATFLHLX4QKm6jtZckm2dXP7JkwWinOkaAAAECowo4SIAAAQJFFpC4LvLdEzsBAgQIECBAoJMC+iLQAwLVBPYeu++SGe2za54Lnzr9q2HGp/5GAjujo4JAMQSmf+iUUJ9AlLQuxr0ra5RmV5f1zhoXAQIECi4gfAIECHRJQOK6S/C6JUCAAAECBAgQ6E0Boy6GwG3XX1xZpvU1r3pFKuChjaWf//uvw+wvnR/mnDtvY8n/CBAoisBpX7k4LF/5WCrc3Xd5baqsQKATAkmyaXZ1/NCE2dWdENcHAQIECBDojoBeCRAYv4DE9fjNXEGAAAECBAgQIECAQHcFOtb73YuvCJed+8Ww3bZbp/pcPzgY5l/7r5YPT6koEMivwNwL5ocrF92cCjAmrZd859JUnQKByQjERHSSJMNNJEkSkiQJ1VnV8XjcVi9bOHyOHQIECBAgQIAAgVEFHOwxAYnrHrvhhkuAAAECBAgQIECAwPgEPvi+A8Nvf/rtMOuYD4Sk7tK4fPhJhV0+vG4wigRKLHDJt25IjS5JkiBpnSLpWGHm7DNTfW2/7TapctELMSkdk9Nxi/txe2TJgqIPS/wECBAgQIAAAQKFFihO8BLXxblXIiVAgAABAgQIECBAoIsCZ59+clh956Lw9re9OZPAjsuHx++/tnx4F29Qt7rWb+4Fpk47MhNjTCZmKlV0ROCWpXen+vnNT69KlRUIECBAgAABAgQIEOhdgVwnrnv3thg5AQIECBAgQIAAAQJ5FVj0jb+rJLC323brVAI7fv91XD581wOODt/9/u15DV9cBHIp0K6g3vjOY8PQUPzp3NxDnAm7uWSPAAECBAgQIECAAAECBPIiIHGdlzvRvji0TIAAAQIECBAgQIBAGwTi8uEnHvOBMNDfn2o9fv91XD58z3d9VAI7JaNAoLMC0z90Slj73LpUp0ccelCqXLKC4RAgQIAAAQIECBAgQKDQAhLXhb59gu+cgJ4IECBAgAABAgQIZAXi8uGP3LEgzNqYwE7qDj+75rkQlw+f8am/kcCus1Ek0G6BuRfMD8tXPpbqZvddXhu+cc7/m6pTIJAVUEOAAAECBAgQIECAQLcEJK67Ja9fAr0oYMwECBAgQIAAgZIKxAT26jsXhd2m7phZPvzn//7rMPtL54c5584r6egNi0C+BGLS+pJv3ZAKqq8vCUu+c2mqTqHzAjNnn5nqdPttt0mVFUokYCgECBAgQIAAAQIEJiAgcT0BNJcQIECgmwL6JkCAAAECBPIrsPS788I3zv1i2G7brVNBxuXD51/7r8Hy4SkWBQItF3jPsZ8J9Unr2MmqpQvjg63LArcsvTsVwW9+elWqrECAQFpAiQABAgQIECDQawIS1712x42XAAECBKKAjQABAgQItE3gg+87MPz2p98ecfnwk07/arB8eNv4NVxigRWrHg+fmXtRZYv79UONSet7fru8vjo8eueiTJ0KAgQIEOgZAQMlQIAAAQIECiQgcV2gmyVUAgQIECCQLwHRECBAgMBoAtXlw9/+tjenlg+P18Tlwz+1MYFt+fCoYSPQnMA1N/4w1G61V+317hNCfdK6v79P0roWyT4BAgQIEJiwgAsJECBAgEBnBCSuO+OsFwIECBAgQIBAYwG1BAiUXmDRN/4urL5zUWX58KRmtEMb9+Py4bsecHT46tctl7uRw/8IjCqwYvXjw8dr96dOmxGefnbN8LG487Lttg0r77g+7toIECBAgAABAvkQEAUBAgQIjCkgcT0mkRMIECBAgAABAgTyLiA+AkUQiMuHn3jMB8JAf38q3PWDg+Frl10b3nTICWHeVTemjikQILBZYO3a54cL1f2d9psRhuKnQIaPhLDPnruH+39yZU2N3TwKDPR5SyqP90VMBAgQIEAg7wLiI0Cg3AL+X0K576/RESBAgAABAgQIEGhWwHkdEIjLhz9yx4Iwa2MCu3b2dez6j8+sCX97/uUS2BHDRqCBwEMrVg/Xxv2YtB6ueGknJq1/dM2FL5U85EngE589KxXO9ttvmyorECBAgAABAgQIdExARwRyKyBxndtbIzACBAgQIECAAAECBIon0FzEMYEdlw9/815vCP196f9bJoHdnKGzek9gzXObZ1z/6v6HMgCS1hmSXFfs/9Y35To+wREgQIAAAQIECBAYXcDRdgik3yFpRw/aJECAAAECBAgQIECAAIGGAj/49gVh5dLrwxt2m5pZQrynE9gNtVT2usD69YMjEjx656JgpvWIPLk4sPSu+1Jx/NPffzlVViBAgAABAgQIECBAoAcF6oYscV0HokiAAAECBAgQIECAAIFOC/xs0ddDXEJcArvT8uXur2yj++OzaxoOKSatGx5QmSuBZ55pfP9yFaRgCBAgQIAAAQIECBDoqoDE9cT4XUWAAAECBAgQIECAAIGWC0hgt5xUgyUSeP75FzKj6UDSOtOnirEFVqx6PHxm7kWVLe7HK9Zv2BAfbAQIECBAgAABAgQIEBhRQOJ6RBoH2i+gBwIECBAgQIAAAQIEGglIYDdSUdfrAltN2TJFMGXLLVJlhfwIXHPjD0PtFkJ+YhMJAQIECBAgQIAAAQL5FZC4zu+9ERmB5gScRYAAAQIECBAgUFqBZhPYd/zintIaGBiBqsD9P7kyHH7I9LDN1luFHV+1Q1j+s+uqhzzmTGDF6seHI6rdH660MzEBVxEgQIAAAQIECBAouYDEdclvsOERINCcgLMIECBAgAABAnkWGCuB/aFPzkktyZvnsYiNwGQE5p8/Jzx469XhrsXzJ9OMawkQ6GEBQydAgAABAgQIEMivgMR1fu+NyAgQIFA0AfESIECAAAECbRYYLYEdl+Xd/4iTJbDbfA80T4DA2AJr1z4/fFLtfrVyy4GB6q5HAgSKKSBqAgQIECBAgEBbBCSu28KqUQIECBAgMFEB1xEgQIAAgbEFqgns6fvuE175ipelLqgmsOPjilWbl+tNnaRAgACBNgo8tGL1cOtxf/ac84bLcWeHV2wfH2wECBDocQHDJ0CAAAECBOoFJK7rRZQJECBAgACB4gsYAQECBHpE4IbLzw7/8YN/Csce8d6w2847pkb9mbkXhaNO+XKQwE6xKBAg0AGBNc9tnnEd93/2779O9frLf7PUewpEgQABAgQmLuBKAgQIECiVgMR1qW6nwRAgQIAAAQIEWiegJQIEiiNw4dxTw/WXnpVJYMcZ1zGB/Zn/cVElgV2cEYmUAIGyCKxfPxiefOqZsgzHOAgQIECAQCkFDIoAAQJ5EZC4zsudEAcBAgQIECBAgEAZBYyJQMcE4ozrmMCO24HT/izV7+3LfhViAjvOwL79zl+ljikQIECg1QJP/XFzonr1478PL6xf3+outEeAAAECBAgQyJuAeAgQaIGAxHULEDVBgAABAgQIECBAgEA7BbQ9HoED9/uzyuzr6+edlVk+PCawjzr5y5UlxONs7PG061wCBAg0K/CqV758+NT1g4PD+3YIECBAgAABAgQIjC7gaK8LSFz3+jPA+AkQIECAAAECBAgQKKVATGAvvXFeGE5g14wyJrDNvK4BsUuAQEsFbl1wcUha2qLGCBAgQIAAAQIECBBoWqDAJ0pcF/jmCZ0AAQIECBAgQIAAAQJjCVQT2HEJ8bicePV8M66rEuN7dDYBAs0JnHjMB5o70VkECBAgQIAAAQIECBB4SSBPieuXQvJAgAABAgQIECBAgAABAq0WOPaI94bqDOw4C/sLpxzX6i60R6BZAef1gMDZp58cXrbdtj0wUkMkQIAAAQIECBAgQKBVAhLXrZLMTTsCIUCAAAECBAgQIECAwMgCcQZ23EY+wxECBIohkP8o7//JlaGvL/3WU39/upz/UYiQAAECBAgQIECAAIFOCfh/C52S1k+xBERLgAABAgQIECBAgAABAgQITFpg1dLrw/R99wlbDAxUZmCvvOP6SbfZ0gY0RoAAAQIECBAgQIBAbgQkrnNzKwRCoHwCRkSAAAECBAgQIECAAAECBG64/OywYsk/hzgDm0Y5BYyKAAECBAgQIECAQCsEJK5boagNAgQItE9AywQIECBAgAABAgQIECBAgED5BYyQAAECBAgQINDzAhLXPf8UAECAAIFeEDBGAgQIECBA9IwJeAAAAyFJREFUgAABAgQIECBAoPwCRkiAAAECBAgUWUDiush3T+wECBAgQKCTAvoiQIAAAQIECBAgQIAAAQIEyi9ghAQIECBAoEsCEtddgtctAQIECBAg0JsCRk2AAAECBAgQIECAAAECBAiUX8AICRAgQGD8AhLX4zdzBQECBAgQIECAQHcF9E6AAAECBAgQIECAAAECBAiUX8AICRDoMQGJ6x674YZLgAABAgQIECBAYJOAfwkQIECAAAECBAgQIECAAIHyCxghgeIISFwX516JlAABAgQIECBAgACBvAmIhwABAgQIECBAgAABAgQIECi/gBF2REDiuiPMOiFAgAABAgQIECBAgACBkQTUEyBAgAABAgQIECBAgAABAuUXGGuEEtdjCTlOgAABAgQIECBAgAABAgTyLyBCAgQIECBAgAABAgQIECBQaAGJ66Zun5MIECBAgAABAgQIECBAgACB8gsYIQECBAgQIECAAAECBAh0S0DiulvyvdivMRMgQIAAAQIECBAgQIAAAQLlFzBCAgQIECBAgAABAgQITEBA4noCaC4h0E0BfRMgQIAAAQIECBAgQIAAAQLlFzBCAgQIECBAgAABAr0mIHHda3fceAkQiAI2AgQIECBAgAABAgQIECBAoPwCRkiAAAECBAgQIFAgAYnrAt0soRIgQCBfAqIhQIAAAQIECBAgQIAAAQIEyi9ghAQIECBAgACBzghIXHfGWS8ECBAgQKCxgFoCBAgQIECAAAECBAgQIECg/AJGSIAAAQIECIwpIHE9JpETCBAgQIAAgbwLiI8AAQIECBAgQIAAAQIECBAov4AREiBAgEC5BSSuy31/jY4AAQIECBAg0KyA8wgQIECAAAECBAgQIECAAIHyCxghAQIEcisgcZ3bWyMwAgQIECBAgACB4gmImAABAgQIECBAgAABAgQIECi/gBESINAOAYnrdqhqkwABAgQIECBAgACBiQu4kgABAgQIECBAgAABAgQIECi/gBESqBOQuK4DUSRAgAABAgQIECBAgEAZBIyBAAECBAgQIECAAAECBAgQKL9AmUb4/wMAAP//Eb9tOgAAAAZJREFUAwCvsQ8WFLpfhAAAAABJRU5ErkJggg==','2026-03-17 15:15:37','2026-03-17 15:15:36','2026-03-17 15:15:36'),(4,6,1,'演示用户','data:image/png;base64,iVBORw0KGgoAAAANSUhEUgAAB64AAAEsCAYAAABzOJ0KAAAQAElEQVR4AezdD7RdVX0n8H1eHgnInyJjIeGvrZRqq9aZRGKpCNqSSi318U+QVCVTSxid0SpMgTW4mlVcA7ZS1BkqZmGhhdACkgSxtYVRSwU0Jsz4r4pUYQUhAQT5l0CB9/Lm7Yv3cc+797133839c84+H1Z23j37nrP3/n3248/i+/bN0Li/CBAgQIAAAQIECBAgQIAAgdQF1EeAAAECBAgQIECAAAECBAotMBT81QUBQxAgQIAAAQIECBAgQIAAAQLpC6iQAAECBAgQIECAAAECBHolILjulaxx5y7gCQIECBAgQIAAAQIECBAgQCB9ARUSIECAAAECBAgQIECghYDgugWKLgJlFrB2AgQIECBAgAABAgQIECBAIH0BFRIgQIAAAQIECBBITUBwndqOqocAgW4IGIMAAQIECBAgQIAAAQIECBBIX0CFBAgQIECAAAECBRIQXBdoMyyFAAECaQmohgABAgQIECBAgAABAgQIEEhfQIUECBAgQIAAge4ICK6742gUAgQIECDQGwGjEiBAgAABAgQIECBAgAABAukLqJAAAQIECBAIgmvfBAQIECBAgEDyAgokQIAAAQIECBAgQIAAAQIE0hdQIQECBAiUW0BwXe79s3oCBAgQIECAQL8EzEOAAAECBAgQIECAAAECBAikL6BCAgQIDExAcD0wehMTIECAAAECBAhUT0DFBAgQIECAAAECBAgQIECAQPoCKiRAoBMBwXUnap4hQIAAAQIECBAgQGBwAmYmQIAAAQIECBAgQIAAAQIE0hdQYeUEBNeV23IFEyBAgAABAgQIECBAIAQGBAgQIECAAAECBAgQIECAQPoCZapQcF2m3bJWAgQIECBAgAABAgQIECiSgLUQIECAAAECBAgQIECAAAECXRIocHDdpQoNQ4AAAQIECBAgQIAAAQIECBRYwNIIECBAgAABAgQIECBAgEAIguvUvwvUR4AAAQIECBAgQIAAAQIECKQvoEICBAgQIECAAAECBAiUXEBwXfINtPz+CJiFAAECBAgQIECAAAECBAgQSF9AhQQIECBAgAABAgQIDE5AcD04ezMTqJqAegkQIECAAAECBAgQIECAAIH0BVRIgAABAgQIECBAoCMBwXVHbB4iQIDAoATMS4AAAQIECBAgQIAAAQIECKQvoEICBAgQIECAQPUEBNfV23MVEyBAgAABAgQIECBAgAABAgQIECBAIH0BFRIgQIAAAQKlEhBcl2q7LJYAAQIECBRHwEoIECBAgAABAgQIECBAgACB9AVUSIAAAQIE+iUguO6XtHkIECBAgAABAs0CeggQIECAAAECBAgQIECAAIH0BVRIgAABAm0ICK7bQHILAQIECBAgQIBAkQWsjQABAgQIECBAgAABAgQIEEhfQIUECKQuILhOfYfVR4AAAQIECBAgQKAdAfcQIECAAAECBAgQIECAAAEC6QuokECBBQTXBd4cSyNAgAABAgQIECBAoFwCVkuAAAECBAgQIECAAAECBAikL6DC3ggIrnvjalQCBAgQIECAAAECBAgQ6EzAUwQIECBAgAABAgQIECBAgED6Ak0VCq6bSHQQIECAAAECBAgQIECAAIGyC1g/AQIECBAgQIAAAQIECBAol4DgupP98gwBAgQIECBAgAABAgQIECCQvoAKCRAgQIAAAQIECBAgQKBvAoLrvlGbaKqAawIECBAgQIAAAQIECBAgQCB9ARUSIECAAAECBAgQIECgHQHBdTtK7iFQXAErI0CAAAECBAgQIECAAAECBNIXUCEBAgQIECBAgACB5AUE18lvsQIJEJhdwB0ECBAgQIAAAQIECBAgQIBA+gIqJECAAAECBAgQKLKA4LrIu2NtBAgQKJOAtRIgQIAAAQIECBAgQIAAAQLpC6iQAAECBAgQINAjAcF1j2ANS4AAAQIEOhHwDAECBAgQIECAAAECBAgQIJC+gAoJECBAgACBZgHBdbOJHgIECBAgQKDcAlZPgAABAgQIECBAgAABAgQIpC+gQgIECBBITEBwndiGKocAAQIECBAg0B0BoxAgQIAAAQIECBAgQIAAAQLpC6iQAAECxREQXBdnL6yEAAECBAgQIEAgNQH1ECBAgAABAgQIECBAgAABAukLqJAAga4ICK67wmgQAgQIECBAgAABAgR6JWBcAgQIECBAgAABAgQIECBAIH0BFRIQXPseIECAAAECBAgQIECAQPoCKiRAgAABAgQIECBAgAABAgTSFyh1hYLrUm+fxRMgQIAAAQIECBAgQIBA/wTMRIAAAQIECBAgQIAAAQIECPRKoDjBda8qNC4BAgQIECBAgAABAgQIECBQHAErIUCAAAECBAgQIECAAAECLQQE1y1Qytxl7QQIECBAgAABAgQIECBAgED6AiokQIAAAQIECBAgQIBAagKC69R2VD3dEDAGAQIECBAgQIAAAQIECBAgkL6ACgkQIECAAAECBAgQKJCA4LpAm2EpBNISUA0BAgQIECBAgAABAgQIECCQvoAKCRAgQIAAAQIECHRHQHDdHUejECBAoDcCRiVAgAABAgQIECBAgAABAgTSF1AhAQIECBAgQIBAEFz7JiBAgACB5AUUSIAAAQIECBAgQIAAAQIECKQvoEICBAgQIECg3AKC63Lvn9UTIECAAIF+CZiHAAECBAgQIECAAAECBAgQSF9AhQQIECBAYGACguuB0ZuYAAECBAgQqJ6AigkQIECAAAECBAgQIECAAIH0BVRIgAABAp0ICK47UfMMAQIECBAgQIDA4ATMTIAAAQIECBAgQIAAAQIECKQvoEICBConILiu3JYrmAABAgQIECBAgEAIDAgQIECAAAECBAgQIECAAIH0BVRIoEwCgusy7Za1EiBAgAABAgQIECBQJAFrIUCAAAECBAgQIECAAAECBNIXUGGfBATXfYI2DQECBAgQIECAAAECBAi0EtBHgAABAgQIECBAgAABAgQIpC8we4WC69mN3EGAAAECBAgQIECAAAECBIotYHUECBAgQIAAAQIECBAgQKDkAoLrNjbQLQQIECBAgAABAgQIECBAgED6AiokQIAAAQIECBAgQIAAgcEJCK4HZ1+1mdVLgAABAgQIECBAgAABAgQIpC+gQgIECBAgQIAAAQIECHQkILjuiM1DBAYlYF4CBAjMTeDApSeGhYtHWrZFS44P8f25jehuAgQIECBAgAABAgR6L2AGAgQIECBAgAABAtUTEFxXb89VTIAAAQIVEhgdHZu22vHx8RDfny7Y3pl+gfi07N4gQIAAAQIECBAgQKBfAuYhQIAAAQIECBAolYDgulTbZbEECBAojoCVEJhJIAbiM73vvfQE3nf+JZMn+1+z7PT0ClQRAQIECBAgQIAAgYoKKJsAAQIECBAg0C8BwXW/pM1DgAABAgSaBXreMzw8L2RZ1vN5Wk0QT2w7ed1KJs2+tV+8dbKwnzz6+ORrLwgQIECAAAECBAgQIEAgICBAgAABAgTaEBBct4HkFgIECBAgUFaB+zfcELZuWhcevHN9U8uy3gfa8eR178Prsu6OdRMgQKB7Amee9/EQ26/99opw8NKTJj8BIf4QUVXbosUjYdGS43va9p8Y/4DDTwwH9rAd/IaTwi+96bTwy0cv70p77bIV4W2nnxNOWHn+nNoHV30q/HjLw937pjUSAQIECBAgQGDOAh4gQIAAgdQFBNep77D6CBAgQIDANALTBdqtQu52+jbetLrlTDG8bvmGzp4IxB8UqIdU8XXbk7iRAIHCCsRAOraZQun1N98WYnvokcfCc6Ojha2lnwsbn5hsfHw89LLtmBh/bGwsjPawPff8aHhq+9Phiae2d6U9/Ohj4c7v/CDcsem7c2rX3vTlENsEq18ECBAgQIAAAQJlFrB2AgQIFFhAcF3gzbE0AgQIECBQJoGD9t+3dqp7wfxdyrTs5Nba+IMCja97WejS31vZy+FLNbbFEuiGQAyp6z+AEr/GQDo2oXQ3dI2xMwLx3/U787xnCRAgQIAAAQIECKQioA4CBHojILjujatRCRAgQIBAZQU2f+36ytZexcJjaL35gYeqWLqaeydQ+ZH/4ctf76pB/JMhsiwLWdZZGxrKwrx5Q11vw8PzQvxhp1613XadH/baY/eetn323jMctGjfnrZDX35AOGLxq7vW3nr00nD2GafOuX1y1QfCKce9JfiLAAECBAgQIECAAAECXRIwDIEmAcF1E4kOAgQIECBAgACBdgRe+ZZ3hVah9b23X9vO4+4hQKBLAvOHh8N+L3tpGFn2xvDiH+2wfvL11k3rQ/zjITptWzauCw98Y23X2/0bbgjxh5161e69/bpw961retq+96WrwsYvrO5pu+2GS8Pa1R/tWrvy4vPC2Ssngus5NqF1l/6GNQwBAgQIECBAgAABAgS6KpDWYILrtPZTNQQIECBAgACBngsc/Y4PhPjxxY8/8VTTXDE0223XBU39OggQaF/gd97yhjB/eLj2wPzhmUPp+PfcfRs+F771T1eEyy48u/aM37ooYCgCBAgQIECAAAECBAgQIECgbwIDC677VqGJCBAgQIAAAQIEuiYQQ+u7fnRfy/FigNbyDZ0ECMxJIAbQMYyOf0/Fr0LpOfG5uYAClkSAAAECBAgQIECAAAECBNoREFy3o1Tce6yMAAECBAgQINA3AaF136hNRIAAAQIEpgq4JkCAAAECBAgQIECAQPICguvkt1iBswu4gwABAgQIEJhNYNnyD4dWJ63jidDYZnve+wQIECBAgACBwQtYAQECBAgQIECAAAECRRYQXBd5d6yNQJkErJUAAQIEkhVYuHgkfPuue5rqE1g3keggQIAAAQIECKQvoEICBAgQIECAAAECPRIQXPcI1rAECBDoRMAzBAgQKJLAAYefEGJo3WpNQutWKvoIECBAgAABAgQItCfgLgIECBAgQIAAgWYBwXWziR4CBAgQKLeA1RMgsJMCr//dM2qB9djYjpYjCa1bsugkQIAAAQIECBAgQKC/AmYjQIAAAQIEEhMQXCe2ocohQIAAAQLdETBKFQXOuuDSWmD9460Ptyz/ta/8xSC0bkmjkwABAgQIECBAgAABAiUVsGwCBAgQIFAcAcF1cfbCSggQIECAAIHUBEpUT/xI8DXrb2m54gXzd6kF1jev+YuW7+skQIAAAQIECBAgQIAAAQKVFlA8AQIECHRFQHDdFUaDECBAgAABAgTKKXDg0hNrp6ynW308Yb35a9dP93Zf+k1CgAABAgQIECBAgAABAgQIpC+gQgIECAiufQ8QIECAAAECBCoocPKZH6kF1qOjYy2rv+jclbVT1i3f1FlGAWsmQIAAAQIECBAgQIAAAQIE0hdQIYFSCwiuS719Fk+AAAECBIonEE/wNq4qy7LGS68LIHDg4SeEr278TsuVvGTXBbXA+vSTj235vk4C1RZQPQECBAgQIECAAAECBAgQIJC+2/XOigAAEABJREFUgAoHJSC4HpS8eQkQIECAQKICY2M7cpVt3bQud+1icAJnXXDpC6esp+xRXNHQ0FAtsL7n9mvjpUaAAIHeCRiZAAECBAgQIECAAAECBAgQSF+ggwoF1x2geYQAAQIECBCYXmB8fHz6N70zMIFfetNpYc36W1rO/+Cd68OWjWtbvqeTAAECBIopYFUECBAgQIAAAQIECBAgQCA1AcF1847qIUCAAAECBAgkJbBw8Uh4avvTTTXtuftLaqesm97QQYAAAQIEqiGgSgIECBAgQIAAAQIECBAokIDgukCbkdZSVEOAAAECVRQ4cOmJubKzLMtdu+i/QAytW80aT1n/279c0+otfQQIECBAgACBOQi4lQABAgQIECBAgAABAt0REFx3x9EoBHojYFQCBAiUTGBsbEduxVs3rctdu+itwBEnvK+tCWJo3daNbiJAgAABAgQIEOiPgFkIECBAgAABAgQIEAiCa98EBAgkL6BAAgT6JzA+Pt6/ycxUEzh46UkhnqqO7Z7NW2p90/32y794kI8Gnw5HPwECBAgQIECAQOkFFECAAAECBAgQIFBuAcF1uffP6gkQINAvAfMQmFVg6seEz/qAGzoWOOGMj0yG1c+NjrY1Tjxlfev1/6ute91EgAABAgQIECBAgEBlBRROgAABAgQIEBiYgOB6YPQmJkCAAIHqCaRd8ejoWK7A4eF5uWsXOyew6pIrwqIlx9cC6zvu/E7bg8XAOra2H3AjAQIECBAgQIAAAQIECOykgMcJECBAgACBTgQE152oeYYAAQIECBCYVeD+DTfMek9HN1TooUsuvy7s//oTamH1ZVffGGb7KPZlRy6pkI5SCRAgQIAAAQIECBAgQCBpAcURIECAQOUEBNeV23IFEyBAgACB7gvEk8CNo2ZZ1njp9RwEGsPqj336mrBjx44Znz5i8Wtqf251PFX9N584f8Z7G9/0mgABAgQIECBAgAABAgQIEEhfQIUECBAok4Dguky7Za0ECBAgQKCgAlNPAm/dtK6gKy3msuYaVs8fHp4Mq9euvqCYRVVjVaokQIAAAQIECBAgQIAAAQIE0hdQIQECfRIQXPcJ2jQECBAgQCBVgYWLR1Itred1/ef/flHtY8DbOVmdZVn4/GcvrAXW9234XM/XZgIC/RMwEwECBAgQIECAAAECBAgQIJC+gAoJzC4guJ7dyB0ECBAgQIDANAKtQuv4kdXT3K57QiCerj5w6Ym1wPofvvz1iZ7pfw0NDU2G1fEU++Gve9X0N3uHAIFqC6ieAAECBAgQIECAAAECBAgQSF8g8QoF14lvsPIIECBAgECvBBYtOb5p6AMWvqypT8cLAqsuuSLs//oTQjxdPTo69kJni98bw+otG9cGYXULJF0ECBDokYBhCRAgQIAAAQIECBAgQIAAgcEJ9Cu4HlyFZiZAgAABAgS6LhBPDI+Pj+fGzbIs3Pn3l+f6XIQQT1jHk+mXXX1j2LFjR0sSYXVLFp0ECBAgUE4BqyZAgAABAgQIECBAgAABAh0JCK47YhvUQ+YlQIAAAQKDF4ghbKsTw/GjrAe/umKsIIbVh/z6ybWPA48nrKdb1d577RHiR6s7WT2dkH4CBAgQIFBVAXUTIECAAAECBAgQIECgegKC6+rtuYoJECBAgEBHAvGjwWNo3erhGL626q9aXz2wjmH1s88937L8eLr6zN9/ey2wvusrV7e8RycBAgQIECBAgEAXBAxBgAABAgQIECBAgECpBATXpdouiyVQHAErIUCgewLxY7djIFxv8bp7o+/8SHE9cW1TPxq8PvLU0PpXf/PdtZPG8ZmqtZkC67pX/Ljw+LHhvbKpz1P/2uk8p7zvT+pD+EqAAAECBAgQIFBhAaUTIECAAAECBAgQ6JeA4Lpf0uYhQIBAs4AeAjWBqR+7Ha87DRt78VxcT22hU37Lsqx2anhKd3j08SendrkuocCtG75V+wGEEi7dkgkQIECAAAECBAgUTcB6CBAgQIAAAQIE2hAQXLeB5BYCBAgQKLKAtQ1CIJ6y3rpp3SCmNmefBeo/DPHGE97f55lNR4AAAQIECBAgQIAAgUYBrwkQIECAAIHUBQTXqe+w+ggQIECg0ALxY7gLscA2FxED69hmun3p614Zsiyb6RbvlVDgh5sfqJ3AXrR4JCxacnw4aOlJ4Vd/6z3hD//4z8KPtzxcwoosmQABAgQIECBAgAABAhUUUDIBAgQIECiwgOC6wJtjaQQIECCQvsDY2I5ckVlWzMA3y1p/LHhu8T+7uPGzF4V4GjsG3GVrG29aHT656gPh7DNODX/4zuPCW49eGv7Tqw8Lh778gHDQon1rbZ+99wx77bF7OHbivan1FeH6Z9sw+aWTNY0se+Pk81NfjE90jI+Ph+dHR8Ojjz0RbvrSHeHam7480esXAQIECBAgQIAAAQIECBCohoAqCRAgQKA3AoLr3rgalQABAgQItCUQA8DGG4sa+MZ1Na4z1dcH7b9vOOW4t4SzV54aLjj7D8KVF58X/uGv/yzcdsOlYeMXVtfa9750Vbj71jXhion3UnW47MKzQwyv5w8Pt1VidGvrxvZuchcBAgQIECBAgAABAgQIECCQvoAKCRAg0CQguG4i0UGAAAECBAgQIBDD6/s2fC7EE9tn/v7ba6fMh4fnhd12nR/iqfN4Cj2eSI8n1GPYT6xoAtZDgAABAgQIECBAgAABAgQIpC+gQgJpCQiu09pP1RAgQIAAAQIEJgWyrDsfPb/qQytqp8zv33BDuPf260I8dR5PoccT6ULrSW4vUhRQEwECBAgQIECAAAECBAgQIJC+gAoLIyC4LsxWWAgBAgQIECBAgAABAgTSE1ARAQIECBAgQIAAAQIECBAgkL5ANyoUXHdD0RgECBAgQIAAgQIIHHrkOwuwCksgQIAAgR4IGJIAAQIECBAgQIAAAQIECCQvILgOye+xAgkQIECAAAECBAgQIECAAIGAgAABAgQIECBAgAABAgSKLCC4LvLulGlt1kqAAAECBAgUTmD33XYt3JosiAABAgQIECi5gOUTIECAAAECBAgQIECgRwKC6x7BGpZAJwKeIUCAAAECOyOw/Zl/zz3+w6/+be7aBQECBAgQIECAQDEErIIAAQIECBAgQIAAgWYBwXWziR4CBMotYPUECBAgQIAAAQIECBAgQIBA+gIqJECAAAECBAgQSExAcJ3YhiqHAAEC3REwCgECBAgQIECAAAECBAgQIJC+gAoJECBAgAABAsUREFwXZy+shAABAgRSE1APgT4LjI+P93lG0xEgQIAAAQIECBAgQIBAQECAAAECBAh0RUBw3RVGgxAgQIAAAQK9EujVuAcuPTEsXDxSa/F1r+YxLgECBAgQIECAAAECBAgQIDC7gDsIECBAgIDg2vcAAQIECBAgUDmBRUuOD6OjY5N1N76e7EzrhWoIECBAgAABAgQIECBAgACB9AVUSIAAgVILCK5LvX0WT4AAAQIECLQrEMPq+glrH6ndrpr78gKuCBAgQIAAAQIECBAgQIAAgfQFVEiAwKAEBNeDkjcvAQIECBAg0HOBK6//Yu2jwGNgLazuObcJCLQn4K5CCsR/TtZb/EGfZcs/XMh1WhQBAgQIECBAgAABAgQIlETAMgl0ICC47gDNIwQIECBAgEBxBRrD6nMv+kxxF9rllR121Gm5EbMsy127IEAgLYFuVhMD68bx4g/6fPuueyZ/8Ce+P4gWA/RfOOKUsPT3VtZa4xq9JkCAAAECBAgQIECAAAECVRCoWo2C66rtuHoJECBAgECiAjHgiMFKO2H18PC8RBVeLGvP3Xd78cIrAgQIzCCQZcX8QZcYoD/z7LNh8wMP1Vr8Z/zUFv/ZvxPh9gwq3iJAgAABAgQIECBAgAABAgT6LdCj4LrfZZiPAAECBAgQqKpADC1ikBEDjpkMsiwLD965vtbu33DDTLeW8r2ntj+TW/fdt16Tu3ZBgACB6QS2bloXsqyY4fV0a673x3/2zxRuL1o8EhYtGQmHHbW81t58ygfDqkuuqD/ua1cEDEKAAAECBAgQIECAAAECBLojILjujmNvRjEqAQIECBAgMK1ADKtji6HFtDdNvFEPq2MwM3E57a841rRvluCN2RxKUIIlEiAwQIH4z8j6Py9f+8pfDAvm71LaMLuRcXziYnzitye3bQ+xff+Hm8NlV9/Y9DHoMdyOTcA9AebXYATMSoAAAQIECBAgQIAAAQJBcO2bIHkBBRIgQIBAOgJXXv/FybBhpqriR4HXA5jp7rvo3JVNbx249MSmPh0ECBComsDNa/4ibP7a9aExzK7/M3UQX5ePHBNiO+SA/cJuCxbUWrf3JIbbscVwO7bpAu74Q07dbi+cCj8+LFrS3bb/xHgHHH5iOLBL7eA3nBR+6U2nhV8+enlH7bXLVoS3nX5O+OCqT4Ufb3m421toPAI1Ab8RIECAAAECBAgQIFBuAcF1uffP6gn0S8A8BAgQGKhAPbA+96LPzLiOeqDSzkeBn37ysU2nCUdHx2Yc35sECBAg0H+Biz/y/hDbhs9/Jtx7x7W1Vv/nff1rDLZjmxpul+ET0McnSOOnZnS77ZhI4sfGxsJol9pzz4+Gp7Y/HZ54antH7eFHHwt3fucH4dqbvlxrE2X7RYBAMQWsigABAgQIECBAgMDABATXA6M3MQEC1RNQMQECcxWIJ6DjybaZAussy0I9uJjr+PE04VyfcT8BAgQIFE8gBtuxTQ23t25aP/nviPjvijN//+0htlcdekjYa4/dw7x5Q2HiXyO1Vryq0l3RQfvvm25xKiNAgEBNwG8ECBAgQIAAAQKdCAx18pBnCBAgQIDAwARMXAmB+HGpMbCe6QR0lr0QWAufQzjsqNNy3xdZluWuXRAgQIDACwKrPrQixPaVaz8Z7r51TXjgG2tDDLdji8F2vcVwO7bGgDv+MRQL5u8Sut1223V+LUSPQXo32z577xkOWrRv19qhLz8gHLH41R23tx69NJx9xqnhk6s+EE457i0vbIjfCRAgQIDATALeI0CAAAECBConILiu3JYrmAABAgQIhFBUg3pgHT8udbo1ZpnAejqbev+eu+9Wf+krAQIECHQgEMPt2BoD7vs33BA2f+36rrd7b7+uFqLHIL2b7Xtfuips/MLqrrXbbrg0rF390Y7blRefF85eearQuoPvR48QIECAAIGdEfAsAQIECBAok4Dguky7Za0ECBAgQCBRgXi6OraZAut40i2ehCvQCevC7MZT25/JreXuW6/JXbsgQIAAAQIECBAgQIAAAQIEOhbwIAECBAj0SUBw3Sdo0xAgQIAAAQJ5gUsuvy7EsDq2/Dv5q3pgHU+65d9xVReYKfCv39PJ1yNP+q+Te3Tom97ZyRBtPOMWAgQIECBAgAABAgQIECBAIH0BFRIgQGB2AcH17EbuIECAAAECBLooUP848I99+poZR42nq2MTWM/I1JZ6GnIAABAASURBVNM3/+3e+yfH3zblVPfkG14UQ8AqCBAgQIAAAQIECBAgQIAAgfQFVEggcQHBdeIbrDwCBAgQIFAUgXpgPdPp4Cx74c+vjoF1UdZtHQQIVEdApQQIECBAgAABAgQIECBAgED6AiosroDgurh7Y2UECBAgQKD0Ao0fB95OYL1107rS16wAAgQIVFxA+QQIECBAgAABAgQIECBAgED6Aj2pUHDdE1aDEiBAgACBagscuPTEsHDxSJjt48CHh+eFeLpaYF2O75fjVpxTjoVaJQECBEovoAACBAgQIECAAAECBAgQIFA9geoF19XbYxUTIECAAIG+CNQ/CjwG1qOjYzPOGcPq2O7fcMOM93lzsALz5uX/U3HTd+4e7ILMToAAAQIE5iLgXgIECBAgQIAAAQIECBAolUD+/0aWaukWO0gBcxMgQIBAtQXiR4A3BtUxrJ7po8CjVpZltdPVMbCO11rxBR74xtrcImfb49zNLggQIECAAIEkBBRBgAABAgQIECBAgACBfgkIrvslbR4CzQJ6CBAgUBqBqUF1/AjwdkNMHwdemm1ua6EHv+Gktu5zEwECBAgQIECAwKSAFwQIECBAgAABAgQItCEguG4DyS0ECBRZwNoIEOiFwIFLTwzxFHW9zSWorq8nnqyOzceB10XK+fXn9/m53MKfe3609r3x7j/6aK7fBQECBAgQIECAAIHeChidAAECBAgQIEAgdQHBdeo7rD4CBAi0I+CeygvEE9X1kDp+HR0dm7NJ/WR1DKtjm/MAA3jgkF8/OTdrlmW5axchfOeWv27JcPNXN4XFb3tvy/d0EiBAgAABAgQIECBQUAHLIkCAAAECBAgUWEBwXeDNsTQCBAgQKJfAXFcbTzU3PpNl/Q1NFy05vnZyNgbV8UR141pme51lWZgaVJfxZHU8PdxY64XnnNF46fXPBEaWvfFnr/JfHnjwEeF1nsQVAQIECBAgQIAAAQIVEFAiAQIECBAg0BsBwXVvXI1KgAABAgRmFRgb25G754/PfGfuutsXU09Vt/tnVMd1ZFkW4inqetu6aV3oUVAdp+tbm2pw+snH9m3uMk102YVn1/Z/l12Gw9S/hNdTRVwTIECAAAECBAgQIECAQBsCbiFAgAABAk0CgusmEh0ECBAgQKA/AlND0w+99x1dn7jTU9XDw/NqQWVjUN31xRmwhwK9GfrHX/9caHX6WnjdG2+jEiBAgAABAgQIECBAgACBmQW8S4AAgbQEBNdp7adqCBAgQKDCAvFEdWNQHT8CfGo4Ph1PluVPVKdwmnq6WvXvnEA8fb185JimQWJ4Hb//mt4oc4e1EyBAgAABAgQIECBAgAABAukLqJAAgcIICK4LsxUWQoAAAQIE2hdoFVLHP6e63aA6ztR4qjp+9Hfsq1Ib9J8xXmbriz/y/tAqvI7ff/EHJspcm7V3X8CIBAgQIECAAAECBAgQIECAQPoCKiTQDQHBdTcUjUGAAAECBLogEAO/dttcQ+q4vCxzqjo61Nvo6Fj9Ze1rFcP7WuEd/jZdeB2Hi9/HZ5738fhSI0CgOwJGIUCAAAECBAgQIECAAAECBNIXqHyFguvKfwsAIECAAIGUBap+qjrlvS1CbTG8fvDO9S2Xsv7m28JvnPC+lu/pJECAwGAEzEqAAAECBAgQIECAAAECBAgUWaA7wXWRK7Q2AgQIECBQEYEsy0JjUB0Dxfs33FCR6udW5suPeMfcHnD3jALxe223BQua7vnR5i3ByesmFh0ECBAot4DVEyBAgAABAgQIECBAgACBHgkIrnsE28mwniFAgACBagmc819OC1mWdVR0ljWH1PGjrgXV7XE++9zzuRsvOndl7trF3AXuvePacMgB+zU9GE9eN3XqIECAAAECFRdQPgECBAgQIECAAAECBAg0Cwium030lFvA6gkQIFAagQ+99x0hhs3xtOpcW3xOSN35Vo+Pj+cePv3kY3PXZb7Iss5+GKIbNW/4/GfC8pFjmoZauHikqU8HAQIECBAgQGAnBTxOgAABAgQIECBAgEBiAoLrxDZUOQS6I2AUAgQIpCsgRO3t3l78kfeHVxyyf9Mkhx11WlOfDgIECBAgQIAAgUELmJ8AAQIECBAgQIBAcQQE18XZCyshQCA1AfUQIFA4gYOWnti0pnjavamzRB2/8pvvKtxqb1/7l2FoKH/y+8ltT4ffOOF9hVurBREgQIAAAQIECBDYaQEDECBAgAABAgQIdEVAcN0VRoMQIECAQK8EjEugmwLPj47lhsuyfLiae7OkFy/9uT0KsfItG9c1reNHm7c09ekgQIAAAQIECBAgQIBAFNAIECBAgAABAoJr3wMECBAgQCB9ARVOCBzY4rT11k3N4erEraX69dgT23Lr/d6XrspdD/Ki1Wn2X/nNdw9ySeYmQIAAAQIECBAgQIBAygJqI0CAAAECpRYQXJd6+yyeAAECBAgQaFdgdMpp64vOXdnuoz+7z5dOBF75ioNzj/308Sdz1y4IECBAgAABAgQIECBAgECxBKyGAAECBAYlILgelLx5CRAgQIAAgb4JtDptffrJx/Zt/l5OND4+3svhd3rsf77uU/kxJq6cup5A8IsAAQIECBAgQIAAAQIECKQsoDYCBAh0ICC47gDNIwQIECBAgEC5BJy2Hux+tTp1vWz5hwe7qJLPbvkECBAgQIAAAQIECBAgQIBA+gIqJFA1AcF11XZcvQQIECBAoGICKZ+2LstWtjp1/e277gnHrTinLCVYZ5oCqiJAgAABAgQIECBAgAABAgTSF1BhiQQE1yXaLEslQIAAAQIE5i7gtPXczXrxxEXnrmwaduO3fyC8blLRQaBsAtZLgAABAgQIECBAgAABAgQIpC/QnwoF1/1xNgsBAgQIECAwAAGnrQeAPs2Up598bBBeT4OjmwABAgQIECBAgAABAgQIECBAgACBkHxwbY8JECBAgACB6gqkftr6Nce8J7e5WZblrot2EcPryz/2x03LiievFy05vqlfBwECBAgQmIuAewkQIECAAAECBAgQIECg3AKC63LvX79Wbx4CBAgQIFA6gSqctv7JT5/I7cvWTety10W8+N3fOiK0Cq/Hx8fDwsUj4awLLi3isq2JAAECBAhURUCdBAgQIECAAAECBAgQGJiA4Hpg9CaunoCKCRAgQKCfAqmftu6nZbfnmi68jvOsWX9LeNPJ/y2+1AgQIECAAAECJRWwbAIECBAgQIAAAQIEOhEQXHei5hkCBAYnYGYCBAi0IXDYUac13RU/prqpU8fABGJ4/eCd68PP77N30xruvufHTl83qeggQIAAAQIECFRMQLkECBAgQIAAAQKVExBcV27LFUyAAIEQGBBIXeDJbU/nSmz10dS5G1wMTOA7t1wZjnz9a1rOH09fv/uPPtryPZ0ECBAgQIAAAQIECMwu4A4CBAgQIECAQJkEBNdl2i1rJUCAAIEiCVhLiQTi6d4SLbetpb7mmPfk7suyLHddpovrL7sgxNPXrdZ881c3hUOPfGert/QRIECAAAECBAgQIECgHwLmIECAAAECBPokILjuE7RpCBAgQIAAgVYC3e9buHgkN+j8XYZz16lc/OSnT+RK2bppXe66jBcxvG710eHbnn6m9tHhZazJmgkQIECAAAECBAgQIEAgCmgECBAgQGB2AcH17EbuIECAAAECBEoscN/XP1fi1be59IRuix8dPt1Hu8cfSjjrgksTqlYpBAgQIECAAAECBAgQIEBgDgJuJUCAQOICguvEN1h5BAgQIECgSgIHv+GkKpWbbK3xo93j6etWBfbyz71uNZ8+AgQIECBAgAABAgQIECBAIC0B1RAgUFwBwXVx98bKCBAgQIAAgTkKPPf8aO6J6cLP3E0uCisQ92+/n9+naX3+3OsmkiJ1WAsBAgQIECBAgAABAgQIECCQvoAKCfREQHDdE1aDEiBAgAABAv0WWLTk+H5PObD5XnPMe3JzZ1mWu07p4lv/+Fdh2ZFLmkry5143kehISkAxBAgQIECAAAECBAgQIECAQPoCKpwqILieKuKaAAECBAgQKKXA+Ph4bt3xtG6uI6GLn/z0iVw1Wzety12ndvE3nzg/fP6zF7Ysy5973ZJFJwECUUAjQIAAAQIECBAgQIAAAQIESiXQUXBdqgotlgABAgQIEEheIIaXyRdZ8QIPf92rwnQ/jLBm/S3hzPM+XnEh5RMgQKA3AkYlQIAAAQIECBAgQIAAAQL9EhBc90u6eR49BAgQIECAQBcEDjvqtKZRpgs4m27UUTqBuLf7/fw+Tetef/Nt4cClJ4azLri06T0dBAgQIEBgwAKmJ0CAAAECBAgQIECAAIE2BATXbSC5pcgC1kaAAAECVRd4ctvTOYIsy3LXLtIT+NY//lVYduSSpsJGR8eC09dNLDoIECBAgEAiAsogQIAAAQIECBAgQCB1AcF16jusPgLtCLiHAAECJRX4xTee2rTyrZvWNfWl1PG6t67IlZNl1Qzq/+YT54fPf/bCnEX9wunruoSvBAgQIECAAIEpAi4JECBAgAABAgQIFFhAcF3gzbE0AgTKJWC1BAj0X+DpZ/49N+lLdts1d53ixUOPPJ4rK/WgPlfslIvDX/eqED86/ICFL5vyTghOXzeR6CBAgAABAgQIEOiSgGEIECBAgAABAgR6IyC47o2rUQkQIECgMwFPEWhbYNGS45vuvee2v2vqS61jfHw8tZJ2up47//7ysPGm1S3Hcfq6JYtOAgQIECBAgAABAoMWMD8BAgQIECBAoElAcN1EooMAAQIECJRdoBrrnxrgxpO31ahcla0EDtp/X6evW8HoI0CAAAECBAgQIEAgYQGlESBAgACBtAQE12ntp2oIECBAgEAlBBYuHul9nWYopYDT16XcNosmQIAAAQIECBAgQIDA4ATMTIAAAQKFERBcF2YrLIQAAQIECBBoR+Cwo05rus1p6yaSwnQMYiHtnL5e/DvvHcTSCjPn+X9+eYg/AFKGduDrTwj19qq3vCvE9u4/+mhhLC2EAAECBAgQIECAAAECBEJgQIAAgW4ICK67oWgMAgQIECBAoG8CT257OjdXlmW565QvXvfWFbnysqw6tecKb/NiptPXDzz0SC24/Y/H/kGbow30tq5PfvnffaHrY/ZqwNEdO0K9PfbEUyG2m7+6qbZ/MwXv9bA7fo1hd2wC717tknEJECBAgAABAgQIECBAoAsChiBQeQHBdeW/BQAQIECAAIHyCBx65DubFrt107qmvlQ7Hnrk8VxpVao9V/gcLmY6fR2H2frwo7UA9JBfPzmsuuSK2FWJlmXp/9BDPeyOX2PY/dgTT4V2Au+pYfjBS08Kje3XfntFqLczz/t4qLdKfOMokgABAgQIECBAgAABAgQIFF7AAsssILgu8+5ZOwECBAgQqJjAtqefyVW8x0t2y12nfjE+Pp56iT2rr376epfh4ZZzPPvc8+Gyq29hgRDQAAAQAElEQVQMVQmwjzz8NSHL0g+vW272HDufGx0Nje2hRx4L9bb+5ttCvU0NvOdy3RiMx9f1YDx+rQfj8escl96b241KgAABAgQIECBAgAABAgQIpC8woAoF1wOCNy0BAgQIECAwN4HDjjqt6YEffvVvm/p0EJhOIJ6+/vGGz4WNN60Ouy1Y0PK2xgD7rAsubXlPCp3X/eWfhnhi/8E714cytWVHLgmxvfTn9gyxDQ8NhdhCyf9qDMbj63owHr/Wg/H4dS5huHtHap+mUFQH6+re/ixaPBIWLTm+0m3/ifoPOPzEcGBC7eA3nBR+6U2nhV8+enlh22uXrQhvO/2ccMLK8/vSPrjqU+HHWx4u+b/xLJ8AAQIECBAgQIDAzAKpBdczV+tdAgQIECBAoLQCT257Orf2GLblOlz0TSD+j9PYyvo/T2OAfe8d19YC7EX7/oeWbjHAXrP+llrwlXKA3bL4Anf+zSfOD7F9/8tXhdju37g2xBb/eTBTi2F3bDHsji2G3bEVuFRLI0BgdoHaHfGzSOInklS57RgfD2NjY2E0ofbc86Phqe1Phyee2l7Y9vCjj4U7v/ODcMem7/alXXvTl0NstW98vxEgQIAAAQIECBBIVEBwnejG7lxZniZAgAABAgSKJrD4be/NLWloQB/zHE8Vxf9pGtsdd343t6ayXcQA+/998bO1E8eHHnLAtMuvB9h/eO6fT3uPN4otEMPu2GLYHVsMu2ObKeye6b2RZW8MjW2/l7001Nv84eEwf/iFVmwVqyNAgEAU0MokEP/bpUzrtVYCBAgQIECAAAECcxUQXM9VzP0E2hVwHwECBAh0TSB+pGrjYHvt8ZLGy0q83vrQo7k6t2xal7vux0UMquOpovpcZT1xXV9/49fb1l46a4B90y23105gv/mUDzY+6nUFBS678OzQ2L71T1eEertvw+dCvc0Ufs/2XmMwHl/Xg/H4df7wC8H4/OHhSf34syxZloUsq04bGsrCvHlDlW7Dw/PCgvm7VLrttuv8sNceu1e67bP3nuGgRfsm1Q59+QHhiMWvLnR769FLw9lnnPpC68PXT676QDjluLcEfxEgQIAAAQIECBBIWUBwnfLuqo1AAgJKIECAQCuBu2+9plV30n3xY0AHXWD8ePD6GuKJn7NXnlq/TOZrOwH293+4eTLAXnXJFcnUrpBiCTQG4/F1PRiPX+vBePxaD8C3bloftm5aV6m2ZeO68MA31la63b/hhrD5a9dXut17+3Xh7lvXVLp970tXhY1fWJ1Uu+2GS8Pa1R8tdLvy4vNC/G+hfrUqhNbF+jex1RAgQIAAAQIECAxCQHA9CHVzEiBAoL8CZiNQaoHDjjqt1OtPZfEf/8zfhcYT1vGEUSq1taqjHmAvHzmm1du1vhhgX3b1jeGwo5YHAXaNxG8ECBAgQIAAAQKDFTA7AQIECBAgQKDUAoLrUm+fxRMgQIBA/wTMNCiBJ7c9nZs6ni7MdbjouUAMrD+++u8m5zliyasr81GVF3/k/SF+z228aXWIH0s8idDw4slt20MvAuzoHk+5xxZfN0zpJQECBAgQIECAAAECPRMwMAECBAgQIDAoAcH1oOTNS4AAAQIECiAQA7GpJ2l7uqw5Dv7KNy+f4xNp3r74be/NFTaUZbnrXl/81mkfyk3xyT/5QO66Chfxo9HjxxLHEHuvPXZvWXI9wF60ZGSnT2DHvy9ff9wZ4dqbvlxrd9z53ZZz6iRAgAABAgQIECBAgEAhBSyKAAECBAh0ICC47gDNIwQIECBAIAWBGIzFUCyepC1qKPb4k9tz1DE0zHVU5OKBBx/JVbpl07rcdS8vVl9zU3jiqRf34YjFrw4xxO3lnEUf++5b19ROYb/q0ENaLnV8PNROYHcaYL922YoQ/75sHNyJ60YNrwkQIECAAAECBAgQIFANAVUSIECgagKC66rtuHoJECBAgMDPBBqDMaHYz1B8aRL4009cOdk3PG9eWLv6o5PXJX+x08v/yrWfbCvAXrh4JLz1XWe3Nd8JZ5wfHn70sdy9Z59xajh75am5PhcECBAgQIAAAQIECBAgQIBAWwJuIkCgRAKC6xJtlqUSIECAAIFuCXzjm9/PDXXKcW/JXRfhIoZ9jevYe6/WH8/ceI/X3RWIIero2NjkoO8o4PfJ5OIG+KIxwJ7uU9y/+b0fhvg9/fY/OC9ccvl106628e/Nn9tz99oPChQ7tJ62FG8QIECAAAECBAgQIECAAAECyQgohEB/BATX/XE2CwECBAgQKJTARX+5ZnI9MRwrw0c/3/WVF9c8ufgKvBjUn28dA9TGj5CP3yd/8ZH3V0C88xJjgL110/pw5u+/PUwXYG/45vfDxz59TYgfBz41wI7mjT8ocNYZp4b40eydr8iTpRGwUAIECBAgQIAAAQIECBAgQCB9ARXOKiC4npXIDQQIECBAID2BrQ8/OlnUPnvvNfm6KC9e+eblRVnKwNfxwIOP5NbQrz/fOp62bpz4qk+c33jp9QwCqz60IsQA+8E714fh4Xkt74wfBx4D7EN+/eTJE9ifvfbvc/eecdpxuWsXBAjMLOBdAgQIECBAgAABAgQIECBAoNwC7QTX5a7Q6gkQIECAAIHSCTz+5PbcmmMAmOtw0VOBAw8/MTSe/D1o0b7h8Ne9qqdzpjr4/RtuCPH7d9//8NKWJT773PO1E9j7v/74cPO/bJy8Z2gom3ztBQECBPooYCoCBAgQIECAAAECBAgQIDAwAcF13+hNRIAAAQIECBAovsChb3pnLrQenjcvbPzC6uIvvOAr/PbNV9QC7KXT/ADAjh3j4Zl/f3ayit0WLJh87QUBAgQIlE3AegkQIECAAAECBAgQIECgEwHBdSdqnhmcgJkJECBAIHmBX/nNd+VqzLLqnjxd+nsrcxbzhnr7n24jf/g/wrbtz0zOmU28uv8bN0z87le3BG787IWTAfbQDKeqnx8d69aUxiFAgAABAuUUsGoCBAgQIECAAAECBCon0Nv/+1k5TgUTKIeAVRIgQKDIAj99/Knc8rZuWpe7rtLF5gceypX7wMa1uetuXpz3sdXh6//3XyeHjKH16e/4nclrL7orEAPsLRvXhXgCu1WAveuC+d2d0GgECBAgQIBAJQUUTYAAAQIECBAgQKBMAoLrMu2WtRIgUCQBayGQjMCok53J7GWnhXzh/9wRrrjuH3KPx9D6wnPOyPW56L5APcB+8M71Ybdd59faKw45INx965ruT2ZEAgQIECBAgACBTgQ8Q4AAAQIECBAg0CeBoT7NYxoCBAgQINBCQNegBB5/4sVTzdu2Pz2oZTTNO/VjwptuqFDH1I8J71XpV17/xfDec/4sN/yKd/xOEFrnSPpyce/t14XYbl97aV/mMwkBAgQIECBAgACB/gmYiQABAgQIECAwu4DgenYjdxAgQIAAgWILdLC658fGJp96avszk68H/eKxJ7bllhBPoeY6KnQx9WPCe2ERQ+v4EeGNrAct2ldo3QjiNQECBAgQIECAAAECBIoiYB0ECBAgQCBxAcF14husPAIECBAg0Erg5Le9ebJ7dCLEjh8VPdkxwBfj4+MDm71qE9dD60bzoaGhsPELq6tGoV4CBAgQIECAAAECBAgQqJCAUgkQIECguAKC6+LujZURIECAAIGeCUz9GOhLr1rXs7naHXjh4pF2b03+vl5/THir0DrLsrBl49qdtfU8AQIECBAgQIAAAQIECBAgkL6ACgkQINATAcF1T1gNSoAAAQIEyiXwzX/9YYhh5qBWvWjJ8U1T9+KjsZsmKWjH/Vt/klvZIQfsl7vemYu4z/HjwRtPWmdZFrZuGvwPL+xMXWk9qxoCBAgQIECAAAECBAgQIEAgfQEVEiAwVUBwPVXENQECBAgQqIjAPnvvOVlpDDH/5/++evK6ny9iaB3nb5yzyqF1dBjbsSN+mWwbPv+Zydc780JovTN6ni2dgAUTIECAAAECBAgQIECAAAEC6QuoMCkBwXVS26kYAgQIECDQvsD3vnRV7uYnt20PK866MNfX64vXHPOeMDW0zrKs19NWcnyhdSW3XdEEdlrAAAQIECBAgAABAgQIECBAgED6AkWpUHBdlJ2wDgIECBAgMACBi85dmZv1i/+8IVxy+XW5vl5e/OSnTzQNX/WPrP6NE96XMxmeNy933cmF0LoTNc8QIECgawIGIkCAAAECBAgQIECAAAECBNoQKHlw3UaFbiFAgAABAgSmFTj95GPDXnvsnnv/Y5++Jqy65IpcXy8uFi4eaRq26h8RHkF+tHlL/DLZ7v/GDZOvO3kRfxDhvIs+kzvZnmVZqPoPCHRi6RkCBAgQGKSAuQkQIECAAAECBAgQIEAgdQHBdeo73E597iFAgACBSgvcfeuasGD+LjmDy66+MZx1waW5vm5eLFpyfNNwQusmkp3uiKF1/EGE8YaRskxo3cDhJQECBAgQqJaAagkQIECAAAECBAgQIFBgAcF1gTfH0solYLUECBAos8Dmr10fsizLlbBm/S3hF444JdfXjYsYWo+PN0apIQituyGbH6MeWjf2ZpnQutHDawIECBAgQIBAJwKeIUCAAAECBAgQIECgNwKC6964GpUAgc4EPEWAwAAFWn109DPPPhti0Nyt09eve+uK3EdWx3KzLB+Yx76qtt844X250l9xyP6563YvWoXW8dlWexz7NQIECBAgQIAAAQJ9FjAdAQIECBAgQIAAgSYBwXUTiQ4CBAiUXcD6CXQu0OrkczwdHU9f/9pvrwhnnvfxjgdfuHgkPPiTx5qeF6a+SPKjzVtevJh4dfvav5z4fW6/pgutW+3t3EZ2NwECBAgQIECAAAECxRKwGgIECBAgQIBAWgKC67T2UzUECBAg0C2BCo8TA87dFixoEnjokcfC+ptvCzGA7qQ1DTjREeea+OJXlwSE1l2CNAwBAgQIECBAgAABAtURUCkBAgQIECBQGAHBdWG2wkIIECBAgEBxBO6949qwfOSYnV7QTAMIrfM6Uz8mPP/u7FdC69mN3EGAAAECBAgQIECAAAECvREwKgECBAgQ6IaA4LobisYgQIAAAQIJClz8kfeHGC7PHx7uanVDWVYbt6uDJjDYPfdtzVUR7X/WMeuXVZdcET726Wua7pvLGE0P6yBAgAABAgQIECBAgAABAgT6KWAuAgQIVF5AcF35bwEABAgQIEBgZoH7NnyuFjTv97KXznzjLO9m2QuB9ZZN62a5s5pvxz9LvJPKY2h92dU3Nj0qtJ5K4poAAQIECBAgQIAAAQIECBBIX0CFBAiUWUBwXebds3YCBAgQINBHgW/90xW1ADsGop20rQLraXfr6Hd8YNr3Znrjzad8MAitZxLyXtcFDEiAAAECBAgQIECAAAECBAikL6BCAgMSEFwPCN60BAgQIECAAIG6wF0/uq/+svb1la84uPZ1pt9iaP39H25uuiX+UEFTpw4CBAolYDEECBAg8TR9BQAAD+dJREFUQIAAAQIECBAgQIBA+gIqnLuA4HruZp4gQIAAAQIECPRU4J+v+9SM4x921PIwNbSeN2+odiJ+xge9SYAAgXQEVEKAAAECBAgQIECAAAECBAgkJtAiuE6sQuUQIECAAAECBAosMNePCV+0ZCQ8uW17rqK99tg9PPCNtbk+FwQIECBAYHYBdxAgQIAAAQIECBAgQIAAgeIICK57tRfGJUCAAAECBAi0ITD1Y8Jn+qjvhYtHwvh4ftBXHXpIuPvWNflOVwQIECBAgED/BMxEgAABAgQIECBAgAABAl0REFx3hdEgvRIwLgECBAgQIPCCQAytX3j14u8xtP7KtZ98scMrAgQIECBAgEBJBSybAAECBAgQIECAAAECgmvfAwTSF1AhAQIECBRUYOrHhGdZ1rTSsy64NAitm1h0ECBAgAABAgQINAvoIUCAAAECBAgQIFBqAcF1qbfP4gkQ6J+AmQgQINB9gakfE75107rcJEt/b2VYs/6WXF+8iB8n7qR1lNAIECBAgAABAgQIdFvAeAQIECBAgAABAoMSEFwPSt68BAgQqKKAmgkQmBRYtvzDk69bvYinrDc/8FDTWzG0burUQYAAAQIECBAgQIAAgSIJWAsBAgQIECBAoAMBwXUHaB4hQIAAAQKDFDB3GgLfvuueXCH1QDqeso6hde7NiYssy0L9nolLvwgQIECAAAECBAgQIEAgcQHlESBAgACBqgkIrqu24+olQIAAAQIEokAh26Ilx4dWp6wPOWC/MPVjxAtZgEURIECAAAECBAgQIECAAIFiCVgNAQIECJRIQHBdos2yVAIECBAgQCANgaknqvfc4yUh9o2PjzcVGE9Zb/j8Z5r6i9FhFQQIECBAgAABAgQIECBAgED6AiokQIBAfwQE1/1xNgsBAgQIECBAYFqBp7Y93fRePGUdQ+umN3SkJ6AiAgQIECBAgAABAgQIECBAIH0BFRIgMKuA4HpWIjcQIECAAAECBLonsGz5h2cdLIbWTlnPyuQGAjkBFwQIECBAgAABAgQIECBAgED6AipMW0Bwnfb+qo4AAQIECBAomMC377pnxhXFU9ZC6xmJvEmAQO8EjEyAAAECBAgQIECAAAECBAikL1DYCgXXhd0aCyNAgAABAgSqJhBD66rVrF4CBAikJ6AiAgQIECBAgAABAgQIECBAoBOBcgXXnVToGQIECBAgQIBACQSE1iXYJEskQIAAgf4JmIkAAQIECBAgQIAAAQIEKicguK7cloegZAIECBAgQKBYAkLrYu2H1RAgQIAAgVQE1EGAAAECBAgQIECAAIEyCQiuy7Rb1lokAWshQIAAAQIdCcSQes/dX1J7dnhoKMTr2oXfCBAgQIAAAQIEiihgTQQIECBAgAABAgQI9ElAcN0naNMQINBKQB8BAgSqKfBv/3JNLbC+f+PaagKomgABAgQIECBAoGICyiVAgAABAgQIECAwu4DgenYjdxAgQKDYAlZHgAABAgQIECBAgAABAgQIpC+gQgIECBAgQIBA4gKC68Q3WHkECBAg0J6AuwgQIECAAAECBAgQIECAAIH0BVRIgAABAgQIFFdAcF3cvbEyAgQIECBQNgHrJUCAAAECBAgQIECAAAECBNIXUCEBAgQIEOiJgOC6J6wGJUCAAAECBAh0KuA5AgQIECBAgAABAgQIECBAIH0BFRIgQIDAVAHB9VQR1wQIECBAgAABAuUXUAEBAgQIECBAgAABAgQIECCQvoAKCRBISkBwndR2KoYAAQIECBAgQIBA9wSMRIAAAQIECBAgQIAAAQIECKQvoEICRREQXBdlJ6yDAAECBAgQIECAAIEUBdREgAABAgQIECBAgAABAgQIpC+gwi4ICK67gGgIAgQIECBAgAABAgQIEOilgLEJECBAgAABAgQIECBAgACB1AWGQuoVqo8AAQIECBAgQIAAAQIECBAIgQEBAgQIECBAgAABAgQIECiwgBPXXdocwxAgQIAAAQIECBAgQIAAAQLpC6iQAAECBAgQIECAAAECBHojILjujatROxPwFAECBAgQIECAAAECBAgQIJC+gAoJECBAgAABAgQIECDQJCC4biLRQaDsAtZPgAABAgQIECBAgAABAgQIpC+gQgIECBAgQIAAAQJpCQiu09pP1RAg0C0B4xAgQIAAAQIECBAgQIAAAQLpC6iQAAECBAgQIECgMAKC68JshYUQIEAgPQEVESBAgAABAgQIECBAgAABAukLqJAAAQIECBAg0A0BwXU3FI1BgAABAgR6J2BkAgQIECBAgAABAgQIECBAIH0BFRIgQIAAgcoLCK4r/y0AgAABAgQIVEFAjQQIECBAgAABAgQIECBAgED6AiokQIAAgTILCK7LvHvWToAAAQIECBDop4C5CBAgQIAAAQIECBAgQIAAgfQFVEiAAIEBCQiuBwRvWgIECBAgQIAAgWoKqJoAAQIECBAgQIAAAQIECBBIX0CFBAjMXUBwPXczTxAgQIAAAQIECBAgMFgBsxMgQIAAAQIECBAgQIAAAQLpC6iwYgKC64ptuHIJECBAgAABAgQIECDwgoDfCRAgQIAAAQIECBAgQIAAgfQFylOh4Lo8e2WlBAgQIECAAAECBAgQIFA0AeshQIAAAQIECBAgQIAAAQIEuiJQ6OC6KxUahAABAgQIECBAgAABAgQIECi0gMURIECAAAECBAgQIECAAAHBdfrfAyokQIAAAQIECBAgQIAAAQIE0hdQIQECBAgQIECAAAECBEotILgu9fZZfP8EzESAAAECBAgQIECAAAECBAikL6BCAgQIECBAgAABAgQGJSC4HpS8eQlUUUDNBAgQIECAAAECBAgQIECAQPoCKiRAgAABAgQIECDQgYDgugM0jxAgQGCQAuYmQIAAAQIECBAgQIAAAQIE0hdQIQECBAgQIECgagKC66rtuHoJECBAIApoBAgQIECAAAECBAgQIECAQPoCKiRAgAABAgRKJCC4LtFmWSoBAgQIECiWgNUQIECAAAECBAgQIECAAAEC6QuokAABAgQI9EdAcN0fZ7MQIECAAAECBFoL6CVAgAABAgQIECBAgAABAgTSF1AhAQIECMwqILielcgNBAgQIECAAAECRRewPgIECBAgQIAAAQIECBAgQCB9ARUSIJC2gOA67f1VHQECBAgQIECAAIF2BdxHgAABAgQIECBAgAABAgQIpC+gQgKFFRBcF3ZrLIwAAQIECBAgQIAAgfIJWDEBAgQIECBAgAABAgQIECCQvoAKeyEguO6FqjEJECBAgAABAgQIECBAoHMBTxIgQIAAAQIECBAgQIAAAQLpC0ypUHA9BcQlAQIECBAgQIAAAQIECBBIQUANBAgQIECAAAECBAgQIECgTAKC6852y1MECBAgQIAAAQIECBAgQIBA+gIqJECAAAECBAgQIECAAIE+CQiu+wRtmlYC+ggQIECAAAECBAgQIECAAIH0BVRIgAABAgQIECBAgACB2QUE17MbuYNAsQWsjgABAgQIECBAgAABAgQIEEhfQIUECBAgQIAAAQIEEhcQXCe+wcojQKA9AXcRIECAAAECBAgQIECAAAEC6QuokAABAgQIECBAoLgCguvi7o2VESBAoGwC1kuAAAECBAgQIECAAAECBAikL6BCAgQIECBAgEBPBATXPWE1KAECBAgQ6FTAcwQIECBAgAABAgQIECBAgED6AiokQIAAAQIEpgoIrqeKuCZAgAABAgTKL6ACAgQIECBAgAABAgQIECBAIH0BFRIgQIBAUgKC66S2UzEECBAgQIAAge4JGIkAAQIECBAgQIAAAQIECBBIX0CFBAgQKIqA4LooO2EdBAgQIECAAAECKQqoiQABAgQIECBAgAABAgQIEEhfQIUECHRBQHDdBURDECBAgAABAgQIECDQSwFjEyBAgAABAgQIECBAgAABAukLqLDqAoLrqn8HqJ8AAQIECBAgQIAAgWoIqJIAAQIECBAgQIAAAQIECBBIX6DEFQquS7x5lk6AAAECBAgQIECAAAEC/RUwGwECBAgQIECAAAECBAgQINAbgSIF172p0KgECBAgQIAAAQIECBAgQIBAkQSshQABAgQIECBAgAABAgQINAkIrptIyt5h/QQIECBAgAABAgQIECBAgED6AiokQIAAAQIECBAgQIBAWgKC67T2UzXdEjAOAQIECBAgQIAAAQIECBAgkL6ACgkQIECAAAECBAgQKIyA4LowW2EhBNITUBEBAgQIECBAgAABAgQIECCQvoAKCRAgQIAAAQIECHRDQHDdDUVjECBAoHcCRiZAgAABAgQIECBAgAABAgTSF1AhAQIECBAgQKDyAoLryn8LACBAgEAVBNRIgAABAgQIECBAgAABAgQIpC+gQgIECBAgQKDMAoLrMu+etRMgQIAAgX4KmIsAAQIECBAgQIAAAQIECBBIX0CFBAgQIEBgQAKC6wHBm5YAAQIECBCopoCqCRAgQIAAAQIECBAgQIAAgfQFVEiAAAECcxcQXM/dzBMECBAgQIAAAQKDFTA7AQIECBAgQIAAAQIECBAgkL6ACgkQqJiA4LpiG65cAgQIECBAgAABAi8I+J0AAQIECBAgQIAAAQIECBBIX0CFBMojILguz15ZKQECBAgQIECAAAECRROwHgIECBAgQIAAAQIECBAgQCB9ARX2RUBw3RdmkxAgQIAAAQIECBAgQIDAdAL6CRAgQIAAAQIECBAgQIAAgfQFZqtQcD2bkPcJECBAgAABAgQIECBAgEDxBayQAAECBAgQIECAAAECBAiUWkBw3db2uYkAAQIECBAgQIAAAQIECBBIX0CFBAgQIECAAAECBAgQIDAoAcH1oOSrOK+aCRAgQIAAAQIECBAgQIAAgfQFVEiAAAECBAgQIECAAIEOBATXHaB5hMAgBcxNgAABAgQIECBAgAABAgQIpC+gQgIECBAgQIAAAQJVExBcV23H1UuAQBTQCBAgQIAAAQIECBAgQIAAgfQFVEiAAAECBAgQIFAiAcF1iTbLUgkQIFAsAashQIAAAQIECBAgQIAAAQIE0hdQIQECBAgQIECgPwKC6/44m4UAAQIECLQW0EuAAAECBAgQIECAAAECBAikL6BCAgQIECBAYFYBwfWsRG4gQIAAAQIEii5gfQQIECBAgAABAgQIECBAgED6AiokQIAAgbQFBNdp76/qCBAgQIAAAQLtCriPAAECBAgQIECAAAECBAgQSF9AhQQIECisgOC6sFtjYQQIECBAgAABAuUTsGICBAgQIECAAAECBAgQIEAgfQEVEiDQCwHBdS9UjUmAAAECBAgQIECAQOcCniRAgAABAgQIECBAgAABAgTSF1AhgSkCguspIC4JECBAgAABAgQIECCQgoAaCBAgQIAAAQIECBAgQIAAgfQFUqrw/wMAAP//jmUqlAAAAAZJREFUAwAzNOjahz8zQwAAAABJRU5ErkJggg==','2026-03-18 20:36:49','2026-03-18 20:36:48','2026-03-18 20:36:48'),(5,9,1,'演示用户','data:image/png;base64,iVBORw0KGgoAAAANSUhEUgAAB64AAAEsCAYAAABzOJ0KAAAQAElEQVR4AezdCZwlVXkw/HO6ezZAhMQFZoZFJUaTzygRmAER0SQqrsAwrGrABddEUCMuMYL6RhM3jOK+goAsA2he4/q6gCwzA5JEE3fZZgbcFRiYpbvn49TQTde9t7tvd9+lln//KPqeU1Wnnudffe9036dO3YFtvggQIECAAAECBAgQIECAAIGqC8iPAAECBAgQIECAAAECBAgUWmAg+OqAgCEIECBAgAABAgQIECBAgACB6gvIkAABAgQIECBAgAABAgS6JaBw3S1Z485cwB4ECBAgQIAAAQIECBAgQIBA9QVkSIAAAQIECBAgQIAAgRYCCtctUHQRKLOA2AkQIECAAAECBAgQIECAAIHqC8iQAAECBAgQIECAQNUEFK6rdkblQ4BAJwSMQYAAAQIECBAgQIAAAQIECFRfQIYECBAgQIAAAQIFElC4LtDJEAoBAgSqJSAbAgQIECBAgAABAgQIECBAoPoCMiRAgAABAgQIdEZA4bozjkYhQIAAAQLdETAqAQIECBAgQIAAAQIECBAgUH0BGRIgQIAAAQJB4doPAQECBAgQIFB5AQkSIECAAAECBAgQIECAAAEC1ReQIQECBAiUW0DhutznT/QECBAgQIAAgV4JOA4BAgQIECBAgAABAgQIECBQfQEZEiBAoG8CCtd9o3dgAgQIECBAgACB+gnImAABAgQIECBAgAABAgQIEKi+gAwJEJiNgML1bNTsQ4AAAQIECBAgQIBA/wQcmQABAgQIECBAgAABAgQIEKi+gAxrJ6BwXbtTLmECBAgQIECAAAECBAiEwIAAAQIECBAgQIAAAQIECBCovkCZMlS4LtPZEisBAgQIECBAgAABAgQIFElALAQIECBAgAABAgQIECBAgECHBApcuO5QhoYhQIAAAQIECBAgQIAAAQIECiwgNAIECBAgQIAAAQIECBAgEILCddV/CuRHgAABAgQIECBAgAABAgQIVF9AhgQIECBAgAABAgQIECi5gMJ1yU+g8Hsj4CgECBAgQIAAAQIECBAgQIBA9QVkSIAAAQIECBAgQIBA/wQUrvtn78gE6iYgXwIECBAgQIAAAQIECBAgQKD6AjIkQIAAAQIECBAgMCsBhetZsdmJAAEC/RJwXAIECBAgQIAAAQIECBAgQKD6AjIkQIAAAQIECNRPQOG6fudcxgQIECBAgAABAgQIECBAgAABAgQIEKi+gAwJECBAgACBUgkoXJfqdAmWAAECBAgUR0AkBAgQIECAAAECBAgQIECAQPUFZEiAAAECBHoloHDdK2nHIUCAAAECBAg0C+ghQIAAAQIECBAgQIAAAQIEqi8gQwIECBBoQ0Dhug0kmxAgQIAAAQIECBRZQGwECBAgQIAAAQIECBAgQIBA9QVkSIBA1QUUrqt+huVHgAABAgQIECBAoB0B2xAgQIAAAQIECBAgQIAAAQLVF5AhgQILKFwX+OQIjQABAgQIECBAgACBcgmIlgABAgQIECBAgAABAgQIEKi+gAy7I6Bw3R1XoxIgQIAAAQIECBAgQIDA7ATsRYAAAQIECBAgQIAAAQIECFRfoClDhesmEh0ECBAgQIAAAQIECBAgQKDsAuInQIAAAQIECBAgQIAAAQLlElC4ns35sg8BAgQIECBAgAABAgQIECBQfQEZEiBAgAABAgQIECBAgEDPBBSue0btQI0C2gQIECBAgAABAgQIECBAgED1BWRIgAABAgQIECBAgACBdgQUrttRsg2B4gqIjAABAgQIECBAgAABAgQIEKi+gAwJECBAgAABAgQIVF5A4bryp1iCBAhML2ALAgQIECBAgAABAgQIECBAoPoCMiRAgAABAgQIECiygMJ1kc+O2AgQIFAmAbESIECAAAECBAiEpcuOCov3PzLsvt8R2bLbYw8PjUtal7bDRYAAAQIESikgaAIECBAgQIBAlwQUrrsEa1gCBAgQIDAbAfsQIECAAAEC5RDYY/nKloXp4eHhMDo6GrZt25YtrbJJ69J2EwvaitmtpPQRIECAAIHqCsiMAAECBAgQaBZQuG420UOAAAECBAiUW0D0BAgQIECgKwITi9Vbt26dtDA9m4M3FrNTIXs249iHAAECBAgQIFAjAakSIECAQMUEFK4rdkKlQ4AAAQIECBDojIBRCBAgQCAJdLNYncafbEmF7LEZ2W4rPpmSfgIECBAgQIAAgbkLGIEAAQLFEVC4Ls65EAkBAgQIECBAgEDVBORDgEApBWZTrI4xhhhjGBgYCAsWLAi3XXfZpMvChQuzbWOMoZ2vsduKL97/yHY2tw0BAgQIECBAgAABAr0WcDwCBDoioHDdEUaDECBAgAABAgQIECDQLQHjEuiFwGyK1alIPVagvvXaS0NaNqy9JNx01QVThnzjlZ/Ltk3bj+0/VsyeasfR0dGQZmGn24grYk8lZR0BAgQIECBAgAABAmUUEDMBhWs/AwQIECBAgAABAgQIEKi+gAwnEUhF4FQM3rp1a0i3555ks/HuicXqVKQeXzHHB2PF7FTI3nHHHbMZ2ZMNmeIcK2Kn2FMODzvkhMk210+AAAECBAgQIECAAAEC9REodaYK16U+fYInQIAAAQIECBAgQIAAgZkKLF22Mpu5nIq+qQg83f73FasvC50sVk923J9dfm42IzsVsWOc/nbiKYeNGzdmOS05YMVkw+onQIAAAQIECBAgQIAAAQKFFihO4brQTIIjQIAAAQIECBAgQIAAgbILpNtrp2L18PDWaVPpdbF6soDGbic+ODg42Sa5/pGRkZBmYOc6i9YQDwECBAgQIECAAAECBAgQaCGgcN0CpcxdYidAgAABAgQIECBAgACBvEAq5KaCdbq9dn5NvlWUYnU+qu2t9WtWhTQDOy0LFiyY9lbiKd+9H3fM9p39v5ICkiJAgAABAgQIECBAgEDVBBSuq3ZG5dMJAWMQIECAAAECBAgQIFBygXZvBx5jDOkzpVNBuBe3Ae8E601XXTB+K/EUdyq4txp306bNZl+3gtFH4D4BjwgQIECAAAECBAgQKJCAwnWBToZQCFRLQDYECBAgQIAAAQIEei/Q7u3AY4zZDOZ0K+70mdK9j7RzR0wF91TAjrH587DT51+n2dfPfP7rOndAIxEgQCAnoEGAAAECBAgQIECgMwIK151xNAoBAgS6I2BUAgQIECBAgACBtgSWHLAipALtdLcDHxwcHC9YtzVwiTZKRfh58+a1jHjtf/0w7LF8Zct1OgkQIECgAAJCIECAAAECBAgQCArXfggIECBAoPICEiRAgAABAgSqLbD7fkeEkZGRSZOM8b7bga9fs2rS7aqw4pZrLsoK8zE2z77eunVreOjjj69CmnIgQIAAAQItBXQSIECAAAEC5RZQuC73+RM9AQIECBDolYDjVFxg8f5HZDMV02zFvQ46puLZSo8AgSoJpNetdDvsVjnFWJ3bgbfKb6q+NPt6YKD5T/677rprqt2sI0CAAAECBAgQIECAAAECfRNo/iu2b6E4MAECBAgQIECg6gLFy+8hBx+XFaxHR7eNB7d58+bxxx4QIECgqAJLlx2VvX61iq/KtwNvle9kfRvWXhJuvOrCptWp2N/UqYMAAQIECBAgQKCDAoYiQIAAgdkIKFzPRs0+BAgQIECAAIEKCKTCxd13312+TERMgEDtBdKtwYeHh5scYtw+w7rqtwNvSnyKjoUL5oehoaGmLZJhU6cOAgQIECBAgAABAkUSEAsBArUTULiu3SmXMAECBAgQIFB3gVSsSEXryRxuu+6yyVbpr5CAVAiUVSC9frW6NXi6LXa6PXZZ8+pm3OtWXxySz8RjJMPF+x85sctjAgQIECBAgAABAgQqKCAlAmUSULgu09kSKwECBAgQIEBgDgKpQDFZwScNu2DBgqBonSQsBNoWsGEPBfY66JhJbw2+cOHCkG6L3cNwSneo5BNjzMU9OjoalhywItenQYAAAQIECBAgQIAAAQJNAjp6JKBw3SNohyFAgAABAgQI9FMgzbJOBYpWMcS4/da6N111QavV+ggQINBlgemHTxfebN68uWnDGGP4zD+/Odx45eea1uloFmg1I31kZCQ89PHHN2+shwABAgQIECBAgAABAgQIdFRg+sEUrqc3sgUBAgQIECBAoNQCqWidbgnbKok0w7pVIaPVtvoIECDQD4H0Gtbqwpt06+v0+vWUp+zbj7CKd8w2I/rIPYX+xk3vuuuu8PELPt/YrU2AAAECBAgQIECAAAECBHoqoHDdBrdNCBAgQIAAAQJlFZjs1uCpYJ2WsuYlbgIEqi/wsENOyG4N3urCm6GheW4NPssfgWffU+jfaaf7Ne39j//6qaa+OnbImQABAgQIECBAgAABAgT6J6Bw3T/7uh1ZvgQIECBAgEAPBcYKPq0O+ZVz39GqWx8BAgQKI7B02VFh48aNLeNJF92sW31Ry3U62xP46bfPCUNDQ00bp9ntTZ06CMxcwB4ECBAgQIAAAQIECBCYlYDC9azY7ESgXwKOS4AAAQIEphfYY/nKlgWfGGNIBZ9HP+IR0w9iCwIECPRJYK+DjgnDw8NNR49x+2tY0wodsxJYt/rikG63PnHnNLs9fZ74xD6PCRDol4DjEiBAgAABAgQIEKifgMJ1/c65jAkQIECAAIEKC6SCw9atW5syjDGGW6+9tKlfBwECBIokkO4WsXnz5qaQBgcHvYY1qcy9Y8PaS0KMMTfQ6OhoWLpsRa5PgwABAqUVEDgBAgQIECBAgECpBBSuS3W6BEuAAIHiCIiEAIHiCaSidSo4NEY2MKBo3WiiTYBAMQVa3R58p53uF9avWVXMgCsQVauLmoaHRyqQmRQIECBAoFMCxiFAgAABAgQI9EpA4bpX0o5DgAABAgSaBfQQ6JjA7vsdEVoVrYeGhsKGtWZadwzaQAQIdE1gt8ce3jT2jjvuGH767XOa+nV0ViB9jERnRzQaAQIECBAg0CCgSYAAAQIECLQhoHDdBpJNCBAgQIAAgSILiC0Vrbdt29YEsWjRorBu9cVN/ToIECBQNIFWResFCxaEn11+btFCrWw8AwP5twfSvy2VTVZiBAgQIECAQEkFhE2AAAECVRfI/2Va9WzlR4AAAQIECBComEAq9rQqWr/uZSvDDd85v/1sbUmAAIE+CaTXscZDDw3NCzdddUFjt3YXBT74tjflRm/1b0tuAw0CBAgQIECAAIFyCoiaAAECBRZQuC7wyREaAQIECBAgQGAygXO/cn1oVeyJMYZ0y9dTXnDCZLvq76KAoQkQmJlAq1m9g4ODYd3qi2Y2kK3nLHD4U/ZtGuPpJ762qU8HAQIECBAgQIAAAQIhMCBAoDsCCtfdcTUqAQIECBAgQKBrAn/2NyeFV7/hjKbxY4zh1mt9nnUTjI6yCYi3JgKpaN04qzfdrnr9mlU1EShemsl/YlTf/f5PJjY9JkCAAAECBAgQIECAQCcFjEWgSUDhuolEBwECpdQeLwAAEABJREFUBAgQIECguAL7PP648Nvf/q4pwBgVrZtQdBCotUCxk5+saL1h7SXFDrzi0TX6N15YUPH0pUeAAAECBAgQIECAAIESClQrZIXrap1P2RAgQIAAAQIVF7jzrrubMpw/f76Z1k0qOggQKKrA4v2PDI0F0RhjaCyaFiJ+QRAgQIAAAQIECBAgQIAAAQI9E+hb4bpnGToQAQIECBAgQKAiArs99vCmTG677rJw89UXNvXrIECAQBEFUtF6dHQ0F1qM0cU3OZH+NhpvF55mx881IvsTIECAAAECBAgQIECAAIF2BBSu21Eq7jYiI0CAAAECBGoisHTZyqZM//2T72jq00GAAIGiCiw5YEVQtC7q2bkvrsaZ742z4+/b0qMeCzgcAQIECBAgQIAAAQIEKi+gcF35UyzB6QVsQYAAAQIEii8wPLw1F2SMMez/6Efk+jQIECBQVIGly44KIyMjTeHdeu2lTX06CBAg0D0BIxMgQIAAAQIECBAgUGQBhesinx2xESiTgFgJECBAoGsCrW4RrtjTNW4DEyDQYYGHHXJCGB4ebho1fdRBU6cOAgQIECi+gAgJECBAgAABAgQIdElA4bpLsIYlQIDAbATsQ4AAgUaBPZY33yL8MX+2T+Nm2gQIECiswMaNG5tiO+es05v6dBAgQIAAgToJyJUAAQIECBAgQKBZQOG62UQPAQIECJRbQPQEKiWwdWvzLcK/fM67KpWjZAgQqK7A7vsd0ZTcDjvsEP5m+WOa+nUQIECAAAECBGYoYHMCBAgQIECgYgIK1xU7odIhQIAAAQKdETBKEQTcIrwIZ0EMBAjMVmDx/keGbdu25XYfGBgIP7/ivFyfBgECBAgQIECAQD8FHJsAAQIECBRHQOG6OOdCJAQIECBAgEDVBOaQT6tbhC9+4APnMKJdCRAg0DuBPQ88OoyOjuYOGGMMG9ZekuvTIECAAAECBAgQIFAJAUkQIECAQEcEFK47wmgQAgQIECBAgEBnBVrdIvy7X/5YZw9SktGESYBA+QS2bNnSFPSt117a1KeDAAECBAgQIECAAAECYwK+EyBAQOHazwABAgQIECBAoGACrWZbK/gU7CSVLxwRE+iZwG77Hd50rFeffExTnw4CBAgQIECAAAECBAgQ6LiAAQmUWkDhutSnT/AECBAgQIBAFQUaZ1vPmzevimnKiUAJBYQ8ncDu+x0Rwrb8VkNDQ+EfXnxcvlOLAAECBAgQIECAAAECBAgUVkBg/RJQuO6XvOMSIECAAAECBFoI/NnfnNTUe8s1FzX16SBAgEDRBJYuOyps25avWscYw7rVF+dD1SJAgAABAgQIECBAgAABAgSqLzCLDBWuZ4FmFwIECBAgQIBAtwR++9vf5YYeHBzMtTUIECBQRIGjX35GGB4ebgrNxxw0kXSsw0AECBAgQIAAAQIECBAgQKBqAgrXzWdUDwECBAgQIECgLwLnfuX6puOuX7OqqU8HAQIEiiZw+TXNr1/vOf3lRQtTPAQaBbQJECBAgAABAgQIECBAoEACCtcFOhnVCkU2BAgQIECAwEwFXvPGt+R2iTHm2hoECBAookD2udYNgc2bNy8c/8y/aejVJECgmgKyIlBfgSUHrAi7Pfbw3LLPIcfWF0TmBAgQIECAAIE5CihczxHQ7gS6KmBwAgQIEKiVwLZt23L5/td/fCTX1iBAgEDRBNIb9o2vXQMDA+GWay4qWqjiIUCAQLEFRFc6gXTh1sjISFPcd27c1NSngwABAgQIECBAoD0Bhev2nGxFgECJBYROgACBMggs3v/IpjAf9KAHNfXpIECAQJEEGt+wjzGGDWsvKVKIYiFAgACBGgn0ItXj//4t2Qzrxgu3enFsxyBAgAABAgQIVF1A4brqZ1h+BAgQ6IyAUQgQ6LLA6Oho7gi73P/+ubYGAQIEiiawx/KVTSHdeu2lTX06CBAgQIBAVQQeevAx4RtXfrcq6UyWh34CBAgQIECAQN8EFK77Ru/ABAgQIFA/ARkTaF/gh9/4TPsb25IAAQJ9ENi6dWvuqAsWLMi1NQgQIECAQNUE7rp7c1NKMcamPh0EQmBAgAABAgQIzEZA4Xo2avYhQIAAAQIE+idQwSOnz8ebmFaM3vya6OExAQLFE3jIwcc1BXXTVRc09ekgQIAAAQJVEWj8nT3lNTg4GNxtJElYCHRJwLAECBAgUDsBhevanXIJEyBAgAABAkUTaPx8vF68+VU0A/EQIFAugU2bNuUCHhoayrU1CBAgQIBAlQSWHLAiNP7O/qTH/WVYv2ZVldKUCwECFRWQFgECBMokoHBdprMlVgIECBAgQIAAgSIJiIVAbQUa37xft/ri2lpInAABAgSqLzAyMpJLMs20Pu/f/inXp0GAAAEClRaQHAECPRJQuO4RtMMQIECAAAECBFoJ7LF8ZatufQRqJCDVsgk03ip1YMCflWU7h+IlQIAAgfYFdnvs4bmNY4xmWudENAgQIECAQLsCtiMwvYB3GKY3sgUBAgQIECBAoGsCW7duzY29+IEPzLU1CBAg0JZAjzb6+tevb7pV6oa1l/To6A7TD4EYYz8O65gECBAohEDjxVopKB/rkxQsBAgQIECAQN8EKn5gheuKn2DpESBAgAABAuUS+O6XP1augEVLgECtBJ77urfk8o2xWkXNXHI1bSw5YEVNM5c2AQIE8gJ/8ZTnN12s9acP2yO/kRYBAgQItBS4e9Pm8Pp3fCS85m0fDD+/eUPLbXQSIECglUCvCtetjq2PAAECBAgQIFBrgUc99UW1zl/yBAiUT6Dxs63NOivfOZwu4tHR0dwm8+bNy7XbaNiEAAEClRD45a9/m8sjfTTGty98f65PgwABAgRaC3zos58Pn7roS+Gzl341/PXxrwqXfPny1hvqJUCAQIOAwnUDSLGboiNAgAABAgSqJPDrX/86l87QkOJADkSDAIFCCSze/8hcPDGabZ0DqWjj5qsvrGhmRU9LfAQI9FOg1S3CfTRGP8+IYxMgUDaBLVvu+1i0u+7eFF72xveEV731A2HT5i1lS0W8BAj0WEDhusfgDlcAASEQIECAAIGCCDTOXFy3+qKCRCYMAgQINAs0zsQ127rZqAo9jf82VSEnOdRYQOoEZiHwmKe+oOkW4U9+wgGzGMkuBAgQqK/A6152Qjj+8L/OAZx32dfDo5/y/PDjG27J9WsQIEBgooDC9UQNjwkQaFvAhgQIECBAgAABAvURaPzc4xjNtq7P2ZcpAQJ1F6hb/rf96je5lGOM4ez3vCHXp0GAAAEC0wu8502vCO9/yylhh0ULxzf+wx13hsNf+MbxtgcECBBoFFC4bhTRJkCAQO8EHIkAgRoLKALV+ORLnUAJBUZGRnJRP2CX++XaGtUUiNEFCtU8s7IiQGAygVa3CL/12ksn23wm/bYlQIBALQVWPv3Q8NXPvis88I93Gc//t7+/PbzvkxePtz0gQIDARAGF64kaHhMgQIBACQWETKCcAo1FoE+9xxXH5TyToiZQT4Hvff3seiZe8ayXLjsql2GMCtc5EA0CBCov0PhxCbvcf6fK51yuBEVLgEAZBfbZe2n48tnvChN/tXz3Rz9XxlTETIBADwQUrnuA7BAECBAgQKDwAgLsu8BTD9mv7zEIgAABAq0E9li+Mtcdo2JmDqRCjcaLqoaGhiqUnVQIECAwtcBujz08t0GMMfzwG5/N9bXTiNG/k+042aaPAg5NoA8CS3Z7QDjsicvHj7xl63B44Wv/dbztAQECBMYEFK7HJHwnQIAAAQIECMxRoN3dz/vK9e1uajsCBAj0XWB4eDgXw6JFi3JtjeoK3Hz1hdVNTmYECBCYILB4/yMntLY/dIvw7Q7+T4BAawG9Mxf48NtfE+ZNuDDyi9+4Otyy/hczH8geBAhUWkDhutKnV3IECBAgQIBAEQVe88a35MIaHBzMtWvekD4BAgUTaLxt6s+vOK9gEQqnUwKN57pT4xqHAAECRRcYHR3NhTiT38+P+7vTc/tqECBAgEBrgflDQ+FVLzx6fOW2bdvCia95x3jbAwIECCQBheukYCFAgAABAgQI9FBgdNu23NHWr1mVa2sQmLuAEQgQIECAAAECBNoR2H2/I3KbxRjDTH4/v2LN95v2z3VoECBAgMC4wKkvOjr80S47j7f/58c3hC98/crxtgezEbAPgWoJKFxX63zKhgABAgQIECBAgACBTgkYJ+yxfGVOIcaYa2sQIECAAIEyCyxddlRovNvEZ8983YxSmsts7RkdyMYECBCoiMC/nf73uUxe/Zazcm0NAn0RcNDCCChcF+ZUCIQAAQIECBCog8BDDj6uDmnKkQCBigh04vOtK0JRuzRidJFC7U66hAnUUKDx37mBgYHwVwcvm5FEY+H7J986Z0b725gAAQJ1E/jrx+8XHvyAXcfTvmPjXeE///en420PCBAor0AnIle47oSiMQgQIECAAAECbQps2rQpt+WCBQtybQ0CBAgUSaDxzXifb923s+PABAgQINBhgf2fcXLTiBvWXtLUN9OOhQsXznQX2xMgQKB2Au87/ZW5nF/2xvfk2hoECNRXQOE61Pfky5wAAQIECBDovcC2bdtyB73pqgtybQ0CBAgQIECgWwLGJUCAwH0C62771X2Nex4NDg7e83//ESBAgEAvBA498DFh0cL7LuT/+c0benFYxyBAoAQCCtclOEmlCFGQBAgQIECAAAECBAhUSsDnW1fqdE6bjPM9LZENxgR8J1ARgcYLStevWTWrzBrHmdUgdiJAgEANBU5ceVgu6+ee8rZcW4MAgXoKKFzX87zLuqACwiJAgAABAgQIECBQFIHGz/1ctGhRUUITRxcERkdHc6PG6DOucyAaBDosYLj+Cize/8hcADF6zcuBaBAgQKAHAm8+5cQwMOH19xtXfbcHR3UIAgSKLqBwXfQzJD4CBGYqYHsCBAgQIECAAIEOCDTOIPv5Fed1YFRDFFWg8XzPmzevqKGKiwABAmMCs/7eeLHOrddeOuux7EiAAAECsxc48C//fHznkZHRcOYnLhpve0CAQD0FFK7red5lTYAAgWkErCZAgAABAgQIEKiTQGPh+sYrP1en9OVKgECNBP7ysBd2LNtnPf91ubFiLOPM7VwKGgQIEOipwKqP5m8P/u6PXtDT4zsYAQLFE1C4Lt45EREBAgQIVEVAHgQIECBAoCICMXojviKnUhoECBCovcCtv/pNzmBwcDDXnknj2u/9OLf5wIC3WnMgdWrIlQCBWQvsvNOO4/tuHR4O33LL8HEPDwjUUcBvU3U863ImQIAAAQIlEhAqAQIECPReYI/lK3t/UEckQIAAAQI9EGi8w8T6NatmfdTGsc7/SH7m4KwHtiOBmgpIu54C7zvj73OJv/Qf35traxAgUC8Bhet6nW/ZEiBAgAABAvUUkDUBAgRmJDAyMpLbfi6z0XIDaRRWoLH4UthABUaAAIE5CCze/3fO7wcAABAASURBVMjc3jHO7Y4ija+dh+z7yNz4GgQIEOiDQOkOedihy8Lg4H2lqt/94Y7S5SBgAgQ6J3Dfq0HnxjQSAQIECBAgQIAAgQoKSIlAfQQa34hft/ri+iQvUwIECBCorMDo6Ggut1uvvTTXnklj9/2OyG0e49yK4LnBNAgQIFAzgcOf/Phcxk957mty7d43HJEAgX4JKFz3S95xCRAgQIAAAQIECNRRQM6lEGgsXJciaEESIECAAIEpBP7ysBdOsXZmq5YuWxka/62cSxF8Zke3NQECBKoncNbbTs0l9d8/+GmurVFSAWETmIWAwvUs0OxCgAABAgQIECBAgACBfgo4NoFOCuyxfGVuuBjNGsyBaBAgUAmBW3/1m1weg4ODufZMGsPDW3ObDwx4izUHokGAAIFZCOyz95LxvbZtC+G0t394vO0BgToL1C13v1XV7YzLlwABAgQIECBAgAABAgSSgOVegeHh4Xsfbf+2aNGi7Q/8nwABAhUSaJwhvX7Nqlllt3TZUU37bVh7SVOfDgIECBCYmcB3Vp2V2+Hcy76ea2sQIFAPgS4VruuBJ0sCBAgQIECAAAECBAhUTeCsc/Kf9xmj2bdVO8eN+TQWc35+xXmNm0zRtooAAQLFF1i8/5G5IGOc/b9tjRf77LHkwbmxNQgQIEBg9gIx3vf6PDIyMvuB7EmAQGkFFK6LfOrERoAAAQIECBAgQIAAgR4L/J9/Oyd3xBjve/Mot0KDAIHOCRiJAIGuCoyOjubGv/Xa/EVauZVTNBpnW8cYw9ovfGSKPawiQIAAAQIECBCYiYDC9Uy0bFtKAUETIECAAAECBAgQINC+QOPsW7eNbt+ujFv6fOsynjUxTyagn0ArgUf9zYmtumfV1zjbesnuD5zVOHYiQIAAAQIECBBoLaBw3dpFLwECeQEtAgQIECBAgACBmgr87PJza5p5PdJuLMK4UKEe512WBKYQqNyqX//uD7mchoYGc+12G0sOWJHbNMYYrv33j+b6NAgQIECAAAECBOYmoHA9Nz97EyBAYAYCNiVAgAABAgQIFF+gccZ18SMW4VwEGs/3z684by7D2ZcAAQKFE2h8nVu3etWMYtzzwKPDbo89PDR+1urUs61ndAgbEyBAgAABAgQI3CugcH0vhG8ECBAgUBIBYRIgQIAAAQIECBAgQIAAgTYEdt/viNxWMcZce6rGk094TUj7b9mypWmzGM22bkLpRocxCRAgQIAAgdoJKFzX7pRLmAABAgQIhMCAAAECBAhMJhBj+2/qTzaG/nII7LF8ZS7QGJ37HIgGAQKlF2icbX3rtZe2lVMqWP/3D38aGvdPO8cYQ7vjpO0tBPot4PgECBAgQKBMAgrXZTpbYiVAgAABAgSKJCAWAgQIECBQaoHh4eFc/IsWLcq1NQgQIFBmgaXLjsqFH+P0F+ekgnW6LXirgnW4Z/e991ysaJ1T1SBQGwGJ9kgg9/q7bVuPjuowBAgUSUDhukhnQywECBAgQIAAgdoJSJgAAQIE+iWQe2PwniB+fsV59/zffwQIEKiGQOPFObvucr9JE1u8/5Fh0oL1PXvNnz8/3HbtZeGaSz94T8t/BAgQIDA7gZntpWw9My9bE6iKgMJ1Vc6kPAgQIECAAAECBOorIHMCHRSIMeZGa5yxllupQYAAAQIESiLwv18/Oxfp3gcdE8ZmWI+OjubWjTUGBwfDbdddFm6++sKxLt8JECBAgEB/BRydQMUFFK4rfoKlR4AAAQIECBAgQIBAewK22i6Q3qTf/mj7/yd7M3/7Wv8vq8Aey1fmQo8xf8FCbqUGAQIESiaQCtITQx4Y2P4W6DNPev14sXrT5s2h8c4TY/uk7VPBev2aVWNdvhMgQIAAAQIVEpBKcQW2/9ZW3PhERoAAAQIECBAgQIAAAQI9FDjnHW/IHW2yN/VzG93X8KgkAo230F20aFFJIhcmAQIEphdo/LcrtdOtwNf+9w8mLVanUWOM2QzrDWsvSU0LAQIECBAgQIDA5AJdWaNw3RVWgxIgQIAAAQIECBAgQKCcAoceum85A69U1N1PJhVxJh7l51ecN7HpMQECBEorsOSAFU2xN77mNW4Q4/aC9a3XXtq4SpsAAQIECBAgQKCHAvUrXPcQ16EIECBAgAABAtMJPOTg46bbxHoCBAj0VWC6N/v7GpyDE5hKwDoCBGoncODhLw0jIyNt5z12S3AF67bJbEiAAAECBAgQ6KqAwnVXeas7uMwIECBAgACB2Qk0fnbspk2bZjeQvQgQIECAwCwFfL71LOFqupu0CRRdYK+Djgm773dESLcCv+GWW6cNN8bts6tvu+6y4Jbg03LZgAABAgQIECDQUwGF655yOxiBnIAGAQIECNRQYP2aVbmszWTMcWgQIECAQA8EfL51D5AdgkBeQKvDAgc8+yXjxerNmzeH6X6njjGGxbs9IKRitdnVHT4ZhiNAgAABAgQIdFBA4bqDmIYiQKAfAo5JgACB8gnEGHNBL97/yFxbgwABAv0WSLdOnRhDmsk2se1xuQUaCzw+37rc51P0BOoi8C8fOG+8WH3zutvaKlbPmzdvvFj93S9+vC5U8iRAgAABAgQIlFZA4bq0p07gBAgQ6KCAoQgQ6KnAokWLcscbHR3NtTUIECDQb4H/+eonciE0FjpzKzUIECBAgEAXBdJFnuk24O/91IXTFqsbw7jlmosau7QJECBAgAABAgQKLKBwXeCTIzQCBAgQKJeAaAm0K9BqZtu+z3xpu7vbjgABAl0X2HXXXZuO8b5P5T/qoGkDHaUQ2GP5ylycMebvApJbqUGAAIE+CYwVq1PBup2LPBvvFJLCdkvwpGDploBxCRAgQIAAge4IKFx3x9WoBAgQIECAwOwEarNX45trt916W21ylygBAuUQaHydesdZny1H4KKcUmB4eDi3vvEuILmVGgQIEOihwNJlR43fCrydYnWMMXx71ZnZrcA3rL2kh5E6FAECHRIwDAECBAgQaBJQuG4i0UGAAAECBAgQ6L5A45trnb0Nb/fjdwQCBKov4HWqmue48d+bVncBqWbmsiJAoIgCE4vV6cKaxteoxphjjOGxj3pEVqxOM6r/dO+9s02WHLAi+z72v8aLr8b6fSdAgED1BGREgACBagkoXFfrfMqGAAECBAgQKLFAeuOuxOFXL3QZESBAoGICu+93RMUykg4BAmUUSEXm9HqUbgPebrF60YIF48XqL376HU1pN87Qbrz4qmkHHQQIECBAYKKAxwQIFEZA4bowp0IgBAgQIECAQN0E5s2bl0s5vXGX69AgUAEBKZRboHHGWio0lDujekffOJOx8d+heuvIngCBbgos3v/IkArVaRkZGQmNr0eNx44xhqGheePF6huuuqBxk1x7uvFyG2sQIECAAAECXREwKIFOCChcd0LRGAQIECBAgACBWQjccs1Fs9jLLgQI1FCgbyk3zlhTGOjbqZjzgVtddODfoTmzGoAAgSkEJharG2dET7bb4ODgeLF63erZ/a4cY5xseP0ECBAgQIAAgaIL1D4+heva/wgAIECAAAECBPopEGP+jbVWhYV+xufYBAgQaBQo7+tUYyb1aa/97/9umt2444471gdApgQI9Ewg/RuRZlWnpZ1idYwxjBWrb7vusrB+zaow0690zIn7pPEmtj0mQIAAAQIECBAoj0BnCtflyVekBAgQIECAAIFCCbz4hGfl4jGbMcehQYBAAQT2XPygXBTpdWqP5StzfRrFFnjW89+cCzDGGH52+bm5vrYbNiRAgMAEgcP+9rSQCsepUJ2W9G/EhNUtH8aYbgM+ND6zejbF6okDNx5z3eqLJ672mAABAgQIECBAoEQCCtcFOllCIUCAAAECBOoncPqpJzUlnd78a+rUQYAAgT4JrPn3j4bGz7reunVrn6Jx2JkKPPyJz2uabX3rtZfOdBjbd1jAcATKLPDIJz5nvFh9/fd/1PQa0yq3GGNYsGDBeLFacbmVkj4CBAjUW+CMMz+dA9h1551ybQ0CBOohMFCPNGVZIwGpEiBAgACB0gksWrQoF3OaNZIKDblODQIECPRRoPGzrlMoLrJJCsVf7rjjjlyQMeY/oiK3UoNAuQRE20OBPQ88erxY/bvb72y7WL3bg/5ovFh901UXdDziP72niD5x0Bi9xk308JgAAQJlEvjkBV/MhfvuN70i19YgQKAeAgrX9TjPsiQwQwGbEyBAgEAvBW74zvlNh7v99tub+nQQIECgnwJ/8pClucOni2yWLnPL8BxKwRqp0JTO08SwzLaeqOExAQIhTG6weP8jx4vVW7ZsabtYfdt1l40Xq//zS5+c/AAdWHP7HRtzozz54P1zbQ0CBAgQKI/A5i35uzo97UnLyxO8SAkQ6JiAwnXHKA1EgACBBgFNAgQIzEAgvcHXuHl6s7CxT5sAAQL9Erji4g803TJ8eDj/5lK/YnPc1gKp0DRxTYxmIk708JgAgbzAfs88ebxQnT6venR0tO1i9Rn/8OLxYnV+1O62Gi/O+cyZb+juAScbXT8BAgQIECBAgEBHBBSuO8JoEAIECBDoloBxCdRJYHBwMJduerPwvK9cn+vTIECAQD8F3DK8n/ozO/aSA1Y07WC2dROJDgK1F0ivFemjH1Khet2GX7ZVqE5oAwMD4cufOH28WP3iYw9L3X1dYnRxTl9PQAcObggCBOorcMaZn84lv8vOO+XaGgQI1EdA4bo+51qmBAgQIFBfAZmXRGD9mlVNkb7qDWc09ekgQIBAPwU++LZX5Q6fZrvtsdwtw3MoBWiMjIzkokhFplyHBgECtRRonFWdXivS6/h0GDHG7K4b6S5BaUkXMj3mMY8J/fxqvDtRjArX/Twfjl0YAYEQKKXApy78j1zc73nTK3JtDQIE6iOgcF2fcy1TAgQIECBAYE4Cvdn5+Uc/velAex54dFOfDgIECPRL4MjDDsmKFxOPv3Xr1uC1aqJIfx83FnNSNKnIlL5bCBCon0B6TZjNrOoYY1iwYMH4rOqivY40FtyLFl/9ftJkTKBKAnLptcCmzVtyh3zak5bn2hoECNRHYKA+qcqUAAECBAgQIFB8gX8+7UUhxvxskcbPKC1+FlNEaBUBApUQaFUcSK9Vitf9P70POfi4kD5qYmIkjR9FMXGdxwQIVE+gcVZ1ek1oLPK2yjrGmF2YlGZUpyV9vMBNV10QivrVTk5FjV1cBAgQqIWAJAkQIDALAYXrWaDZhQABAgQIECDQTYH0JmHj+GmmTGOfdn0FZE6gCAKpqNEYh+J1o0hv26mIc/fddzcdtNVHUTRtpIMAgVILpN8VqzirerKT8uwXviG3Ksb8hZ+5lRoECBAgUGiBN737k7n4dvX51jkPDQJ1E1C4rtsZly8BAgQIECBQCoH58+fn4kwzZfZ95ktzfRoECMxJwM4dEDj1xcc1jaJ43UTSs45UtGo82M4779zYpU2AQAUE5jqr+ksff/NU8jZvAAAQAElEQVT4LcCLPKt6slO15j9/kFu199Ldcm0NAgQIECiPwNkXfykX7Lt9vnXOQ6MjAgYpkYDCdYlOllAJECBAgACB+gjcfPWFTcneuuHWpj4dBAgQ6KfAaScfE1Z/8cNNISheN5F0vaNV0XpoaCj8+Jtnd/3YDkCAQPcFlhywIqTneVp2e+zhYd2GX4Z0l4V2jhxjDAsWLBgvVKePe9h3333b2bWw2zTmfvVlHypsrAIjQIAAgakFNm/ZmtvA51vnODQIFEigN6EM9OYwjkKAAAECBAgQIDBTgVa34V267KiZDmN7AgQIdFVgr912y4ohjQdRvG4UmaI9x1XpFsGNRZyBgYGwbvXFcxzZ7gQI9ENgrEidCtRjy8jISFaobnyut4ovxhjSa0D6XTIt6WNoyjirOvgiQIAAAQIECBConUDlC9e1O6MSJkCAAAECBColkN50nJjQ8PBw2OugYyZ2eUyAAIFCCKTiSGMgqXj9h9vvbOzW7qDAngceHdLHSUwcMsYY0ozKiX11eCxHAmUUSBeejM2ibixSzySfGGPTrOqZ7F/mbWOMZQ5f7AQIEKi1wJve/clc/rvuvFOurUGAQP0EBuqXsoxnIWAXAgQIECBAoE8CrQoPmzdvDg875IQ+ReSwBAgQmFygVfH6T5/4nOBuEZObzXVNujigcYw0u7KxT5tAmwI266JAqyJ1uvCknVnUjWHFGGs7q3rpshVh4leMCtcTPTwmQIBAmQTOWfXlXLjvftMrcm0NAgTqJ6BwXb9zLuO+CTgwAQIECBCYncDee+3VtOPGjRvD8iNf2dSvgwABAv0WOPXFxzWFkO4WkQo2TSt0zEkgzc5sHOCYZz6hsUubAIEeC/zFU04M6TWvcSb1XIvUD3rALtlHM6SLhNIFKq0ucOxxqn053MjIaO64f3T/++XaGgQIECBQHoFNm7fkgn3ak5bn2hoECNRPQOG6fudcxgTKLSB6AgQI1FDgmkveF3baqfkNuRtvuikc+6r31lBEygQIFFngtJOPyQorjTGmgk0q5DT2a89OIBXEGvdcsGBBeN/ppzZ2axMg0EWB9BEu6fmYlnQxSVp++evfZ7fwn8tM6gMf+6jstXRikfq/v/LpLmZSwKHbDOn7X/9Mm1vajAABAgQIECBAoOgCCtdFP0PiI0CAQBcEDEmAQPkEfvrtc8LChQuaAv/Wt7/d1KeDAAECRRBIxZYY87dvTcXrVNwpQnxljiEZNhbEBgYGwk1XXVDmtMROoPACeyxfGdLzLy2pQJ2WzZs3h/R8TMtME4gxZrf7fulzjmwqUl/60bcGX60FZmPdeqR69MqSAAECRRU448z8BVm77LxTUUMVFwECPRRQuO4htkMRIECAQKUEJEOg5wI3XnlBmDdvXtNx05umTZ06CBAgUACBdCvbGPPF61RwSEWfAoRXyhD2PPDorEg2MfgYY6jrLYMnOnhMoJMC6Q4R6bUq/Z41tmzdujV7/qXXsZkeK8YYBgcHxwvU6eKe9BqZnrtvPvV5wRcBAoUWEBwBAl0Q+OSFX8yN+p43vSLX1iBAoJ4CCtf1PO+yJkCAAAECBREQxkwFbrnmouxNz8b90huqjX3aBAgQKIJAKsyk2cATY0lFn/S6dd1110/s9ngagaXLVoYtW/KfA5h2Scbpu4UAgZkLtJpFnV6f0h0i0mvVzEcMIcaY/b6WitNjS3qerl+zKvjqrECM+YujOju60QgQ6KyA0QjkBTZv3prreNqTlufaGgQI1FNA4bqe513WBAgQIECAQIkF0pueuSLQvbmkN1nvfegbAQIECiWQZhSmmYaNQT395DPCs1/0j43d2i0ElhywIgwP59/cS5ulolj6biFAYGqBF7z27aEbs6hjjGFoaF7TTOr0+9rUEVk7G4E9lh01m93sQ4AAgeoIVCSTvQ86OpdJjC5EyoFoEKixgMJ1jU++1AkQIECAAIHyCqQikOJ1Z8+f0QgQ6K5AKuK0+riD1d/9fli6bEV3D17y0VOxbWRkpCmLaz//gaY+HQQIhOw1Jd3mOy3pwr60fPH/rQ5znUUdYwwLFiwYL1KnWdRpWbf6Iuw9EhhueC18wB/t0qMjOwwBAgQIdErgW9dcHzZtzt9F6L2n9/Y24Z3KxTgECHReYKDzQxqRAAECBAgQIECgFwKpeN3qOKnA0apfH4EeCDgEgSkF0scdLFq0qGmb4eGRkApLXr+aaEIqvKVi28Q1McascLZ06dKJ3R4TqJ3AXz79hS1nUafXlHSb77TMBiXGGNIFgiuf9lfZcy3d2SAVqNNy01UXBF/FEfjeVz9VnGBEQoAAAQJtCRz78jNy2w0NDYZjn/FXuT6NUggIkkBXBBSuu8JqUAIECBAgQIBAbwTSG6mNR0oFDsWfRhVtAmUSqHasN3zn/PDkQw9smWR6/UoF7FSsbblBzTqTQ2PhLcYYUvGsZhTSrbnAddddH9Lt8tNzIr1GjC0bbvt1R2ZRL1x43yzq9LtVeo6lCwTf/9a/q7l88dJvfE0sXoQiIkCAAIGpBI5rKFqnbdetXpW+WQjUVEDajQIK140i2gQIECBAgACBkgmkN1gbQ07Fn/QGb2O/NgECBIogcPa7T8tmMcbY+rPsUmEiFaZSkWrW8ZZ8x5R7cpiYRoyK1hM9PK6mwEMfd2x2p4H0HEivA2l5+slnhJGRkdD4nJiJQIwxDA4OZq896XentKQCdVpuvNIs6uCLAAECBAj0QOCb11yfO8ojH753rq1BgACBWRWusREgQIAAAQIECBRLIL352hhReoP30KP/vrFbmwABAoURSAWj9PoV4/QF7Ec/+cTCxN3tQFKhrrFAl25bnLy6fezG8bUJdFMg3SFmYoE6/ezftWlTVqBufA60G0eMMbvN9wP/+P5NRer1a8zoChX6irH1vx0VSlEqBAgQqJTA3gcd3ZTPN88/s6lPBwEC9RZQuO7f+XdkAgQIECBAgEBHBVLxp3HAH/7s5rDngc1/HDZup02AAIF+CqSCbHoNS8XZVnGkAtYvfvP77HOwq/6algp3jQZplmi6bXFjv3ZpBGofaLoLTCpQpyX9jI8t6Q4x6fk9G6AYY4gxtpxFnZ4v3/vqZ4KvagksXbaiWgnJhgABAjUS+NY114dNm7fkMj7zDB/JkQPRIEAgE1C4zhj8r7wCIidAgAABAgQmChz2hCdMbGaPt2zZonidSfgfAQJFF0jFplTAHhoamjTU9JqWil6pAPaQg4+bdLuyrXj4E5+XFeYb404WZok2qmgXVWCvg45pus13er6mu8CkAnVaZhN7jDEMDAw0zaBOF714foTafI2MjOZyffADds21NQgQIECguALHvvyMXHBDQ4Ph2Gf8Va5PgwABAklA4TopWAjUXUD+BAgQIFAZgU+959Tw4hOe1ZRPKvRUfZZiU9I6CBAorcC61RdnBaoFCxZkMypbJZIKYHfffXdW7E23G261TVn60mzU22+/vSnc+fPnh2TRtEIHgT4LPP6ovwvpeZcuIEmF6bFl8+bNc77Nd4wxDA3Ny14D0oUsaUkF6nRhS5/TrsbhK5TFf375kxXKRioECBCorsC+h72wKbl1q318RxOKDgIEMgGF64zB/wgQIDB3ASMQIECgKAJnvOr54eTjn9kUjuJ1E4kOAgQKLnDTVReEVLBKhasY46TRptsNp8JZKqItXbZy0u2KtmJ0dFs2OzXNRm2Mbccddww3X31hY7c2gZ4LpAsr0nMrPcfGlp/ccEsYHR3NitSzDSjG2PI23+k5v271RcEXgUaBdMFSY1+/2o5LgAABAu0JrPryt8Otv/x1buNHPnzvXFuDAAECEwUUridqeEyAAAEC/RZwfAIEOiTwlle/IDztkH2bRlO8biLRQYBASQRSMWu6AnYqagwPb81mYadCW5FTS8XAxfsf0bLw9/63nhJ+dvm5RQ5fbBUUWLrsqOxCivTcGStQp+/pwor03JptyjHGMDAwEP7kIXs0zaJ2m+/gi0CdBeROgEANBF7+xvc2ZfnN889s6tNBgACBMQGF6zEJ3wkQIECAQGUEJEJgu8An3/tmtw3fTuH/BAhUSKCdAnZKNxXaUtEtLalInPqKsqTCYCoGtoonFedXPu3QVqv0EeiIwJ88/riWt/keHh7OLqRIz53ZHCjGmN3aP93iP/0cjy3pOZtu833Fxe+fzbD2IdBSIMbYsl8ngfoJyJhAcQXS77yN0b31NS9o7NImQIBATkDhOsehQYAAAQIECBC4V6Ai39Jtw5968KObsjHzuolEBwECJRNIxbBUGJs3b15WLJsq/FQkTgXs9OZZWvpVyE7HTXG0KgymGakpn6nysI7AdAL7HHxcSD9ni/c/suXs6fTzd8ddd8/pNt8xxuw5Nzg42DSDOj0v0y3+p4vTegIzFTjt7R+e6S62J0CAQPsCtuy4wCOe+JzsgriJA++z95LwouOaP9Zs4jYeEyBAQOHazwABAgQIECBAoOICn37fGeEpj/uLpix7UbxuOqgOAgQIdFjglmsuCqlYloq+qfg71fCpYJyWsUJ2KuKlJRWzU6Fv2bNePNXus1639oc3ZkXEdNxWg7zixKNCmpHaap0+Aklg6bKV47Ok089rWtLPbuNy5913h/RzNjo6mr1ZnH7e0/6zXWKM2W2+0/NrbEnPt7S4zXfw1UOBcy75au5oQ4Pe0syBaBAgQKAAAmMhvOotZ4Xf337nWDP7PnjP6/Z3Vp2VPfY/AgQITCXgt7ypdKwjQIAAAQIECFRE4DP/9pbwZ3/+yKZsFK+bSIrYISYCBNoUSMXfVFzb7QG7ZjNC29wtK/ClQt9N638RxgqBqTCYlj0PPLrdYVpul2a/PvOEU7JjNG4wMDCQzVj9x797TuMq7RoI/Omhx087O3rs53F4eOv4LOlUjE5LJ4lijFmB+n47LMp+JtPzKC2pQJ2eV8EXgT4LNP7M37J6VZ8jcngCBAgQaCVww80bwnmf/1rTqvVrLmnq09FSQCeB2gsoXNf+RwAAAQIECBAgUBeBb5z99uC24XU52/JsFtBTJ4H//MqnxmdhDw4OzqiIPeaUiiRpSRf4jBUP0/dUzE5LmqG9x/KVY5s3fb/2RzdNOcv6lc8/2izrJrVqdLQ7O/oPd9zV0dnR7ejFuP0230NDQy0L1D+54vx2hrENAQIECBAgQKClwIFHvKypP10M19Spg0BXBQxeZgGF6zKfPbETIECAAAECBGYokG4b/uSDHtW0VyrMzHVWYdOgOggQqJ5ACTNKtzNOs0bTG2Zp2WvJg7OZpTHGWWWTitlpSTO0t27dOj5DOxW105KK2ml5xvGvnHKW9etffvysjm+n/gk0FqTT+W61dHt2dCuBGGN2gUaaxZ8u1thn76W5wnT62U9Lei6kZd3qi1sNo49AYQXS625hgxMYAQIECGQCeyxbkX2f+L8jD3vCxKbHBAiUSaBPsSpc9wneYQkQIECAAAEC/RI4+/1vBVXPFgAAEABJREFUddvwfuE7LgECfRdY/YWPZDOdU/EuFfLS8p0L3hVSsS/GOOf4UnElLZMNlNalwnaasb388JdMtpn+HgqkC7fS+UjnZWxppyDd7RBjjFkxOsaYXWwxb968kH5W089s45J+ntOyYe0lIV2s8Z1VHwi+CBAgQIAAAQK9Etj/GS8KW4dHcofbaYdF4YNvOzXXp0GAAIHpBKpWuJ4uX+sJECBAgAABAgTuEUi3DX/Jc559z6P8f2nmdXrzPt+rRYAAgWoL7LPPPlmxLxX+JhYEU6Ewxu3Fw04JpMJ1WtKM7RtvuW3SGdvptXiqW5F3Kp4SjzNt6I9+6klhyQErslu2T1WQTv/2pfORzsvYMu3gc9ggxu0/U+3Ojk4/l6kgfcs1F4X0szqHQ9uVQCUEYoyVyEMSBAgQqIpA+j3rllt/lUsnxhh+6iNIciYaBAi0J6Bw3Z5TzbaSLgECBAgQIFAHgdNPPSm0Kl6nN+/TH551MJAjAQIEphJIhcJUNEzLxIJ2epyK2qnwONX+s1k3VjhNr8VT3Yq87oXtVJBOBunfq7S0miH9i1/9LvsM6THT9H0256SdfWKMTbOj089JqyX9PKUlFaP7Pzu6nexsQ6C/Aqe9/cP9DcDRCRAgQKClwJmfuDC7CLPV71jpd52WO+kkQIDANAIK19MAWU1g1gJ2JECAAAECJRBIxeunPO4vmiJNf3imIsANN9zQtE4HAQIECISsIJqKy5NZxHhfITPGONlmM+5Pr89pScduVdhOr911WEZGRkIySBZpmTFkmzvEGHMF6fnz50/52dHpTdpUkE4XPbR5CJtVQUAOXRX47KVfy40/NOjtzByIBgECBPog8IhDnxPe8cHzWh75ra95Qct+nQQIEGhHwG967SjZhgCBvgk4MAECBAh0X+Az//aWljOv05EPPOrUsPfjjk0PLQQIECBwj8DY7N5UNL2n2fRfjDErbKYC5sSlcebt2IztGLcXRpsG0tF1gRi32w8MDIShoaHsvDWep4nnMBWkb776wuCLAIHuCEw2auPr7S2rV022qX4CBAgQ6IFA+n3493fc2XSkwcGB7PepFx33zKZ1OggQINCugMJ1u1K2I0CAQHkFRE6AAIFpBdLM6/RmfasNN23alH1GaKt1+ggQIFAXgfQGXZrJPNns3hjvK1i3Y5Jm5KZC6FhhNL0GT1wUtttRbL1NjPcVpAcHB8NjH/3I7E3Uib7p8Zh9Og/rVl/cejC9BAgQKJeAaAkQINA1gef/w79MemvwQ5Y9Kqxfc0nXjm1gAgTqI6BwXZ9zLVMCBAgQmJOAnQnUQyC9kR9jbEo23ZI1FW2aVuggQIBAhQVW/+/PQ3rt62TBul0uhe1mqRjj+G27U0F64cKF0xak169ZFb74ybc3D6aHAIHSCEx2wVBpEhBoCQWETIBAo8DSZUeF//jG1Y3dWTu9j3DhB9+aPfY/AgQIzFVA4XqugvYnQIAAAQIE2hewZSkE0gy0VBBoDDa9aZiKN+d+5frGVdoECBColMCKk1+fFayf/dxXhfTa1yq5gYHtt0JMr5mt1ne7b7rCdnoDsWpLsh5bUkH6xis/121m4xMgQIAAAQKzFbBfJQSuWPNf2Szr4eHhpnx22nFRdhFh0wodBAgQmIOAwvUc8OxKgAABAgQIEOiHQC+OmQoCO+ywQ8tDvfoNZ4S9H3dsy3U6CRAgUGaBRzzpb7OC9ZXX/WDagnW6vXSZcxU7AQIECBAgQIBA8QX6GeHTTnxtWPnSN7cM4RUnHhl+evn5LdfpJECAwFwEFK7nomdfAgQIECBAgECFBX5+xXmTXj1dgc+9rvCZkxoBAjMVeMjBx2UF69//4Q+TFqzTnSjSDGYF65nq2p4AAQKdE4gxdm4wIxEgQIBAS4HPfeH/ZbOsv/u9HzetjzFm7xP84989r2ldgTuERoBAiQQUrkt0soRKgAABAgQIEOiHQCrUxNj8JqHPve7H2SjaMcVDoNwCex10TPam3N133z1pwXpoaCh7cy7diaLc2YqeAAECBAgQIECAwNQCu+93RDjljPe33GjPJQ8K6WNbWq7UWQMBKRLojYDCdW+cHYUAAQIECBAgUGqB9Mdpmm3YmET67Nf0udef97nXjTTaBNoXsGXPBfZYvjIrWG/evHnSY8+fPz8rWK9bffGk21hBgAABAgQIECBAoAoC+x72/Oz34/Q3fmM+Mcbw2ff9Y1jzhY82rtImQGCmArafVkDheloiGxAgQIAAAQIECCSBNNtwss+9fvEbzgjpVrtpOwsBAgT6ITDdMfd+3LHZ7cDTxTZbt25tuXmMMSxcuDArWN989YUtt9FJgAABAr0TePrfnpY7WIzNdwHKbaBBgAABAjMS+JcPnZsVrG/95W9b7vf0Jx2YzbL+64P3a7leJwECBDot0E7hutPHNB4BAgQIECBAgEBJBX5+xXlZQadV+OlWu0uXHdVqlT4CBAj0TSDd7jAVqzdt2jTp7cBjjGHnnXfO3pS78crP9S3WAhxYCAQIECiUwPd+9LNCxSMYAgQIVEkg/Z783o9f1DKl++20Q/a3/yfemb+AqOXGOgkQINBBAYXrDmJOPZS1BAgQIECAAIHqCNx23WUhxuYZL8PDw9nV2vs84bnVSVYmBAiUTmDx/kdmr0WpYN3qdodjCcUYszfk0sch/PibZ491+05gjgJ2J0CgUwLDI6O5oXZctDDX1iBAgACBmQvs8/jjst+VW/2eHOP2349/8u3zZj6wPQgQINABAYXrDiAaoocCDkWAAAECBAgURiAVegYHB1vGc+edd2R/CLdcqZMAAQJdEFi6bOX4rcBHR/OFjsbDxbj9Dbn0Ota4TpsAgYIICIPAPQKNRZWVzzj0nl7/ESBAgMBsBE5+/Tuzv9PvvOvulruf+sKV2R2IWq7USYAAgR4JKFz3CNphCBRJQCwECBAgQKBTAuvXrAo77LDDpMOl2Y5p5uOkG1hBgACBOQg87JATxovVw8NbJ70V+NghYlSwHrPwnQCBeghULct/fu3JVUtJPgQIEOiJQLot+Be+emXLYy158AOyuxCd9tITWq7XSYAAgV4KKFz3UtuxCBCokoBcCBAgQOBegZ9fcV72R+68efPu7cl/SzMfUwF778cdm1+hRYAAgVkInPmJc8eL1Rs3bmyrWL3zzjtnr1NmWM8C3C4ECBAgQIAAAQKlFdhz+VHZLOvGO1ikhAYGtl/Ued1/fDw1LQQIECiEgMJ1IU6DIAgQIFBXAXkTIFAlgVuuuSgrDA0MtP4Vc9OmTdkfzB+76EtVSlsuBAj0SCDdvSFdBPOOD17UVrF6aGhe9pqUitU//ubZPYrSYQgQIECAAIHWAnoJEOilwBOPOSX7+3vL1uGWh/3Uu14XNqy9tOU6nQQIEOinQOt3FfsZkWMTIECAAAECMxOwNYGCCWxYe0l4yXOePWlUb3rHR0IqQE26gRUECBC4V2CP5SvHZ1enuzfc2z3pt3ThzG3XXZZ9Nt+61RdNup0VBAgQIFAOgVYzBMsRuSgJdEnAsASmEXj0k0/KCtY/+OmNLbd8zJ/vk13cedgTl7dcr5MAAQL9FlC47vcZcHwCBAgQIECgEAKC6KzA6aeelP0xvHDhgpYDpwJUmjmZilItN9BJgEBtBZ547CvHi9Vbt25ta3b1K190TPaaky6cqS2cxAkQIECAAAECBNoSqOJGDzvkuKxg/Yvf/K5levPnDWW/L3/57He1XK+TAAECRRFQuC7KmRAHAQIECBAgQKD8Ak0Z3HjlBdkfx4ODg03rUkcqSqUC9r7PfGlqWggQqKnAF75yfXYnhvR68IOf3NRWsXrRokXZ60u6FfjrX3JcTeWkTYAAAQIECBAgUGeBPZZt/wzrjRvvbskQ4/bPsb75motbrp9Dp10JECDQFQGF666wGpQAAQIECBAgQGCiwPo1q7ICU4xxYvf441s33JpdHT7eUesHkidQH4ElB6zInvsnv+GMkO7EMFXmMcaQLoIZuxX4Dd85P/giQIAAAQIECBAgUEeB9PFb6aLPrcOtP8N6YGB7wTpd5FlHn/LkLFICBBoFFK4bRbQJECBAgAABAgS6JpD+aN7l/vefdPz0h/fu+x0R9jzw6Em3sYJAWwI2KqxAepMtPc/T831kZGTaOAcGBrILX9LrR7oIZtodbECAAAECBAgQIECgogJjv0dPdtHn0NBg9rvzhrWXVlRAWgRaCOiqlIDCdaVOp2QIECBAgAABAsUX+OE3PpP9IZ3+oG4V7bZt28KWLVuyWZjpj/K9H3dsq830ESDQA4FOHCI9h9NzORWq05LeZEvP86nGjjGGZz7poOy1YsPaS6ba1DoCBAgQIECAAAEClRb43x/dGMZ+n57s9+gdd9z+MTrrVq+qtIXkCBDonkBRRla4LsqZEAcBAgQIECBAoGYC6Q/qdMvfNJtystTTH+WbNm0aL2I/9PHHT7apfgIECiJw7r2fVz325lp6Dqfn8nThxRjDggULsmJ1ml39sXe+drpdyrJenAQIECBAgAABAgRmLPCFr30nK1g/6fhTwmS/Tz/4j3fNfn/+2eU+RmfGwHYgQKCQAgOFjKrtoGxIgAABAgQIECBQdoE0m/Ilz3l2iDFOmUr6Q/2uu+4aL2I/4kl/O+X2VhIg0DuBdHv/sUL1q+/9vOr0nJ02gnue9hM/t/qmqy6Ydhcb1FVA3gQIECBAgACBegi8+2OfywrWJ7/uXZMWrB+ydPesYP1fX/1UPVBkSYBAbQQUrmtzqqdI1CoCBAgQIECAQJ8FTj/1pJBmWE43A3sszFQQ+/0f/jBexP7Lp75obJXvBAj0QOAVb3pXSJ9VnW79nZZ0e//0vGzn0DHGsHDhwuyNttuuvSz43Op21GxDoEMChiFAgAABAgQKK/Cqt34g+xv3nR/+3KQF6/0e9fDs9+irP/+hwuYhMAIECMxFQOF6Lnr2JTBBwEMCBAgQIECgMwJpBnYqYKdlqtuIjx0tFcs2/OpX2R/4acZnKqiNrfOdAIHOCSxddlQ28yMVqi/+j++E9FnV7YweYwzpuZye02m59dpLw41Xfi74IkCAQFkFxE2AAAECBDopcNRL/yn7e/a8y74+6bDP+KuDsoL1//30v066jRUECBCogoDCdRXOohwIVEdAJgQIECBAICcwVsT+2D+/OSt85Va2aKQidiqopcJaKmJ/8qJ/b7GVLgIE2hE4dOUrxgvV6Tk1PDw86cyPxvFijGGnne6Xvbl26z2F6vRcbtxGmwABAgRqLSB5AgQI1Frgs5d+bfx37e+s+e+WFjHG8LLnHZ79Tv3xf31ty210EiBAoGoCCtdVO6PyIUCAQEBAgACB6gk88yn7hlT4SrM1Vz798SHGOG2SqYj9hnd8IrtyPd3SeNodbECAQFhywIrxN9B++PN1MypUDw4OZm+qpedpKlb/9NvnECVAgAABAgS6KmBwAgTKJvDopzw/+xv1NUaC5MsAABAASURBVG87a9LftWOM4X1nvDL7OK1/euWJZUtRvAQIEJiTgML1nPjsTIAAAQKVFZAYAQKFFXj/W16d/QGfimOPfNjStorY6ZbGacZoWhSxgy8C4wL7POG544Xq9PwYGRmZ9A208Z3ufRBjDEse+MCsWJ0K1evXrLp3jW8ECBAgQIAAgRIJCJVAlwX+90c3jv/O/Ytf/3bSo8UYw79/6l+yv3ePecYTJ93OCgIECFRZQOG6ymdXbgQIECBAoM8CDk+g2wLfvPAD2R/1qYj9kuc8WxG72+DGL7XAww45IaQLN9Jt9Hfb7/Bspsedd94xo0L10NBQVqhOz7lUrL7uyx8rtYngCRAgQIAAAQIEOiNglGaBZ5x4WvY795OOP2XK37ljjNnv2On36/3/4k+bB9JDgACBGgkoXNfoZEuVAAECBAgQKKWAoNsUOP3Uk8aL2DvuuOOMi9jpFsltHspmBAotkCtQP3Z7gTrNpt64cWNIdx9It9EP29pLYWBgIPzdC1aOv5G2bvXF7e1oKwIECBAgQIAAAQI1FVi8/xFZwfra7/1oSoEYYzjrbadkf8feu6FvBAgQqL2AwnXtfwQAECBAgAABAgSqJ/Czy8/N/vhPs0IXLVoUYozTJplukZyKe2k26tJlR027vQ0I9FugrQL1DIOMMYb58+dnher0/Nmw9pLwxpedMMNRbE6AAAECBDojEGP+d7iHHnxsZwY2CgECBDos8A//50PjtwMfHZ36KtGddtwh+307zbBecdihHY7EcCEwIECgzAIDZQ5e7AQIECBAgAABAgSmE7jhO+ePF7EXLFgw7UzsNBt1eHg4u0I+FbH3WL5yukPUZ71M+yLQjQL1WCIxxpBmVacidVrSm2c3X31h8EWAAAECBIogcOiyR+fCuOvuTbm2BgECBPotsPdBR2d/O55zyVemvR34S5/77Kxg/dPLz+t32I5PYHoBWxDok4DCdZ/gHZYAAQIECBAgQKD3AjdddcF4EXvevHltFbG3bt2avRExNhs7fUbwmv/8Qe+Dd8TKCEyWSLcL1DHGMDg4mL1ZlorUaUmF6jSrOvgiQIAAAQIFFDj/rNObfl8z67qAJ0pIBGom8NlLvzY+u3rT5i1TZj907+/f6ffuN59y0pTbWkmAQPUEZDRzAYXrmZvZgwABAgQIECBAoAICt1xz0XgRe2hoqOlN0VYpptnYo6Oj4VkveP14MXusoO0zsluJ6Wsl0K8CdXqzbP2aVa1CKmOfmAkQIECgJgJ/8/j9cpmadZ3j0CBAoIcCj37K87O/A1/ztrOmnF0dYggH7PvI7ILRdX7/7uEZcigCBKog0KJwXYW05ECAAAECBAgQIECgfYF1qy8eL2KnGakx3vNOQ/u7Z29ajH1GdipkpyXdZjwtPi97BpAV2zRdzJB+BtKSfibGlo0bN4Z0AUS6EGK2KccYQ4yx5QxqBergq20BGxIgQKD4Ame/943Zv3kTIzXreqKGxwQIdFtg7Pf5X/z6t1MeKsaYFatvu/ay8IWPv33Kba0kQIAAgdYCCtetXebeawQCBAgQIECAAIFSCqQZqbdee2n2hsNsithjSaeiZFqGh4ezq/LHipbpTY90u/GHHHzc2Ka+l1hgsuJ0Ot/pYob0M5CW2aYYowL1bO3sR6BnAg5EgEDXBcy67jqxAxAg0CDwjBNPG/87brrf5/da8uDs78f0d2TDMJoECBAgMEMBhesZgtm8twKORoAAAQIECBDop8DEInb6POC0zKWYnXJJb3qk2bZ33333+BshqciZCtppMUM7KRVr6XZxOmUbowJ1crAQIFBfAZkTmErArOupdKwjQKCTAksOODL7O+3a7/1oymFjjOGst52SFaxXf+EjU25rJQECBAi0L6Bw3b6VLQmUVUDcBAgQIECAQAcFWhWzd7n//cPAwEDTbSxncthU0E5L4wztsaJ2mqW954FHz2RI285AYMkBK0K6cCAtyXzi0omZ02OhxKhAPWbhOwECBAh0XKDSA5p1XenTKzkCfRX4h//zoexvgfQ3wMjI6JSx7LTjDlmxOs2uXnHYoVNuayUBAgQIzFxgYOa72IMAAQJ1FJAzAQIECBCYXOCH3/hM2LD2kpDevEizsseWhQsXzLmgnY6aCtpplvaWLVuyq//TGyppSUXWtKSi9sOf+Ly0qWUSgVe86V2h18XpdDFDuqhh7OchfU8/I2lJF0BMEqpuAgQIECBAoIVAq1nX+xzSjY9eaXFwXQQIVFJg74OOzv6+OueSr4T0N9dkScYYw0uf++ysYP3Ty8+bbDP9BAgQINABAYXrDiAaggABAgTaFLAZAQIEaiZw45UXtCxoDw0NZbOzY4xzEklvrqQlFbVvv/327E2XVNBOSypopyUVa9f85w/mdJxu7/ywQ04Iex10TFi6bGVWXE4xp2J8WlIOUy277Xd4Lu+Ue6vl4v/4TujGzOmpitPpYoZ0UUO3/YxPgAABAgTqItA46/rOjXfXJfXy5SliAgUVeMxTnz8+u3rT5i1TRjk0OJgVq9OFp28+5aQpt7WSAAECBDojoHDdGUejECBAgACBngk4EAEC5RdYt/ribHZ2egMkzcIdW3bccceOzNBOQqmgnZZUrH3WC17fVnG3VcG3F30bN24MmzdvDsPDW7Picoo5FePTknKYagnbUrbdWWKM2QUGitPd8TUqAQIECBCYqUCrWdfpAreZjmN7AmUREGdnBJbsf+T430O3/eq3086uPmDfR2YF63VrVnUmAKMQIECAQNsCCtdtU9mQAAECBAgQqJCAVAgUUuBnl5/bcoZ2KmzPmzevY0XtQibfp6BiVJzuE73DEiBAgACBWQl8bdWHc/ulC9zSXVpynRoECNRa4OTXvXN8VvVujz08jIyOTusRYwxXfv4D2QXGX/j426fd3gYECBAg0B0BhevuuBqVAAECBAgQIFADASn2UuCWay6atKg9ODiYzQyOMfYypNIcK8aY+Zg5XZpTJlACBAgQIDCpwP+314PDH++6c259ukvLYc/7h1yfBgEC9RLY55Djx4vVX/jalVPOqp4os9eSB2ezq9PdsB62dOnEVR7nBDQIECDQGwGF6944OwoBAgQIECBAgACB1gId6F2/ZlU2MyC92ZJmZ48tp730+PFZ2jHGDhxp5kPEGLOicYytv6di8tiSCvBDQ4MhzS5fuHBB2HnnnbM3kcbyme335JKWDWsvCT/8xmeCLwIECBAgQKDcAv/z9bOz3y8mZnH9//xkYtNjAgRqIJA+KmDso43u3HhXW8XqGGM4dPm+439nrP7CR2ogJcXCCAiEAIFpBRSupyWyAQECBAgQIECAAIFyCpz6wqPHZ2mnwu1sC79z2S8dd6olFZPHllSAX7d6VUizy2+88oLw42+e3Ta8DQkQIECAAIF6CaTfLxozTkWsxj5tAgSqI3Dsy88Yn1WdCtbpowLayW5gIIZVH3lrVqxOrx2fO+vN7exmGwIECiogrGoLKFxX+/zKjgABAgQIECBAgAABAu0K2I4AAQIECJRK4GurPpyLNxWxFu9/ZK5PgwCBcgvsfdDRYbf9Dg+pUP2ta65ve1b1LvfbKStUp4twN6y9NDxuv0eVG0L0BAgQ6KxAYUdTuC7sqREYAQIECBAgQIAAAQIECJRPQMQECBAg0CuBR+29W3jArjvnDjc6OhoeevCxuT4NAgTKI/Dhcz6fm1W9afOWELZNH3+MMRx52BOyYnWaVf3Db312+p1sQYAAAQKFEyhX4bpwfAIiQIAAAQIECBAgQIAAAQIEOi5gQAIECLQp8P2vnx1ijLmt77p7U1b4ynVqECBQWIG/Pu7U7DmbZlWffuan2ppVnZIZGhrMCtVpVnUqVn/wbaembgsBAgQIlFhA4brEJ2+2oduPAAECBAgQIECAAAECBAgQqL6ADAnURSAVrBpzTbcNT0Uwtw5vlNEmUAyBPZYdld3+Oz1Pv//jG9oqVscYw+IH/fF4sXrd6lXFSEYUBAgQINAxAYXrjlEaqGYC0iVAgAABAgQIECBAgAABAgSqLyDDkgikGZcx5mdep9DTrcNTYewV/3RmaloIEOiTwBvf+bHxWdXpObl1eLitSGKM4dQXHJ0Vq9NFKt/90ifa2s9GBAgQIFBOAYXrcp43UROoiIA0CBAgQIAAAQIECBAgQIAAgeoL9CbDVNSaP2+o5cEu/uK3sqJZy5U6CRDouMDeBx2dPed22+/wbGb1Jz73xbZmVadA5g0NZYXqdEFKel6f9rLjU7eFAAECBGogoHBdg5MsRQIEKi4gPQIECBAgQIAAAQIECBAgQCATuPmai8NNV13Q9LnXaeXY7cOXPeslqVm+RcQECijwqL/526xAvft+R2QF6jSbOi2bNm/ZXqjeNn3QMcbw8IcuGS9W37L64ul3sgUBAgQIVFJA4bqSp1VSBAgQIDBTAdsTIECAAAECBAgQIECAQDUEFixYENIszQf+8S4tE7pp/W1Zoa3lSp2VF5Dg7AROevXbs+dNY4H6V7/9Q1agTheGzGTkGGN4++tenBWr0/P18ovOmsnutiVAgACBigooXFf0xEqLAAECBAj0QcAhCRAgQIAAAQIECBAgUBiB733101lRLMbmz75ORbY0KzQV4Z5+4mmFiVkgBPot8NHz/z0sXbYiK1Kn58jY8qVvrZ5YoJ5xmDHGsGDB/Ow5OXYL8JNWHjbjcexAgAABAtUWGKh2erIjQIAAAQIECJRNQLwECBAgQIAAAQIECHRSIM3mfMLyx7QcMhWwr/vej7JbHKci9js/cn7L7XQSqKLAnxxyfFOB+p/e9YkwPDySFalnm3OMMdxvxx3Gi9RjheqbrrpwtkNWdD9pESBAgECjgMJ1o4g2AQIECBAgQIBA+QVkQIAAAQIECBAgQGCCwAVnnZ4V0QYGJn87NBWx3/3RC8aL2P978y8njOAhgfIKHLzi5VmBOl2cMTaDOn2/Y+Ndcy5Qz5s3FN7ymhdkz69UoE5LuljkJ5efV14wkZdLQLQECFRKYPLf1CqVpmQIECBAgAABAgQIEJipgO0JECBAgAABAlUT2LD2kqzAFmPz7cMn5pqK2E864uSsiL14/yMnrvKYQGEFXvvPHwpLDjgyK1KnwvTY8tMb12cF6vRzPZvgY4whxhgOO3RZ9vxJxem0pAL1LddcHE4+7pmzGdY+BAgUSEAoBIoioHBdlDMhDgIECBAgQIAAAQIEqiggJwIECBAgQKCAAtsLbheFqWZgj4U9OjqaFbDTbNV0a+Wxft8J9ENg38NeENLFFOnnMS1jxen0/exVXwkjI6NZkXo2scW4vUD9wD+6f1OBOj1nPvXu189mWPsQIECgLgLy7ICAwnUHEA1BgAABAgQIECBAgAABAt0UMDYBAgQIEOi8wLx588LYDOw0ezTGOOVB0mzVdGvlVCBMBcO0PPJJz5lyHysJzETgrHMuDQ993DHZjOn085V+1hqXW3/5m5BML/lrAAANfElEQVQupkg/j2mZyfgTt40xhgXz57UsUH/va5+ZuKnHBAgQIECgZwIDoWeHciACBAgQIECAAAECBAgQIECgbwIOTIAAAQJTCqQZpamAfcRTDsluizzVxqlgmJbf/eHObDb2WHExFRv//K+fO9Wu1tVY4K+OPyUsXbZi0sL0W8/8TLhr0+ZsxnT6+eoEVYwxDA4OhOeteEpTkfqmqy8KvggQIECAQJEEBooUTJljETsBAgQIECBAgAABAgQIECBQfQEZEiBQfYEP/fOrwlgRe/FuD5i2iD1RJBUbf/O7O5qK2WZmT1Sq7uNHPOm59xWl9zs893OQLm74nx/dGIaHRzpamB7TjDFmP6sP3XO3pgL1+jWXhH99w0vHNvWdAAECBAgUVkDhurCnppaBSZoAAQIECBAgQIAAAQIECBCovoAMCZRG4Ltf/Ph4EXvBgvlZYXCmwadidquZ2YrZM5Xs7/ZHv+zNYc/lK+8rTD+2uTD9+z/ccV9Reltn441xe2E6/Rz+/fNX5IrT6U4B6WKLtFx16Yc7e2CjESBAgACBHgooXPcQ26EI9EbAUQgQIECAAAECBAgQIECAAIHqC8iw1wI3XXXheBE7FQqfeOBfZoXsGOOMQ2lVzE4zcicu6bbjky2L9z8y7LHsqPAnhxwflh/+kvCCf/iXGcdQth1e9db3hyNO/sdw8IqXh7948knh4YeeEPY+6Oh7HFaE5JGWybwa+yc6t/v48tX/FbZs3XpfYbqDgDHG7GdpYGAgPGDX+zcVpdPPWypKpyX9HL7h5W5H30F+QxEgQIBAgQQUrgt0MoRCgECBBIRCgAABAgQIECBAgAABAgQIVF9gDhme/4F/ygrZqZiYCotpmUsxuzGUVNyebBkdHQ1bh4fDHRvvCjfeclv44jeubrotdbsF2bJsd95l/y9cfd33w09vXB9++Zvfhdvv2Bg2bd5yj8NISB5pmcyrsb/RutvtGLcXpufNGwr7/n9/0lSYTj9Dadmw9pLw/a9/ptvhGJ8AAQIECBRWQOG6sKdGYAQIECi/gAwIECBAgAABAgQIECBAgECdBLpdzC6qZd3jinF7Yfp+Oy5qKkrfdt1lIRWl03LLNReHL33mnXXnkj8BAgQIEJhUQOF6UhorCBAgQIBAIQQEQYAAAQIECBAgQIAAAQIlFlDMLvHJuyf0GLcXpQcHBsLeS3ebsjD9k8vPv2ePWf9nRwIECBAgUHsBheva/wgAIECAAAECdRCQIwECBAgQIECAAAECBIoj0KqYnWbmtrucePRh4U8eujTssvOOYcH8eSF9NnJaYtxeZI0x/704md8XSYz5GGOcvJ1yGxocCPPvyXXHRQvDrve/X1i6+wPDox7x0PDUJywLp77w6JYF5XY9p9ouzZROy/q1l4RrPv/h4KvoAuIjQIAAgTILKFyX+eyJnQABAgQIECDQSwHHIkCAAAECBAgQIECgEALvOO3F4YqLPhB++M1zw01XXxTSZyOnJRVYWy1TFWb7ta5VnJP1pdzWrbkk3HxPrj/7zufCD75xTrj2/34sfO3c94RPv+f14bSXHl+I8yIIApURkAgBAgT6JKBw3Sd4hyVAgAABAgQIEKingKwJECBAgAABAgQIECBAgACB6gvIkACBmQsoXM/czB4ECBAgQIAAAQIECPRXwNEJECBAgAABAgQIECBAgACB6gvIsGYCCtc1O+HSJUCAAAECBAgQIECAwHYB/ydAgAABAgQIECBAgAABAgSqL1CeDBWuy3OuREqAAAECBAgQIECAAAECRRMQDwECBAgQIECAAAECBAgQINARgUIXrjuSoUEIECBAgAABAgQIECBAgACBQgsIjgABAgQIECBAgAABAgQIKFxX/2dAhgQIECBAgAABAgQIECBAgED1BWRIgAABAgQIECBAgACBUgsoXJf69Am+dwKORIAAAQIECBAgQIAAAQIECFRfQIYECBAgQIAAAQIECPRLQOG6X/KOS6COAnImQIAAAQIECBAgQIAAAQIEqi8gQwIECBAgQIAAAQKzEFC4ngWaXQgQINBPAccmQIAAAQIECBAgQIAAAQIEqi8gQwIECBAgQIBA3QQUrut2xuVLgAABAknAQoAAAQIECBAgQIAAAQIECFRfQIYECBAgQIBAiQQUrkt0soRKgAABAgSKJSAaAgQIECBAgAABAgQIECBAoPoCMiRAgAABAr0RULjujbOjECBAgAABAgRaC+glQIAAAQIECBAgQIAAAQIEqi8gQwIECBCYVkDheloiGxAgQIAAAQIECBRdQHwECBAgQIAAAQIECBAgQIBA9QVkSIBAtQUUrqt9fmVHgAABAgQIECBAoF0B2xEgQIAAAQIECBAgQIAAAQLVF5AhgcIKKFwX9tQIjAABAgQIECBAgACB8gmImAABAgQIECBAgAABAgQIEKi+gAy7IaBw3Q1VYxIgQIAAAQIECBAgQIDA7AXsSYAAAQIECBAgQIAAAQIECFRfoCFDhesGEE0CBAgQIECAAAECBAgQIFAFATkQIECAAAECBAgQIECAAIEyCShcz+5s2YsAAQIECBAgQIAAAQIECBCovoAMCRAgQIAAAQIECBAgQKBHAgrXPYJ2mFYC+ggQIECAAAECBAgQIECAAIHqC8iQAAECBAgQIECAAAEC0wsoXE9vZAsCxRYQHQECBAgQIECAAAECBAgQIFB9ARkSIECAAAECBAgQqLiAwnXFT7D0CBBoT8BWBAgQIECAAAECBAgQIECAQPUFZEiAAAECBAgQIFBcAYXr4p4bkREgQKBsAuIlQIAAAQIECBAgQIAAAQIEqi8gQwIECBAgQIBAVwQUrrvCalACBAgQIDBbAfsRIECAAAECBAgQIECAAAEC1ReQIQECBAgQINAooHDdKKJNgAABAgQIlF9ABgQIECBAgAABAgQIECBAgED1BWRIgAABApUSULiu1OmUDAECBAgQIECgcwJGIkCAAAECBAgQIECAAAECBKovIEMCBAgURUDhuihnQhwECBAgQIAAAQJVFJATAQIECBAgQIAAAQIECBAgUH0BGRIg0AEBhesOIBqCAAECBAgQIECAAIFuChibAAECBAgQIECAAAECBAgQqL6ADOsuoHBd958A+RMgQIAAAQIECBAgUA8BWRIgQIAAAQIECBAgQIAAAQLVFyhxhgrXJT55QidAgAABAgQIECBAgACB3go4GgECBAgQIECAAAECBAgQINAdgSIVrruToVEJECBAgAABAgQIECBAgACBIgmIhQABAgQIECBAgAABAgQINAkoXDeRlL1D/AQIECBAgAABAgQIECBAgED1BWRIgAABAgQIECBAgACBagkoXFfrfMqmUwLGIUCAAAECBAgQIECAAAECBKovIEMCBAgQIECAAAECBAojoHBdmFMhEALVE5ARAQIECBAgQIAAAQIECBAgUH0BGRIgQIAAAQIECBDohIDCdScUjUGAAIHuCRiZAAECBAgQIECAAAECBAgQqL6ADAkQIECAAAECtRdQuK79jwAAAgQI1EFAjgQIECBAgAABAgQIECBAgED1BWRIgAABAgQIlFlA4brMZ0/sBAgQIECglwKORYAAAQIECBAgQIAAAQIECFRfQIYECBAgQKBPAgrXfYJ3WAIECBAgQKCeArImQIAAAQIECBAgQIAAAQIEqi8gQwIECBCYuYDC9czN7EGAAAECBAgQINBfAUcnQIAAAQIECBAgQIAAAQIEqi8gQwIEaiagcF2zEy5dAgQIECBAgAABAtsF/J8AAQIECBAgQIAAAQIECBCovoAMCZRHQOG6POdKpAQIECBAgAABAgQIFE1APAQIECBAgAABAgQIECBAgED1BWTYEwGF654wOwgBAgQIECBAgAABAgQITCagnwABAgQIECBAgAABAgQIEKi+wHQZKlxPJ2Q9AQIECBAgQIAAAQIECBAovoAICRAgQIAAAQIECBAgQIBAqQUUrts6fTYiQIAAAQIECBAgQIAAAQIEqi8gQwIECBAgQIAAAQIECBDol4DCdb/k63hcORMgQIAAAQIECBAgQIAAAQLVF5AhAQIECBAgQIAAAQIEZiGgcD0LNLsQ6KeAYxMgQIAAAQIECBAgQIAAAQLVF5AhAQIECBAgQIAAgboJKFzX7YzLlwCBJGAhQIAAAQIECBAgQIAAAQIEqi8gQwIECBAgQIAAgRIJKFyX6GQJlQABAsUSEA0BAgQIECBAgAABAgQIECBQfQEZEiBAgAABAgR6I6Bw3RtnRyFAgAABAq0F9BIgQIAAAQIECBAgQIAAAQLVF5AhAQIECBAgMK2AwvW0RDYgQIAAAQIEii4gPgIECBAgQIAAAQIECBAgQKD6AjIkQIAAgWoLKFxX+/zKjgABAgQIECDQroDtCBAgQIAAAQIECBAgQIAAgeoLyJAAAQKFFVC4LuypERgBAgQIECBAgED5BERMgAABAgQIECBAgAABAgQIVF9AhgQIdENA4bobqsYkQIAAAQIECBAgQGD2AvYkQIAAAQIECBAgQIAAAQIEqi8gQwINAgrXDSCaBAgQIECAAAECBAgQqIKAHAgQIECAAAECBAgQIECAAIHqC1Qpw/8fAAD//wktgLIAAAAGSURBVAMAtvF8ByeTwJYAAAAASUVORK5CYII=','2026-03-18 20:37:10','2026-03-18 20:37:10','2026-03-18 20:37:10'),(6,10,2,'北极星','data:image/png;base64,iVBORw0KGgoAAAANSUhEUgAAA3MAAADICAYAAABCrLhRAAAQAElEQVR4AezdD7BkVX0n8HvnvRnWBZQEM2EIGP9kgxhiyM4f1jFJ6fqnihVkQFEWs64EHCTusiYYkYgJie4iq6xhqywDQmFtbQhJShjFrFvBorLZBAMDKeKSRVOaP6IMi6KjiOLMvDfL787c++70dPfrfu929/3zoTx9z7t9/5zzOQ/rfTm3T6/Z7x8CBAgQIECAAAECBAgQaJzAmsQ/BMYScDABAgQIECBAgAABAnUQEObqMAraQKDNAvpGgAABAgQIECAwEQFhbiKsLkqAAAECKxVwHgECBAgQIDCagDA3mpOjCBAgQIAAgXoKaBUBAgQ6KyDMdXbodZwAAQIECBAg0EUBfSbQHgFhrj1jqScECBAgQIAAAQIECFQtUOPrCXM1HhxNI0CAAAECBAgQIECAwCABYW6QzGz3uzsBAgQIECBAgAABAgSGCghzQ3m8SaApAtpJgAABAgQIECDQNQFhrmsjrr8ECCQve8OlyXEbt2Wlsxw6ToAAAQIECDReQJhr/BDqAAEC4wp84ctfKU556Tm/XNRVCBAYLOAdAgQIEKifgDBXvzHRIgIEJiiwYdPZh1x9376FQ372AwECBAhUIuAiBAhMQUCYmwKyWxAgUB+B/fv3H9KYfQvC3CEgfiBAgAABAjMRcNOVCAhzK1FzDgECjRS494GHGtlujSZAgAABAgQI9BPodJjrB2IfAQLtFXjfdR9vb+f0jAABAgQIEOicgDDXuSHX4VUIOLXhAn/zt//Q8B5oPgECBAgQIEBgSUCYW7JQI0Cg5QLf/8Gew3q4MNHPzB12OzsIECBAgAABApUJCHOVUboQAQIECBBYpYDTCRAgQIDAGALC3BhYDiVAoNkCvStZNrs3Wk+AAIEkYUCAQLcFhLluj7/eEyBAgAABAgQIdEdAT1smIMy1bEB1hwCB8QQWFhbHO8HRBAgQIECAAIGaCEw+zNWko5pBgAABAgQIECBAgACBNgkIc20azZb0RTcIECBAgAABAgQIEFheQJhb3sgRBAjUW2Ck1t37wEPFcXNr/F9fgaFCgAABAgQINFbAXzSNHToNJ0BgHIF/e9l/Kg7/4WOOLuoqXRTQZwIECBAg0A4BYa4d46gXBAgsI7D7298tjli3bm1R/8a3vlPUVQgQINBXwE4CBAjUVECYq+nAaBYBAtUKlL9j7v4/vrG4eHl/sVOFAAECBAisQsCpBKYlIMxNS9p9CBColUCapkV7yp+nK3aqECBAgAABAgSmI7DiuwhzK6ZzIgECTRRYczDE/eizjymaf9ZFv17UVQgQIECAAAECTREQ5poyUlW30/UIdEigPPP2Uz/53KznD/zPm7OtFwIECBAgQIBAUwWEuaaOnHYTmLJAk29XXsnyzls+3OSuaDsBAgQIECBAoBAQ5goKFQIE2ipQXsmyrX2sYb80iQABAgQIEJiwgDA3YWCXJ1AWOOG01yUbNp29bInjyuepr07AipWr83M2gekIuAsBAgQIjCsgzI0r5ngCKxSIELdv30ISwWK5Escdt3FbUrcSfRhUIoDmZYVETiNAgAABAqMLOJIAgUSY80tAYEoCc3PN/9dtWAiNAJqXWYfQcuCMgJkP8Zo1zR+DvC+2BAgQIECAwHgCbTzaXzZtHFV9qqXAV+/5RPLo/TuWLfPzc0mUNWvSJE0PlFp2qMaNKofOCJh5UxcXFw+Z7cz3x/GDAmB+jC0BAgQIECBAoG4CwtxER8TFCYwvEKEvyiM7b0923XegjBIC63BMhNC8lMNomh4IpWla/XZ84f5nRKDLSwTAcWYXy0Ewr8eMYJTy1yL0v7O9BAgQIECAAIGVCQhzK3NzFoHJCDT8qhFC81IOo3koncR2uRBbJk3TA2GyvK+Keh4Cy9sIhFFee+EVh8wGjhMSJ3WsgFnFqLsGAQIECBCYvYAwN/sx0AICBKYkkIfJPADmt03TtHj8ddjMYn58nbYractZF/36Sk5zDgECBAgQIFAzAWGuZgOiOQQITEZgzdOBbZQrD5tZzEPgKNs8FMY2TQ/MCKbp0naUtjiGwAQEXJIAAQIEWiQgzLVoMHWFAIHBAmvm5ga/OYF38lAY23xGsLwdJRBWdUx8frHcxWhH+Wd1AgQIDBbwDgECdRYQ5uo8OtpGgMCqBMqfDXvjGS9f1bWaenJ87m5xcX/R/JgpLH5QIUCAAAECVQu43lQFhLmpcrsZAQLTFDjn4vcWt7v2vW8v6l2oHL/57GzhlXJfY4YuZgrL+9QJECBAgACB5gq0Icw1V1/LCRCYqMDiwsJEr1/Xi/fOxkU745HNWGE06goBAgQIECDQDgFhrh3jqBdjCTi4KwKL+5ceL2x7n+M77SLERSn3NWbjIsiV96kTIECAAAEC7RAQ5toxjnrRYoH4Eur4A/3E017f4l5OtmujrmQ5sBU1faMc4OI77XqbGSHObFyvip8JECBAgEB7BIS59oylnrRUIL6IOrq2d9++7DNQG19zUfyojCHws6f85NCjc+OhB9XozTzg9wtw0cxY5CSCXNSV2Qi4KwECBAgQmIaAMDcNZfcgUKHA1x79RnLVh2+u8IrtvNSb3/H+omMvfMFzivqgSnnly0HHzHp/zNBG6Rc+88cpI8RZ5GTWI+X+BMYWcAIBAgRWJCDMrYjNSQSmJxB/nEeJ2Zb8rr/73z+ZV20HCNz1F39VvDNoJct1a+eLY17/tqWVL4udNaiUH6XsbU6apkn8bkTxOGWvjp8JECDQZgF9I3BAQJg74OCVQO0Femdb4lG72jd6hg3ct7i47N3LM1zl+rInTuGAPMT1e5TyUzddnYW4XffdPoWWuAUBAgQIECBQV4GRw1xdO6BdBLok8Oqf31R0t27ho2hYQyt1WfdyWIiLGbgoW049uaHKmk2AAAECBAhUKSDMVanpWmUB9QkI/LffuTJJ03QCV27vJY84Yt3AztUpwMVMa3wert9MXAS4KAM74g0CBAgQIECgkwLCXCeHXaebLLB2fq5o/odv/MOi3vxKdT0oL2ZywbmnV3fhCq+Uz8DlAa7fTGsEuCgV3talCBAgQIAAgRYJCHMtGkxd6YbAua95edHRD11/a1FXWRJ4/cVLi5lc9SsXLL0x41pvgOvXnDRdWtSk3/v2lQRUCRAgQIBAxwWEuY7/Auh+8wTKKzMujLDIR/N6uPoW79m3b/UXqegKx28+O/t+wHwGrt9l03QpwFnUpJ+QfQSqEXAVAgQItE1AmGvbiOpPJwTS1Ofm6jzQ5Rm4xcX+n8xLUwGuzmOobQQIEEiSBAKB2gsIc7UfIg0kcLjAs3/oWcXOWDij+EHlEIFhi58ccmBFP8TsW5R+i5jELebn57KvFIjPwZmBCxGFAAECBAi0SWD6fRHmpm/ujgRWLfB/7vx4cY1YOOPMCy4vfu56ZdqLn0SYjgAXpZ99OcD1fldgv+PtI0CAAAECBAiMKiDMjSpV0+M0q7sCb/vFs4rO7/z8FxMrWx7gGGfxk4WFxQMnjflafowywnTv6Wm69AilANer42cCBAgQIECgKgFhripJ1yEwZYFYpXHzi08q7nrNR28p6kMqrX9r1MVPIpCVg9hyoSuOj9m3KIMeo4zHJ6N4hLL1v2Y6SIAAAQIEaiEgzNViGDSCwMoE7rj5mkNO/OlXv+WQn/0wWKAcyCKADToyf4yyfHz52E/ddHXxObjy/vbU9YQAAQIECBCoq4AwV9eR0S4CIwqUH7f8+uO7Rzyr/YcNW/wkZtdygTQ9fGXQ8ixcefYuP2fNmqXHKLecenK+25YAgRBQCBAgQGBqAsLc1KjdiMBkBOJxy7Vr54uLf/qzdxf1rlVGWfwkZtrKLuVHIiPkRRk0CxczeFEe2Xl7+RLqBAgQILAKAacSILByAWFu5XbOJFAbgQvf+JqiLW999weLetcqyy1+EkGtPNMWwez4zWcnsT9KPy+PUfZTsY8AAQIECMxMwI1LAsJcCUOVQFMFYnYub3s5rOT7urIdtvhJv7AW+xYX9x/Gk6YeozwMxQ4CBAgQIECgdgLC3ChD4hgCDRDYuumni1aedtbbinrXK/nn30ZxiJm6KOVHL0c5zzEECBAgQIAAgVkICHOzUHfP1gvMooO3Xf++4rZf+dr/K+pdrMTiJ3mIG/T5t9xlfn7OapQ5hi0BAgQIECDQKAFhrlHDpbEEhgukBxdm7OKjluXFT37wgz3JsBCXpkuPUS73/XLDxSt714UIECBAgAABAmMLCHNjkzmBQH0FjvuRY+vbuAm3rLz4yaBb5YuZeIxykJD9zRHQUgIECBAgkCTCnN8CAi0S2PQzLyx682Nbzinqba7kj1MOWvzEd8K1efT1jQCBkQUcSIBAKwWEuVYOq051VeBjH/i1ousLC4vJ1rN/ufi5bZX4vrhYjXLQ45SxkEkU3wnXtpHXHwIECBCYhoB7NENAmGvGOGklgZEF3vaLZxXH/t1XHknOufjK4uemV/JZuAhxgz4XGIufRIhrel+1nwABAgQIECCwnECNwtxyTfU+AQKjCMR3zqVpWhz62Dd2F/UmVsoBbtAsXDxKmfftgnNPz6u2BAgQIECAAIFWCwhzrR7elndO9wYKXH359uK9hYWFot6kynKPUUZf8q8VOHHD+vgxKxFms4oXAgQIECBAgEDLBYS5lg+w7nVT4C1Pz07deM27kt++7MLkczs+mjTln/Is3KDHKKMveYjLv1Zg1NnHOFchQIAAAQIECLRFQJhry0jqB4EegTNeuTXZfv6ZPXvr+WN8Bi7KoMco81bnXy2Qh7h8f1NnH/P229ZWQMMIECBAgECtBYS5Wg+PxhFor8Dxm89OIsBFWa6XsaBJlC2nntz30EFfS9D3YDsJECAwMQEXJkCAwHQFhLnpersbgU4LlB+jXFzcv6xFBLgoyx548IA0XVr45eAuGwIECBAgUF8BLSOwSgFhbpWATidAYHmBURYzKV8lAlyU8r5R6mvn5kY5zDEECBAgQIAAgUYK9DZamOsV8TMBAqsWKM/AxWOUwxYzyW+WpmkSAS5Kvm/c7boj1o57iuMJECBAgAABAo0VEOYaO3TTarj7EBhNoBzgllvIJL9imi4FuF333Z7vXvF2y6kvWvG5TiRAgAABAgQINE1AmGvaiGkvgRoJ9A1wy7QvX5EyZuCqCHCXve8jxR03v/ikoq5CgAABAgQIEGi7gDDX9hHWPwIVC4wb4NJ0afYtAtygFSlX2sw/3/n54tRfuegNRV2lOQJaSoAAAQIECKxMQJhbmZuzCHRKoPw1AqM8Qln17Nsw7Me+sXvY294jQKB9AnpEgAABAgcFhLmDEDYECCwJxOxbvgJlLGCy3NcIpOlkZ9+WWnZ47ak9ew7faQ8BAgQIECgEVAi0V0CYa+/Y6hmBkQV6w1vMvi23AuX8/Fyx+mQVn30bubE9By7Xzp7D/UiAAAECBAgQGC7QoHeFuQYNlqYSqFIgAlzMukVZLrylaZqUH52M5RM6eAAAEABJREFUz7599Z5PVNmcVV8rTdNVX8MFCBAgQIAAAQJNEhDm6jFaWkFgKgK9AW7YTXtn3qpeuGTYvVfy3tq5uZWc5hwCBAgQIECAQGMFhLnGDp2Gd1tgtN6Xw1s+AzfszHKAq9vM27B2x3sbfvTY2CgECBAgQIAAgc4ICHOdGWod7YpAeeGSeHxyuX43OcDd+8BDRfd+bvOLi7pKHwG7CBAgQIAAgdYJCHOtG1Id6qJAeQZulAVBmhzgyuP7B3fcVfx47XvfXtRVCBBYvYArECBAgED9BYS5+o+RFhIYKJB//9soM3DlBUya9gjlIIBP3vnng96ynwABAgSmK+BuBAjMQECYmwG6WxKoQiA+Azfs+9/SdHbf/VZF/0a5xsK+xVEOcwwBAgQIECBQOwENqkJAmKtC0TUITFkgHqvsd8vy45Oz/O63fm2bxL6n9uyZxGVdkwABAgQIECDQCIFOhblGjIhGEhhBIB6TjOCWpofOvsX+EU5vzSGjfD6wNZ3VEQIECBAgQIBAj4Aw1wPiRwIlgVpXI7h1YfZtlEFI03SUwxxDgAABAgQIEGiVgDDXquHUGQLdFDjmmUfVpOOaQYAAAQIECBCYnoAwNz1rdyJAoEKB8nfMXX7J+RVe2aUITFHArQgQIECAwCoEhLlV4DmVAIHZCfzSOz9Q3Pwt555e1FUIECDQZgF9I0CAQFlAmCtrqBMg0BiBb33nica0VUMJECBAgMCMBNy25QLCXMsHWPcItFVgYeHAd8ylqcVP2jrG+kWAAAECBAgMF6g+zA2/n3cJECBQqcDRR/7TSq/nYgQIECBAgACBpggIc00ZqRa3U9cIjCtQXvzkF7b8zLinO54AAQIECBAg0AoBYa4Vw6gTBDolkJQXP7nxg+/qVuf1lgABAgQIECBwUECYOwhhQ4BAcwQsftKcsapHS7WCAAECBAi0U0CYa+e46hWBVgssLlr8pNUDrHMEZi3g/gQIEGiIgDDXkIHSTAIElgT27z9Q/yfr1h2oeCVAgAABAjMUcGsCsxIQ5mYl774ECKxIoLz4ySteunFF13ASAQIECBAgQGCGApXdWpirjNKFCBCYhoDFT6ah7B4ECBAgQIBAEwSEuSaMUhVtdA0CLRF48ntPtaQnukGAAAECBAgQWJ2AMLc6P2cTaK1AXTv21J49WdPSNM22XggQIECAAAECXRUQ5ro68vpNoKEC+w+ufmLxk9oNoAYRIECAAAECUxYQ5qYM7nYECKxcwOInK7dzJoH6CWgRAQIECKxWQJhbraDzCRCYmsAl77m2uNeNH3xXUVchQIAAgQ4I6CIBAocJCHOHkdhBgEBdBb75rSfq2jTtIkCAAAECBGom0IXmCHNdGGV9JNASgaXFT1rSId0gQIAAAQIECKxCQJhbBd7hp9pDgMAkBZYWPzlikrdxbQIECBAgQIBAIwSEuUYMk0a2VkDHViTwipduXNF5TiJAgAABAgQItElAmGvTaOoLgRYLbLvoPUXvurz4SYGgQoAAAQIECHReQJjr/K8AAALNEPjr//ulZjRUKwnUS0BrCBAgQKDFAsJciwdX1wi0SWDP3r1Zd9I0zbZeCBAgQGASAq5JgECTBIS5Jo2WthLosMDC4mLW+3Vr57OtFwIECBAgQKAGApowUwFhbqb8bk6AwLgCG9YfO+4pjidAgAABAgQItFKgiWGulQOhUwQIDBa494GHijev/PdvLuoqBAgQIECAAIEuCwhzXR79zvRdR5sucOlvXld04YxXbi3qKgQIECBAgACBLgsIc10efX0n0BCBb+5+YrotdTcCBAgQIECAQAMEhLkGDJImEui6wHe/972MYG7O/2VlEF5qJ6BBBAgQIEBgFgL+MpqFunsSIDCWwOLi/uz4I5/xjGzrhQABAg0X0HwCBAhUIiDMVcLoIgQITEPg9JefNo3buAcBAgQIEKiZgOYQ6C8gzPV3sZcAgZoIXPhr1xQtedXPbSrqKgQIECBAgACBrgsMDHNdh9F/AgTqIbDzr79QNMRKlgWFCgECBAgQIEAgEeb8ElQl4DoEJiLw+O5vZ9dN0zTbeiFAgAABAgQIEDggIMwdcPBKoBYCGzadnRy3cdtUyvGbz056y4+/5NykXF786guScjnrwiuSCy67uiKr0S6TL36ybu38aCc4igABAgQIECDQEQFhriMDrZvNENi//8CqjdNobYSk3vKDPXuTcnns8W8l5XLPAw8ln/nTe4qwGeHzxNNel7z0nLdnIe/jf/SZypuemzzr6KMqv7YLNkxAcwkQIECAAIFDBIS5Qzj8QGC2Ahe/6bXJceuPTU447keS555wXFGe/5wNyYv+2XNHLqec9LzktFNPzsr6Y38oKZcj1q1NymXNmjQpl2SMfyJo7d23kHz5H7+Whbx3f+D6IujlIS8PemNctjj03qfDY/7Dy7f+bF61JUCAwEgCDiJAgEDbBYS5to+w/jVK4Ld+9ZeSBz5zU3LfH38s+ctP/m5R7r79o8ldt/7OyOWzt3w4+eRNV2fl839yc1Iu//i5P0rK5ZGdtyfl8uj9O5Jh5QPvvjiJ8oIf/7HkmUcdmaydn0vS9PDPs+UhLw96+eOjvbN5wwbo0t+8rnj7uqsuLeoqBAgQIEBgAgIuSaBxAsJc44ZMgwnMVuAt556eRPmL2z6S/O3/+r3k4Xs+key67/YsAEbIO/1lpyUR9AaFvN7ZvH4hL5/N++buJ2bbWXcnQIAAAQIECAwUmP0bwtzsx0ALCLRGIELezddekUTQ6w15EfTykNcv6JVDXj6b953vPlnY5I9tTnsBlqIBKgQIECBAgACBmgkIczUbkOWa430CTRSIkBclD3m9QW+52bzoc/7Y5rAFWAS9kFIIECBAgACBrggIc10Zaf3sqkDt+x0hr99s3uWXnF+0fc2aNX0/m1eezYuQFyV/bDNm8qLkj2wm/iFAgAABAgQItExAmGvZgOoOgbYI/Mn/3ll05ZGdtxWfzYvHNaPEI5tR+j2yGSfGTF6U/JHNPOT9xC/862TbW9+TXHHNDXGYcpiAHQQIECBAgEBTBIS5poyUdhLomMDXH9+d9ThND10pM2byosQjm1HGfWTzu09+P/nLv/qb5OY//B/Jho3bsiLgZdReCKxMwFkECBAgMDMBYW5m9G5MgMAwgV2PPZ69vXZ+PtuO8hIhr98jmzGTF+Vf/POfSo468hnJ/Nxcdrn9T79G6Q14J2x5XbL5jO1m75728T8CBAhULeB6BAhUJyDMVWfpSgQIVCiwsLCYXW39s4/Jtqt5iZAXZcfH/mPypT/7/eSr934iufGadyUXvOFfJXnAy+f/ItztW1hIHt71WDZ7F49nxgye2bvVjIBzCRAgQIDAigWcOERAmBuC4y0CBGYj8PAjjxU3vuodFxT1KitnvHJrcvXl25M84O26f0cW8PJwl8/exT0j4PWbvcsDXhyjECBAgAABAgSmLSDM9RO3jwCBmQqc9+9+q7h/hK7ihwlX4l55uMtn72IGrzfgRbiL2bs84Jm9m/DAuDwBAgQIECDQV0CY68tiJ4HxBBxdrUA+Mzc3N9v/i4pwF6U34MXjmSduWF989i56HwEvD3cWVwkRhQABAgQIEJi0wGz/Upp071yfAIFGCuzZuzdr94b1x2bbOr1EuIvHM3d++obss3ePDng8M8JdlN6AF49mbj5ju8VV6jSo2kKAAAECBBoqIMw1dOA0m0BbBfJZuejfea99RWxqXyLg9Zu9yx/PzDuQhzuLq+QitqMLOJIAAQIECBwuIMwdbmIPAQIzFNh+xQeLu79z+3lFvUmVCHcxe5cHvEGzd9GnPOCVv/suvhohZvCuuOaGOEQhQIDA+ALOIECgEwLCXCeGWScJNEfg64/vzhqbpvmXBWQ/Nv4lAl4e7kZdXCU+e2dxlcYPvQ4QIECgEQIa2UwBYa6Z46bVBForsOuxx7O+rZ2fz7ZtfYlwF6U34MWjmeMurvLpz97dVib9IkCAAAECBIYIzDDMDWmVtwgQ6KzAwsJi1vf1zz4m23bpJQ934y6uctHl/znZsHFbEo9mbnvreyyu0qVfGn0lQIAAgU4LCHOdHv6GdV5zWy9QXvzkqndc0Pr+jtLBPOB96c9+P1s9M773Lr4aIWbwjjryGcUl+n32TsAreFQIECBAgEArBYS5Vg6rThFopkDVXxbeTIXhrY5wN8riKhHuovR+NYLFVYb7epcAAQIECDRJQJhr0mhpK4GWC+Qzc7P+svCmMUfA6/3sXczg5bN383NzWZci3O1bWEgi4OWLq0S4e8m2S5Jffd9HkhtuuSM7rsMvuk6AAAECBBolIMw1arg0lkC7Bfbs3Zt1cMP6Y7Otl5UJRLiL0hvwItz1Lq4S4e7vH96V3LLjzuQ3rr0piXB30svelJyz/UrhbmX8zuqUgM4SIEBgtgLC3Gz93Z0AgT4CPi/XB2WVu/Jwly+u8qmbrk6inL/tVcnzTtyQPOvoI7M7RLj79hNPJnff/2AW7uKrESLgmb3LeLwQIEBgdQLOJlCxgDBXMajLESCwMoFYhTE/M4JHXredjMCWU09OovyX9749+dyOjyZf/NPfK8Ld1o2nFOEu7h4Bz+xdSCgECBAgQGC6AsvdTZhbTsj7BAhMReDBL/5ddp/yCo3ZDi9TE8jD3W03vL8Id6PM3sXMXRSzd1MbKjciQIAAAQKZgDCXMXhZElAjMBuBJ5/8fnbjU056frb1MnuBLUNm73ofzew3eyfczX4MtYAAAQIE2i0gzLV7fPWOwOQFKrpDrLQYl7roja+JjVJTgQh4vY9mlmfv8mb3C3fl2bt7H3goP9SWAAECBAgQWKGAMLdCOKcRIFCdgM/LVWc57StFuIuSB7xH799RfPZu0OzdLTvuTF574RXZyplm76Y9Yu5HgAABAm0SEObaNJr6QqChAj4v19CBG9DscrjLF1b57csuTPKVM/PTlpu9y4+z7bwAAAIECBAYICDMDYCxmwCB6Qn4vNz0rGdxpwh3288/Mxl39s7XIsxitNyTQBsE9IFAdwSEue6MtZ4SqK2Az8vVdmgm1rAIeHm46529y7/zLm7eb/bupJe9Kckfz4xjFAIECBAgsCqBBp8szDV48DSdQBsEfF6uDaO4+j5EuMtn7yLcDfvs3befeDLJv/fO7N3q7V2BAAECBJorIMzNZuzclQCBgwI+L3cQwuYwgQh4/Wbvtm48JRl19u6GW+447Lp2ECBAgACBtggIc20ZSf1ouUB7u+fzcu0d26p7FuEuZu9uu+H9yaizd79x7U2J2buqR8L1CBAgQKAuAsJcXUZCOwh0VMDn5SY08B25bAS81czenbP9ysTsXUd+WXSTAAECLRQQ5lo4qLpEoCkCPi/XlJFqTjsj3JVn7+ILzaPkX4uQP54ZC6vEZ+/uvv/BxOzdgfH1SoAAAQLNExDmmjdmWkygNQI+L9eaoaxtRyLcRemdvYtwN8pn7yAjbXcAAAXLSURBVGLVTLN3tR1eDZutgLsTIFADAWGuBoOgCQS6KvDk957Kun7KSc/Ptl4ITENgy6knZ995l3/2LmbuokTAe96JG4rFVWL2LlbNzGfvTtjyuuRFr3hz8h+u+q/JH9xx1zSa6h4ECBBokYCuTEJAmJuEqmsSIDCSwJo1aXbc859zfLb1QmAWAhHuovSbvesNd9/c/Z0syEWgi4VVNp+5vQh3Efpm0X73JECAAIHuCrQ6zHV3WPWcQDMEFhYWs4aed+a/zLZeCNRFoF+4i9m76666NHlj6ff14UceK8JdPI4Z4e6ci69MPnT9rYlwV5fR1A4CBAi0V0CYa+/Y6tn4As6YokB5BcH4w3mKt3YrAmMLxO9olAhyEegevX9HsvOOG5Kox76tm07Jrhnh7u77Hkw+dMOtSR7uIuDFTJ5HMzMiLwQIECBQoYAwVyGmSxEgMLrAF778lezg+bm5bNvMF63ussCJx6/PZuki0N12/fsHhrsIeBHkItB5NLPLvzH6ToAAgeoFhLnqTV2RAIERBP7h4V3ZUfEHcVbxQqDhAvG7HLN05XAXi6zEz/nMXfJ0H8vhLp+9i6Dn0cyncfyPAAECBMYSEObG4nIwAQJVCex67PGqLuU6BGopEOEuvv4gAl7M3A17NDNm7sqPZsbn7iLgxf5adk6jpibgRgQIEBgmIMwN0/EeAQITE4jZibj4SzYe+KxR1BUCbReIgBfhLmbrIuAN+9xdBLkIdB7NbPtvhf4RqFTAxTomIMx1bMB1l0BdBPYtLGRNeeELnpNtvRDookC/cDfOo5kR+Kya2cXfHH0mQIDAAYHVh7kD1/FKgACBkQXufeCh4thTX/QTRV2FQNcFItyN82hmzNzln7vLH80U7rr+W6T/BAh0SUCY69Jo16SvmkHg1jvuKhBiuffiBxUCBA4TiIA3zqOZEe48mnkYox0ECBBopYAw18ph1SkCzRB41tFHjtJQxxAgUBLoF+7i0cx3bj8vGWXVTI9mljBVCRAg0HABYa7hA6j5BJoo8Ln7H8ya/cPHPDPbeiFQrUC3rhbhLh7NfOfF5yX5oirlhVVyjVh0KIJc76OZvhIhF7IlQIBA8wSEueaNmRYTaI3AhvXHtqYvOkKgLgIR7qLkj2YO+0qEu+97MMm/EqH30cwIf3Xp08Tb4QYECBBoqIAw19CB02wCTRb4+4d3Zc1/1c9vyrZeCBCYrEA53OWzd8s9mrn5zO1JlJjJixk9C6tMdoxcvVkCWkugLgLCXF1GQjsIdEQg/ijMu3rJv9mWV20JEJiiQIQ7j2ZOEdytCBDousDE+i/MTYzWhQkQ6CeQ/9f9eASs3/v2ESAwfYEId1Hi38vrrro0GfXRzJi5i5LP3k2/5e5IgACBbgsIc20df/0iUFOBPMyduGF9TVuoWQQIhEA53OWPZkbQK6+aGZ+rixIz7hHoej93l//7HtdTCBAgQKB6AWGuelNXJNBIgWk1Ov7wi3uVl1CPnxUCBOotkIe78qqZ8bm7CHgxo5e3Pv4dz8NdfOddzNydc/GViVUzcyFbAgQIVCcgzFVn6UoECCwjEH/g5YfE53Xyum0jBTS64wIR7uLf4whyEejGfTQzwl3HCXWfAAECqxYQ5lZN6AIECIwqkD9yFX/8jXqO4wgQaI5ABLz49zvCXfnRzNi3ddMpWUdi5i5KfCVCtsMLAQIECKxYQJhbMZ0TCRAYVyAPc/Ff88c91/EECDRPoF+4yx/NjMDXvB5p8VQF3IwAgWUFhLlliRxAgEBVAvFf4+NawlwoKAS6JxDhLv79j5m6KN0T0GMCBCYp0MVrC3NdHHV9JjADgfLn5eIPuhk0wS0JECBAgAABAq0SEOZWNZxOJkBgVIH8EUv/NX5UMccRIECAAAECBIYLCHPDfbxLoFqBDl8tD3PxiFWHGXSdAAECBAgQIFCZgDBXGaULESAwTMDn5YbpDH7POwQIECBAgACBQQL/HwAA///JUJc1AAAABklEQVQDAIJsEEMV6CXhAAAAAElFTkSuQmCC','2026-03-18 21:29:44','2026-03-18 21:29:43','2026-03-18 21:29:43'),(8,12,6,'南极星','data:image/png;base64,iVBORw0KGgoAAAANSUhEUgAAB64AAAEsCAYAAABzOJ0KAAAQAElEQVR4AezdC5xdVWEv/rVnJgkhPJVXCDGiFKWi9d8EoqAVaaVaRUMQUFBqqgJX/wVUKqYfvTe30iIWi3jLFSL+gw+Q8AjhYamgWOShIUmL4JWHIjeEJBgfyJtAZuY/68A5c/Y5Z2bOzJzHPvt8+bBy1lp77/X47kji/Gbv6Rn0DwECBAgQIECAAAECBAgQIJB3AfsjQIAAAQIECBAgQIAAAQKZFugJ/mmAgCEIECBAgAABAgQIECBAgACB/AvYIQECBAgQIECAAAECBAg0S0Bw3SxZ445fwBUECBAgQIAAAQIECBAgQIBA/gXskAABAgQIECBAgAABAjUEBNc1UHQR6GQBaydAgAABAgQIECBAgAABAgTyL2CHBAgQIECAAAECBPImILjO2x21HwIEGiFgDAIECBAgQIAAAQIECBAgQCD/AnZIgAABAgQIECCQIQHBdYZuhqUQIEAgXwJ2Q4AAAQIECBAgQIAAAQIECORfwA4JECBAgAABAo0REFw3xtEoBAgQIECgOQJGJUCAAAECBAgQIECAAAECBPIvYIcECBAgQIBAEFz7TUCAAAECBAjkXsAGCRAgQIAAAQIECBAgQIAAgfwL2CEBAgQIdLaA4Lqz75/VEyBAgAABAgRaJWAeAgQIECBAgAABAgQIECBAIP8CdkiAAIG2CQiu20ZvYgIECBAgQIAAge4TsGMCBAgQIECAAAECBAgQIEAg/wJ2SIDARAQE1xNRcw0BAgQIECBAgAABAu0TMDMBAgQIECBAgAABAgQIECCQfwE77DoBwXXX3XIbJkCAAAECBAgQIECAQAgMCBAgQIAAAQIECBAgQIAAgfwLdNIOBdeddLeslQABAgQIECBAgAABAgSyJGAtBAgQIECAAAECBAgQIECAQIMEMhxcN2iHhiFAgAABAgQIECBAgAABAgQyLGBpBAgQIECAAAECBAgQIEAgBMF13n8X2B8BAgQIECBAgAABAgQIECCQfwE7JECAAAECBAgQIECAQIcLCK47/AZafmsEzEKAAAECBAgQIECAAAECBAjkX8AOCRAgQIAAAQIECBBon4Dgun32ZibQbQL2S4AAAQIECBAgQIAAAQIECORfwA4JECBAgAABAgQITEhAcD0hNhcRIECgXQLmJUCAAAECBAgQIECAAAECBPIvYIcECBAgQIAAge4TEFx33z23YwIECBAgQIAAAQIECBAgQIAAAQIECORfwA4JECBAgACBjhIQXHfU7bJYAgQIECCQHQErIUCAAAECBAgQIECAAAECBPIvYIcECBAgQKBVAoLrVkmbhwABAgQIECBQLaCHAAECBAgQIECAAAECBAgQyL+AHRIgQIBAHQKC6zqQnEKAAAECBAgQIJBlAWsjQIAAAQIECBAgQIAAAQIE8i9ghwQI5F1AcJ33O2x/BAgQIECAAAECBOoRcA4BAgQIECBAgAABAgQIECCQfwE7JJBhAcF1hm+OpREgQIAAAQIECBAg0FkCVkuAAAECBAgQIECAAAECBAjkX8AOmyMguG6Oq1EJECBAgAABAgQIECBAYGICriJAgAABAgQIECBAgAABAgTyL1C1Q8F1FYkOAgQIECBAgAABAgQIECDQ6QLWT4AAAQIECBAgQIAAAQIEOktAcD2R++UaAgQIECBAgAABAgQIECBAIP8CdkiAAAECBAgQIECAAAECLRMQXLeM2kSVAtoECBAgQIAAAQIECBAgQIBA/gXskAABAgQIECBAgAABAvUICK7rUXIOgewKWBkBAgQIECCQI4E95i4Isew1/8gc7cpWCBAgQIAAgQYIGIIAAQIECBAgQIBA7gUE17m/xTZIgMDYAs4gQIAAAQLtF4iBdXEVW7f2F6s+CRAgQIAAAQIEGiZgIAIECBAgQIAAgSwLCK6zfHesjQABAp0kYK0ECBAgMCmBJElS13vqOsWhQYAAAQIECBAgkBUB6yBAgAABAgQINElAcN0kWMMSIECAAIGJCLiGAIHuFejtTf/VPD51Lbzu3t8Pdk6AAAECBAgQIJBvAbsjQIAAAQIEqgXSXx2rPq6HAAECBAgQINBpAtZLoCMFHl51ZdW6Y3hd1amDAAECBAg0QeD1b/+bEH9sRbG89m0fasIshiRAgAABAg0VMBgBAgQI5ExAcJ2zG2o7BAgQIECAAIHGCBilHQKrr13ajmnNSYAAgVwI7PPm96eC12IA63NBXS6P/Ob3qd8Hv/n9H6qumzl3QZhQmbcg7HnAwjBrouXAI8PeBx8T4j0eT9n3kOPCW485JRy+6DN1lWM+viT858/uTzloECBAgACB/AvYIQECBLIjILjOzr2wEgIECBAgQIAAgbwJjHM/s/fcLSRJkrrK68JTHBoECBAYUeDJp58Z8ZgDjREYHBpmQmXoooGBgdA/0dLfH555dkuI93g85fEnngr3/HJdWH3XvXWVm39yZ/jGFf8+tEv/EiBAgAABAgTGKeB0AgQaIiC4bgijQQgQIECAAAECBAg0RuCOay5IDdTfP5Bqd2PDngkQIECAQKsEtpsxvVVTmYcAAQIECBAgQKBCQJOA4NrvAQIECBAgQIAAAQIZEohPXZcvZ3BwsLypTmCiAq4jkHuB//UPp1S9tSJLm06SpLC+JBnfZ09PT+jtmXiZMqUvTK2jVFqlr5kSZmw7PWw3wbL9jG3DHru+NMzcbWJlrz12DXNf+6pwwJ+8elzloLn7h48df0Q45W/eW1dZ/PEPhM/+7fHBPwQIECBAgAABAgQ6WKCjly647ujbZ/EECBAgQIAAAQIEOl/g7AsuDacs+UpYv3Fz52/GDnIuYHtZFjjqnW8Nm9ZcFR5ZuzKTJa5tImXj6hVhwyTK+p9cER6qo1Te2/Q1l4cHbvlO+OUEyy9+dEm489+/Hv7r+omVNd/9WvjuRWeFa/+/L4yrrFh6Rvjvp/x1iIF0PSUG3NO3mVZJoU2AAAECBAgQIECAQIsEshNct2jDpiFAgAABAgQIECBAIDsCMbQ+e+mlYfm1NxVKdlZmJQQINE3AwAQIECBAgAABAgQIECBAoIaA4LoGSid3WTsBAgQIECBAgACBThJYv2lzabn3PfBQqa5CgAABAqMLNPLo3Hd+JDVcT5Kk2hoECBAgQIAAAQIECBBohYDguhXK5ug0AeslQIAAAQIECBBokcD/ue/B0kwPrt9UqqsQIECAQOsENv36d6nJNq65KtXOccPWCBAgQIAAAQIECBDIkIDgOkM3w1II5EvAbggQIECAAAECtQWu+/7tYfFZS8MB7zoh/GLdhtJJTz3zbKmuQoAAAQKtExgYHGzdZGbKoYAtESBAgAABAgQIEGiMgOC6MY5GIUCAQHMEjEqAAAECBDpUoDycjgH1XgceGWbOXRD2GCofOf2LYdll/xbia8K3bHmutMM/PPZEqa5CgAABAgQIEOgqAZslQIAAAQIECBAIgmu/CQgQIEAg9wI2SIAAAQITE7jo8utDsSz61JkhloMXfjzEsu9bjgvFMnv+UCg974gwc6jEYDqW8nA6BtRb+/vDWM/zvWqfORNbqKsIECBAgAABAgQIhBAgECBAgAABAp0tILju7Ptn9QQIECBAoFUC5iFAIAcC51x4WXjPhxeH1x22KMx541GFsucBRxSegi4+DR1D52L5zBcuCMVy/X+sCrE8sG5DiOXxJ58KxfL81qFQenAwDA6V8TAlQyf39faG7WZMD7Nn7hZWfu0fh3r8S4AAAQKtFJj/7hNT082ZtXuqrUGAAAECXSdgwwQIECBAoG0Cguu20ZuYAAECBAgQ6D4BOybQHIHRAuliCB0/z/rqJWHVnfeEzb97NGx57vlCGRh44TnoF35t/Poqw+k3/OlrwqKj/yo8snZl2DRUHr7jyvDLH30nrL5uaeMnb+CIf3HsJwoBf3SM9QYObSgCBAi0VWDdhl+n5l91zQWptgYBAgQIECAwEQHXECBAgMBEBATXE1FzDQECBAgQIECAQPsEunDm+EruWQcuDLHMnLegFKDGEDWW0QLpZnIlSRKSJAlT+noLZYftZoSX7LR9GC2cjk9Vn3n6Cc1cVlPG/tl9D5bGLa+XOlUIECBAgAABAgQIECBAoLECRiNAoOsEerpuxzZMgAABAgQIECBAoE0CS85ZFmJ56zGnFH4+dAyiY6kMoyuXF1/J3d8/EGIZ59u4K4cqtcsr06ZOCdO3mRpi8PzKObNCLO84ZH6I5QufOTHEEp+Qriyb1lwVYlm/6soQy/03Xxx+/oNvFV753YnhdLmJOgECBLpBwGvCu+Eu2yMBAgQIECDQ7QL2T6CTBATXnXS3rJUAAQIECBAgQKBlAp/6/HmhvMQv7sey90HHhGKZOe+IUF7i08+jlfO/fXWI5Z5friv8fOgYRMfSjDC6Emr+6/cLsVSGz7G97seXhwdvuyzE4Pm2FeeFWJZ9aXGI5UNHvSPEUjmedkHALwQIEOhoAa8JH/v2xT/7Y5l1wMIQS/xzf7Q/64vHDjn65LEHdwYBAgQIECBAgECnCFhniwQE1y2CNg0BAgQIECBAgED7BU5afHb4k79cFIpfVB7t8+KVN4byEr+4H8szW7aEYhkcSpzLSyt2mCQh9Pb2hL6+3rDbS3cuhNHFQHr6NtNCrX9iOH31188MsdQ6ro9AewXMToAAgdYKzH3nR8KeL37z2Wh/F4jH4p/9sfQPDIRY4p/79az23gcequc05xAgQIAAAQIECBDoIoGxtyq4HtvIGQQIECBAgAABAh0oUCukXnnDreHXv300c7sphtExkI6v695vnzlVa4zhcyyb1qwMG+5YER5edWW464ZlhTA6BtKveNP7wjPPbql5XVWnDgIE8idgRwQIhHoD6Q2P/DYMvPjNZ9gIECBAgAABAgQIEMiOgOC6jnvhFAIECBAgQIAAgWwLZDWkTpIk9PQkhZ8dHcPoWE76wHtCDKDLSzGMjoF0fF33D5efG8b7z9PPPFt1SZyjqlMHAQIECIwo4EC2BV7/9kWFH9ERn4SuVQTS2b5/VkeAAAECBAgQIEBgLAHB9VhCjjdKwDgECBAgQIAAgYYINDqkTpIkJEkSpk+bVihzZu0eystxC94WYokh8HjLpjVXhY2rrwrFMDoG0ks+saghDuWD7DX/yPJmoR7XWqj4peUC133/9nDAu04I+731A+Flb3hveN1hi8JHP/3FsH7j5pavxYQECBBog8CkpiyG0zPnHVH1oz0e+c2jod5XdU9qEUMXJ0kSent6CiX+vSD+uTpWCf4hQIAAAQIECBAgQGBSAoLrSfG5mECrBcxHgAABAgS6R+D4U88Isex1wMLUF64n87rv3XfZucbTzleFGDA/ePvyEMuqay4I5eVLn/t4iKXd8jEAHWkNW7f2pw4d9uZ5qbZG8wWKYfU+f/b+8JHTh0LqTZvDo48/GZ57fmvY/LtHw7U/uD0sv/am5i/EDAQIEOgAgRhOxzJaON2MgDpJ6okKzQAAEABJREFUktDzYhkrhI5/N9iwekWIJf69ILT8HxMSIECAAAECBAgQ6D4BwXX33XM7JkCAAAECBAhkSiCG07FUBtQ33LImxLJ1YGBC660VUv/0e8smNFY7LkqSJDXt8xXhdOpgReObX/5sRY9mMwRqhdVPPvXMiFPN3nO3EY85QIAAgTwKjBZON/Lp6SRJ6gqkYxi9Mb4NZagE/3SHgF0SIECAAAECBAh0lIDguqNul8USIEAgOwJWQoAAgfEKxHA6lkYH1HEdnR5Sxz1UlvjF9fK+Zjx5Vj6++sgC8fX05UeTJCn8jNXik9UjhdXxWw9mz9wtvP2Q+eHcJSeHYw4/tHwYdQIECORC4LVv++vCfxNr/czpRofTSZJUvTklPjkd/8wUSOfit5NNZFTAsggQIECAAAECrRIQXLdK2jwECBAgQKBaQA+BXAscddLnUq/4jk9PxzLRJ6iLWHkMqYt7m8jnXvOPTF2WJDEuTXVpTELgosuvD1ffeFtqhPhNBLGkOl9sRP0YVheClLUrw+rrloaLvrRYaP2ijw8CBDpToBhO13q1929+/1hDf+50kowcTseAujMFrZoAAQIBAQECBAgQIFCHgOC6DiSnECBAgAABAlkWsLYsCZSH1besvntSS9t5x+1rPlXVSa/7nhTA0MVJEmPQocqL/85541Ev1oY/tla8QtwX9YdtJlKLQfW+bzmu9PTgZ75wwZiBTLxLlWH1ROZ2DQECBNotUAyoK5+eLobTI33TznjXnSRJ2GPXnWv+Oe/PsfFqOp8AAQLdJGCvBAgQIJB3AcF13u+w/REgQIAAAQIE6hGYxDmTDatHCqjvuelbk1iVSwnUJ3DOhZeF+A0BxZAmBtWPP/nU2GH1UOiyw3YzCqHLphefrK5vRmcRIECgvQLl4XTlSooBdWX/RNpJkoQkGfnp6Tv/fdlEhnUNAQIECBAgMFkB1xMgQCDDAoLrDN8cSyNAgAABAgQIZFVgImF1NwTUjb5flU+dPff81kZP0XXjVQbVZ331krDluefH5VB4Dfiaq8L9N188ruucTIAAgVYK/PGff7D09ojiN+fEz1aG05V/jrVy/+YiQIAAAQIECDRTwNgECDRHQHDdHFejEiBAgAABAgRyJzCRsDoGfMXiCerJ/5aofEXrngcsTA26w3bbptod2mjosicaVCdJEnbYbkZ4xyHzG7oegxEgQKAZArVC6t//4Ykx3x5R71qSZOQnpz9+/BEhBuLl5Q3vOaneoZ1HgAABAgQIECDQvQJ2TqBKQHBdRaKDAAECBAgQIECgKHD4otNLX4yu92dWF4Pq+Fkcx2dzBAYGBlID33/zJal2XhtLzlkWiuWtx5wS4s+knnXgwlAsM+ctKP2+Hc8T1dOmTikE1fH3bnxKMD5RvexLizuU0bIJEMirQAypy0PiWG9USL3rS3Ys/AiE+N/B8hL/mziS579+Y0XVof/78CNVfToIECBAgAABAgQIEGiGQL7GFFzn637aDQECBAgQIEBgUgLlQXX8Qvjqu+6ra7zyL27XdYGTJi0we/6Rkx4jqwN86vPnhVj2PuiYmq+5Pf/bV4diueeX60L8mdT9/QOhWAYH69tZDKrnv36/Ukiz7seXB0F1fXZdc5aNEmijQAyoZ847ovSNOPHP5VhiSD3RZSVJEpJk+OnpynHuvvEblV3aBAgQIECAAAECBAgQaJlA24Lrlu3QRAQIECBAgAABAiMKTDSojgMKq6NC+8rzW/tTkx+34G2pdic0YjgdS2VAffHKG0Msz2zZ0rDX3EaPWkH11V8/Mx6quyRJUve5TiRA4AUBv44tUCukjgF15Y+IGHuk4TOSZDigLv6ZHZ+cjmX4rMnXDp732kIYXjnSKw4+prJLmwABAgQIECBAgAABAqMKCK5H5cn8QQskQIAAAQIECIxLYDJBdZyo+IXv+BnbSnsE4hN4lTN/6XMfr+xqe/ukxWeHP/nLReFl899b9cRgfGowhtOxNDqgHspqQm9vT+jr6w2VT1SPN6iOryQPZf+8+pUvK2upEiBAYHwCr37rcTXfJFFHSD3qRElSO6Qe9aIGHbzygs+HGIa/7tWvSI349LNbQvx7R6pTgwABAgQIECBAgAABAqMICK5HwXGoWwTskwABAgQI5FsgftE4hoSx1Pvq76LItttMK71GWVhdVGn/Z+UTeO2+N8efekbNYHrlDbeGX//20fDc1q2TRkuSpBBG77DdjLDfPnMK5aQPvCf1+zM6xLJpzcqw4Y4V4eFVV4bxBtWh4p9LVn4/1fPD5eem2hoECBCoFIjhdCzxm4zin73l5Q+PPzWpN0kkSVJ4ujn+t668bFpzVeUyWt6+4eJ/qZpzvH/vqBqg4R0GJECAAAECBAgQIEAgywKC6yzfHWsj0EkC1kqAAAECmRKYaFhdGVT/6rblmdqXxYRCQFzukCRJebNl9aNO+lxhLTGQueGWNQ2bN0mSMGfW7lWBdAxlYhh9/80Xhxgex7LkE4saNu9IAz31zDMjHdJPgECXC4wWTk82oI60SVL7Ker438N4PIvlsDfPq1pW/HMivoGj6kDOOt56zCmpHfX0tOfP59QimtUwLgECBAgQIECAAIEmCQiumwRrWAIECExEwDUECBCYrMD+b/vrQphY7xNOgurJirf/+lYHGMVvirhl9d2T2vxQHjNiQL3qmgsmNXYjLx4YGCwNlyRCiBKGCoEuE9j3LccW/nyNIWyxNCKcLjImSe2Quni8Uz6/+eXPFp4Ir1xvfANHZV/e2vc+8FBqSycc++5UW4NApYA2AQIECBAgQIBAtYDgutpEDwECBAh0toDVE+g6gWKQGL+Q/tvfPzbm/ldfu7T0NKsnqsfkavsJSTJyWDp1Sl9L1xd/j9XzTRFT+/rC7rvsXCjlr7Itr8fXeWcpoB4Jspy/vD7S+foJEMiHQGVQ/fiTT096Y0mSFELd8v8WFuut/iakSW9mlAHe87aDax5dcs6ymv156Sz/MR5JkoRWvBUkL3b2QWASAi4lQIAAAQIEciYguM7ZDbUdAgQIECDQGAGjdILAYcd9svD0Vz1BYnlYPXvP3Tphe9ZYh8BDP7mijrMac0oMrUcaaecdty99M0QMYR5adUX46feWFcpI1+gnQIBAlgQaGVQnSfXT0/G/jTGcjiVL+27GWs4/87Sw4LA3VQ19/revDudceFlVfx46XndY+kdXfPqk9+dhW/ZAgEDXCNgoAQIECBDIjoDgOjv3wkoIECBAgACBvAk0eT933furUWcQVo/K0/EHd33Jji3dQ5IkNeeLYcw9N32r5rF8dJbvu7yej93ZBYFuFZhsUJ0kSVc8PT3R3x8xvD7pA+8pGJWPcdZXLwkXXX59eVcu6pt/92hpHz09SfjER44utVUIECBAoEsEbJMAAQIEGiIguG4Io0EIECBAgAABAq0VGOnp1yl9faUnX/PyZHVrZbM320hP59194zdauti4jiSpDmpauog2TNY7FEAUpy2vF/t8EiDwgsDs+e8tvAUk/vkU6y/0tu/Xfd78/hDLzHlHhFjiusrLeF/9nSTpp6jjfxNjad8Osz9zfFV2fPK4tzf9pad/+tdvZ3/x41jhez68OHX2LjvvlGprECBAgAABAvULOJMAAQLp//fAgwABAgQIECBAIPMCex14ZNUar/n6mYXAev2q1r06umoROrIs0JC1xZAmloYM1iGDPL+1v7TS6dtsU6qrECCQFnh+69ZSR3m91NnEyive9L5SaF4Mp598+pkQy+DgYIhlvNMnSXVQPd4xnB8KTx7/4999NPXk9RNPPR0++ukvhvUbN+eCqPJHttx1w7Jc7MsmCBAgQIAAgY4VsHACHS0guO7o22fxBAgQIECAQLcJHLzwY2Fr/3CQFvc/ZUpfOPD1+8Wq0iUC8fXcXbLVtm7zuu/fnpr/yL96S6rdykYMeM6+4NJwypKv5CbsaaWfuTpf4OUHHV0VThdD6qefeXbSG0wSQfWkEUcY4ENHvSPs+4rZpaPxGwmu/cHtYfm1N5X6OrkyMDBQWn5Pjy+zlTBUCBAgQIAAAQIdLWDx7RLwN+p2yZuXAAECBAgQIDABgQfWbUxd1dfbG9b/xFPWKRQNAg0SuHD5d1MjnXn6Cal2KxoxPD/gXSeEN7znpHD20ksLQU/Hhz2tgDNHrgTiq76f3fJcQ/eUJILqhoKOMdg///1/C7P22CV1Vh5+pMnBCz+e2tM/ffqjqbYGAQIECBAgQIAAga4WmMDmBdcTQHMJAQIECBAgQKAdAnvNr35F+MN3XNmOpZizhQK17nsLp+/qqe775brS/pNSrfmVJecsC7MOXFh4uvQjp38xrN+0OfSXPdGXh7Cn+Yr5n6Fbdhifqo5P6I5nv0mSFF5Nvd220ws/RiO+paKydNuPPRiPXzPOjW+GWfm1fwr/74cWhrcfMj+cu+TkcMzhhzZjqpaO+cC6DaX5pvT1hvh0ealDhQABAgQIECBAgACBcQsIrqvJ9BAgQIAAAQIEMimwtexn7cYFvvqVL4sfSs4FKu97zrebme3dcec94dHHnyytZ6+Zu5Xqzap86vPnhfhk6fnfvjr09w+/erZ8vn1evlcuwp7yPakTqCUQv2knhta1jlX2JUn109MxmP7lLd+pPLWyrd1CgfhNN5/92+PDRV9anIv/ji361JkpvZfN2iPV1iBAgAABAgQIECBAYPwCguvxm7miLgEnESBAgAABAo0WSJIkNeR/XPaVVFsjfwKHLzo9f5vqkB194X9fnFrp6uuWptqTaZy0+OwQy8vmv7fwVHUM52K5eOWNYaQnS+PPTT12wdvCrVf+62Smdi2BjhCI/3uo9U07SZIOqItPUceQuiM2lttFdufGvvej1amN37bivFRbgwABAgQIECBAgACB8QsIrsdv5goCrRMwEwECBAgQKBOIX5hPkqTw+tP4xfqyQ6o5FVh913053Vn2t9Xf319a5P777l2qT6Ry/KlnpALqlTfcGmJ5buvWMYebvs3U8Mo5s8LG1SvCv3wu/bNUx7zYCQQ6UCCG1rWWvc20qSH+OVjrmD4CrRY44F0nhIGyH+Gww3YzJr8EIxAgQIAAAQIECBAgEATXfhMQIJB7ARskQIBAngTiF+1jydOe7IVAFgXefOCflJYVfx5rqVFnpTysvuGWNXVeNXxakiSFn8374G2XBU/xDbuo5V8gSZKqTcZv1vq/t19W1a+DQDsEFp+1NKzftLk0dXwjxv03p9/SUTqo0nIBExIgQIAAAQIECHS2gOC6s++f1RMgQKBVAuYhQIAAgSYKxCcMYznqpM+VZontUkOl5QKnnfi+sGLpGeHcJSeHWB9pAfGexbLnvCNST1VPJKyeM2v3QlgdQzrfoDKSuP68C8Tf+0mSlN4uEv/3kPc921/nCFz3/dvDssv+LbXgv37v21NtDQI5ELAFAgQIECBAgEDbBATXbaM3MQECBAh0n4AdEyBAoIfbAfYAABAASURBVFqgPKC+ZfXd1SfoaZvAQXP3D99e8b1w+KLTwysOPibMrAin472L9yyWgcHBute5+y47lwLqGMoVy6prLqh7DCcSyLNADK9jyfMe7a0zBRaflf7v9KKj/yqcefoJnbkZqyZAoMkChidAgAABAgQmIiC4noiaawgQIECAAIH2CZiZQM4EkiRJ7Sg+vRsD0vLOJEmfs8+b319+WL1BAocd98nUU9MxmF59130hlqef3RIGxxFOly9p5x23TwXVP/3esvLD6gQIECDQIQJbnnu+tNLtZkwXWpc0VAgQINAkAcMSIECAQNcJCK677pbbMAECBAgQIEAgBAbZEdh2+rTUYtbeff+EA9LUQBp1CZSH1Xfd+6u6rqnnpMPePK8UVt9z07fqucQ5BAgQaKtAT8U3SbV1MRmc/OwLLg2PP/l0aWW7vmSnUl2FAAECBAhkWcDaCBAg0EkCgutOulvWSoAAAQIECBAgkCWBhqzlgVsuTY0Tn+xNdQw1Kl+Z+9Qzzw71+rdegUOOPjnEMnv+e6te9z3ZsHr7GduWAuriK7/j5ze//Nl6l+c8AgQIZEJgxrbTM7GOrC5i9p67pZb2xrn7p9oaBAgQIECAQK4FbI4AgRYJCK5bBG0aAgQIECBAgAABAhMRiCHoRK7rnGsas9KDF34sxBJfsx5f8V1e7n3goRDL81u3jutp9iRJwrbbTAsHvO5VNcPpeG9+8aNLGrMBoxAgQKDFAvFHU7R4yo6e7qChoPp/nPqh8PZD5odjF7wt/MvnPt7R+7F4AgQIECBAgEDrBcxIYGyBnrFPcQYBAgQIECBAgAABAs0UGO/rWSf6s5abuYd2jD3/3SeWfib1A+s2hlgmaxPD6GKJT7r/6rbl4dplZ7Vje+Ob09kECBCYpMDr//iVkxwh35fHJ67/2wcXhIu+tFhoHfxDgAABAgQIECDQNoGcTyy4zvkNtj0CBAgQIECAAIHsC4z0etYYoGZ/9a1dYXlYvW7DrxsyeXQuloYMaJCOFbBwAt0kcOfPH0ht9/LzP59qaxAgQIAAAQIECBAgQKDVAq0Krlu9L/MRIECAAAECBAgQ6BiBWq+brnwKO0mSjtlPoxc6950fKT1ZPd6wOkmSMKWvL7z6lS8b8XXfjV6v8Qh0uYDtd4jAU08/0/SVxh/fMHPegnDOhZc1fS4TECBAgAABAgQIECDQ+QKC6466hxZLgAABAgQIECCQR4H485gr97VxzVWVXan2Pm9+f6qdt8br376oFFZveOS3Y26vr7e3ZjAdX/e9ftUV4T8u+8qYYziBAAEC2RFo/koGBgebOsmsAxeG+OMb4jT/fMGlTZ3L4AQIECBAgAABAgQI5ENAcJ2P+2gX4xFwLgECBAgQIEAgQwLxaeJayzn+1DNqdXdFXwzyH/nNo2PutbenpxRWP3zHlWOe7wQCBAg0Q+Btx36y9I02sd6MOTpxzG2mTS0te2BgoD1PXZdWoEKAAAECBAgQIECAQCcICK474S5ZI4EMClgSAQIECBAg0BiBkZ4mvuGWNakJ4pPD5R1PPfNseTM39Rhaj7WZR9auLATWG1avGOtUxwkQINB0gbvv+1VpjvJ6qbNLK3/08r1SO7/mxttSbY3OEbBSAgQIECBAgAABAq0SEFy3Sto8BAgQqBbQQ4AAAQJdLjBWSLvXAQu7TihJkpp7LobV8bPmCToJECBAIFMC//6ts1PrufeBh1JtDQJdJmC7BAgQIECAAAECdQgIrutAcgoBAgQIZFnA2ggQINCZArVeEV4Zym4dGAjHj/DK8PhzQztz56OvOj5ZniRJSJKk8FR1NIll9KscJUCAAIEsCiRJUlpWXv/cKm1QhQCBFgiYggABAgQIEMi7gOA673fY/ggQIECAQD0CziFAoOUCla8I73nxi/t9Pem/ole+MrzlC23DhDG8jqUNU5uSAAECBBoosOtLdkqNds6Fl6XaGgQIECDQBgFTEiBAgACBDAukvyqW4YVaGgECBAgQIEAg6wLWR6BegX3e/P6qUzeuuarQ9/DqFYXP8l9Geuq6/Bz1xgsc/8l/DPF17rHEeuNnMCIBAgTyLbD37D3yvUG7I0CAAIGuFbBxAgQIEGiOgOC6Oa5GJUCAAAECBAgQmJhAV1z15NPPpPZZ+SrsnXfcPnW8+NR1kgy/cjV1gkZTBG64eXVp3PJ6qVOFAAECBEYVuPrrZ6aOL7vs+lRbgwABAgQIEOhqAZsnQIBAlYDguopEBwECBAgQIECAAIHmCcycd8SYg99z07eqzqn11PW+bzm26rwXOvxKgAABAgSyJ/DbR/+QvUVZEQECBAgQIECgowUsnkC+BATX+bqfdkOAAAECBAgQIJBxgcHBwdQKK5+2Lh487M3zitXCZ3zqevsZ0wt1v7RIwDQECBAgMGmBnp7hLz1V/BE46bENQIAAAQIECBAgQKAhAgbJjMDw/3vIzJIshAABAgQIECBAgEA+BeLPSq53Z9/88merTj30oD9N9T3xVPqV46mDGgQyImAZ3SGQJMM/yiBJhuvdsXu7HE1g79kzS4fjN29ddLnXhZdAVAgQIECAAAECBAjkSKARWxFcN0LRGAQIECBAgAABAgQmIDDS09bFoRYc9qZitfD5bzf9pPDpl+YLjOebDJq/GjMQCJkn6O0d/vJCeT3zC7fApgvsu/deTZ/DBAQIECBAgAABAgQI5ENg+P9Z5mM/E9iFSwgQIECAAAECBAg0X6AyCO3tGfuv4uefeVpqYc9t3ZpqxyfXUh0aDRE4afHZVeOM9U0GVRfoINBlAttMm1racXm91JmJikW0Q2DZlxanpv3ad65LtTUIECBAgAABAgQIECBQFBj7q2XFM30SGE3AMQIECBAgQIAAgREFjj/1jKpjG1avqOqr1TG1r69Wt74mCqy84dbU6LvvsnOqrUGAQLXAri/dqdRZXi91quRHYAI7SZLh18c/tOGRCYzgEgIECBAgQIAAAQIEukFAcN0Nd9keO0bAQgkQIECAAIF8Ctxwy5rUxrbbdnqqPVrjoVVXjHbYsRYI/PR7y1owiykIdLbAnx34J6UNlNdLnSpdLbD9jG1L+39+a3+47vu3l9rdWrFvAgQIECBAgAABAgSqBQTX1SZ6CBDobAGrJ0CAAAECmRKY/+4Tq9bzy1u+U9WnozMEYthywLtOCC97w3vD6w5bFD766S+G9Rs3d8birZJAEwWWfGJRWPzxDxRKrDdxKkN3oMCRf/WW1KpvW/uzVFuDwAQFXEaAAAECBAgQIJAzAcF1zm6o7RAgQKAxAkYhQIAAgUYJrNvw69RQJ33gPal2PY0Fh72pntOc0yCBsjfahmL9osuvD3sesDB85PShoHrT5vDc81vD5t89Gq79we1h+bU3NWhmwxDoXIHp20wLp/zNewsl1jt3J1beDIEzTz8hDL8sPIRvXHF9uOPOe5oxlTEJEBi3gAsIECBAgAABAtkREFxn515YCQECBAjkTcB+CBDoeoE95i6oMpjIk4jnn3la1TjFjle/9bhi1WfDBIbjlcHBEGYO3cfPfOGCMDAwUHOG2XvuVrNfJwECBAgMC+w1c/i/lQMDg+GDp57hjRXDPGoECHS6gPUTIECAAAECDREQXDeE0SAECBAgQIBAswSMS6BTBWqF1o+sXTnh7Uzt66t57WNPPF2zX+fEBYpPWRdHGMqui9XS5+yhAObth8wP5y45ORxz+KGlfhUCBAgQqC2w+rqlYeZuLy0dfOyJp7yxoqShQoAAAQJRQCFAgAABAoJrvwcIECBAgAABAvkXsMMWCzQ6tI7Lf2jVFfFDaYHA4ECtqPqFiXfYbkaI34AQA5iLvrRYaP0Ci18JdLVAkgy/pSFCLDlnWfxQagj81/VfD4ce9Kc1jugiQIAAAQIEGiRgGAIECHS0gOC6o2+fxRMgQIAAAQIECLROoL6ZZs47ourEGHRWderIpMBFl18fasXW06ZOKQTW9998cSbXbVEECLRPYN+9Z6cmv/knd6baGmmBS/7Xfw8rlp5ReGPFaSe+L31QiwABAgQIECCQCQGLIECgXQKC63bJm5cAAQIECBAgQCB3AnsdeGQYjD8UuWxnfb29Za3JVWsF4JXzTW6GFlyd4Sk++pl/Dp/5wgVVK5z/+v3Cuh9fXtWvgwABAlHg5su/Ej9K5d4HHirVVWoLHDR3f2+sqE2jlwABAgQIECCQHwE7ITABAcH1BNBcQoAAAQIECBAgQKBSIIbWW/v7U90xtH74jitTfZNtJEn6lbSTHa9br//uTT8O8ZXuscyct6BQv/bG26o44pPWV3/9zKr+dneYnwCBbAkkif82Z+uOWA0BAgQIECBAgACBfAh02y4E1912x+2XAAECBAgQIECg4QIHL/xYaEVoHRe+ac1V8SNVPvX581JtjbEFPvx3Z5VOqnhIvtSfJIknrUsauazYFIGGCQz956I0Vnm91KlCgAABAgQIECBAgAABAmMKNCm4HnNeJxAgQIAAAQIECBDIhUAMrR9YtzG1lyRJQqOftE5NUNG45OrvV/RoNkKg1jcJNGJcYxDIl4DdVAoMDgyGiy6/vrJbmwABAgQIECBAgAABAgTGEBBcjwHU1sMmJ0CAAAECBAgQyLxAZWgdF9zqwHNwcDB46jrK11+SZPTX+o5+tP55nEmAQHcITOnrK210cKj2T//67aFfx/GvUwkQIECAAAECBAgQIEAgCK79Jsi9gA0SIECAAAECBJolsMfcBVVDP7J2ZVVfKzo8dT0+5ROPe3foezFouubrZ4Z433Z9yY6lQXbaYbtSXYUAAQJjCaz78eWpUx5/8qmw6FNnpvo0mi/Q6Ble+xd/HeKf9bHEeqPHNx4BAgQIECBAgAABAmkBwXXaQ4sAgdoCegkQIECAAIEKgT/+8+MrekIh/KzqbFGHp67HB73kE4vCw6uuKNyzA1+/X+Hi3/z+scJn/GW/P3p5/FAIECBQt8AXPnNi6tzr/2OVV4anRDqv8ZtHh/9cKK933k7GtWInEyBAgAABAgQIEGibgOC6bfQmJkCg+wTsmAABAgTyJPD7Pzye2k75a2JTB1rY8NT1xLHXb9ycuvjcJSen2hoECBAYS+BDR70j7LDdjNRp/3DuN8Idd96T6tMgQKAbBOyRAAECBAgQIEBgIgKC64mouYYAAQIE2idgZgIECGRAIL4ytHIZ61ddUdnV8ranridOvvzam0oXz95ztxBLqUOFAAECdQrcf/PFYeqUKaWzn37m2fDBU88Ild8cUzpBhQABAgRGFnCEAAECBAgQ6DoBwXXX3XIbJkCAAAECITAgQGDiArPnv7fq4kfWrqzqa1fHxStvbNfUHT1veVB9zLsO7ei9WDwBAu0V2H2XnVMLeOyJp0L5N8ekDmoQIECAAIEmCxieAAECBAh0koDgupPulrUSIECAAAECWRKwli4UOGnx2eH5rVtTO3/1K1+WarejkSRJatp933K0mrRhAAAQAElEQVRcqq0xtsAxhx8aViw9I5y75ORw2onvG/sCZxAgQGAEgdXXLQ2Ljv6rMGuPXUc4QzcBAgQIECDQYQKWS4AAAQItEhBctwjaNAQIECBAgAABArUEOqtv5Q23Vi34Py77SlVfqzs2rbkqNeXjTz4VlpyzLNWnMbbAQXP3DzHAHvtMZxAgQGB0gTNPPyGs/e7XfENM8A8BAgQIECBAoCjgkwABAmMLCK7HNnIGAQIECBAgQIAAgZDpV4QP3Z/e3vRf7b/2nWuHev1LgAABAu0S2GPugrDwhM+Gb6/4XruWYF4CBAgQIECAAIG8CdgPgZwLpL+6lfPN2h4BAgQIECBAgACBiQgccvTJVa8Iz9LPtY572nDHilD+xvD+/gFPXUeYcRSnEiBAoFECMbQujrXm7vuLVZ8ECBAgQIAAAQIECGRAwBKyKyC4zu69sTICBAgQIECAAIGMCNz7wEOplUzp60u1s9I48bj3pJZy/revFl6nRDRaIGAKAgQqBAYHByt6NAkQIECAAAECBAgQINDxAk3ZgOC6KawGJUCAAAECBAgQyItA+VNzxT2tX3VFsZqpzyWfWBS8MjxTt8RiCExQwGUECBAgQIAAAQIECBAgQKD7BLovuO6+e2zHBAgQIECAAAECExSoFVpn7RXhlVuLrwwv7/PK8HINdQIEukqgTZs9fNHpqZm33WZaqq1BgAABAgQIECBAgAABArUFBNe1XfSOIeAwAQIECBAgQCDvAp0YWhfvyUkf8MrwooVPAgQItFpg9V33pab81W3LU+1Oa1gvAQIECBAgQIAAAQIEWiUguG6VtHkIVAvoIUCAAAECBDIqMHPeEVUry/qT1uUL9srwcg11AgQIECDQdgELIECAAAECBAgQIECgDgHBdR1ITiFAIMsC1kaAAAECBBorMOeNR4XBwcHUoNOmTkm1O6HhleGdcJeskQABAgQIEKhfwJkECBAgQIAAAQJ5FxBc5/0O2x8BAgTqEXAOAQIECBQEYmi95bnnC/XiLzG0Xvfjy4vNjvrcb585qfVeeOl1qbYGAQIECBAgQIBAlwnYLgECBAgQIEAgwwKC6wzfHEsjQIAAgc4SsFoCBDpb4LDjPhnyFFrHu/HD5eeG3t7hv/Jv3dofzrnwsnio6eVlbzgq7DF3gcKg5b8HZg6Zj6vMWxD2PGBhmFVvOXBh2PvgY8K+hxwX3vHXfxf+82f3N/1/TyYgQIAAAQIEsiVgNQQIECBAgEBzBIa/itWc8Y1KgAABAgQIEBiPgHMJtEUghtZ33fur1NxJkoROfdK6fCPzXvuq8mZYdtn1qXazGs89n35yvVnzGJdApUB80f+4ytDJAwMDob/e0j8Qnnl2S3j8iafCf/3sF+EbV/x75RK0CXScQJIkHbdmCyZAgACBjhewAQIECBAgUCUguK4i0UGAAAECBAgQ6HQB6x+PwOGLTg+VoXW8ftOaq+JHx5erv35mag+/ffQPqbYGAQKTE9huxvTJDeBqAhkQ6OkRXGfgNlgCAQIECBCYgIBLCBAgkC8BwXW+7qfdECBAgAABAgQIjEMghtar77qv6opH1q4Moaq3czumTZ1SWvzAwGBLXhd+xmkfDkkiCCnBZ7ySJEnhfiXJ5D57enpCb8/ky5QpfWHquMuUMGPb6SEGyXWXofO3n7Ft2GPXl4aZu9VX9tpj1zD3ta8KB83dP5x24vvCZ//2+OAfAp0msOScZakl77v37FRbgwABAgQIECDQVQI2S4BAZgQE15m5FRZCgAABAgQIECDQSoFuCa2jaeUrz1vxuvCPvP/wEJ9aj98EoKwMWTeI96oRZePqFWFDA8r6n1wRHhp3uTw8cMt3wi9/NI4ydP4vfnRJuPPfvx7+6/r6yprvfi1896KzwoqlZ4TTTnhfmL7NtPg/M4VARwnc/JM7U+v94fJzU20NAgQIECBAgAABAuMVcD6BRggIrhuhaAwCBAgQIECAAIGOEuim0Lp4Y3rKXgO7+XePFrt9doaAVRIg0CEClU8yJ0mSyZXf/+D6TK7LoggQIECAAAECBAh0uUDXb19w3fW/BQAQIECAAAECBLpLoBtD63iHd9l5p/hRKudceFmprkKgOwTskkDzBS64+OrUJPFNBqkODQIECBAgQIAAAQIECBAYUaAxwfWIwztAgAABAgQIECBAIDsC3Rpaxztw1w3pn2f65a9fHrsVAgQIjE/A2SMKxKetBweHD/f2ZvdLLv39A6WFZnmdpUWqECBAgAABAgQIECDQFQLZ/X9RXcGf3qQWAQIECBAgQIBA8wS6ObQuqpa/LnzLc88Xu30SIECAQAMEvvada1OjbLhjRapd3lAnQIAAAQIECBAgQIAAgWoBwXW1iZ7OFrB6AgQIECBAgECVgND6BZIDXvfqFyov/up14S9C+CBAgEADBAYGhh+3TpJs/mzruM34ZHj8LJZ9955drHbap/USIECAAAECBAgQIJAzAcF1zm6o7RBojIBRCBAgQIBAfgSOOulzYfVd91Vt6JG1K6v68t5x9dfPTG3xi+d/J9XWIECAAIGJCyTJcFidJMP1iY/YnCtv/smdqYF/uPzcVFuj2wTslwABAgQIECBAgEB2BATX2bkXVkKAQN4E7IcAAQIE2i4QQ+tbVt9dtY5uDK2LCNOmTilWw+DgYNj3LceV2ioECBAgMHGB3p7hsLq8PvERm3Pl/Q+ub87ARiXQzQL2ToAAAQIECBAg0BABwXVDGA1CgAABAs0SMC4BAgQmKvBHf3ZsEFpX66378eWpzseffCpcdPn1qT4NAgQIECBAgAABAq0WMB8BAgQIECBAQHDt9wABAgQIEMi/gB0S6DqB2W94b3jiqaer9t3NT1qXY7zjkPnlzbD4rKWptgYBAgQIjF8gSYa/xFJeH/9Izb2iv3+gNEGSDD8lXupUIUCAAIFOFrB2AgQIECDQ0QLD/6+qo7dh8QQIECBAgACBZgsYv1ME9pi7IDz//Naq5Qqth0mWfWlx2GG7GaUOrwwvUagQIEBgwgIzpk8rXVteL3VmsDJ1Sl8GV2VJRYH1GzeHsy+4NJyy5Csh1ov9PgkQIECg2QLGJ0CAAIF2CQiu2yVvXgIECBAgQIBANwo0ec8xtK6cYsrQF+WF1pUqIdx/88WpTq8MT3FoECBAYNwCs/bYtXRNeb3UqUJgHAJ33HlPWHjiZ8PZSy8Ny6+9qVDGcblTCRAgQIBA+wWsgAABAhMQEFxPAM0lBAgQIECAAAEC2ROoFVpvP2PbsP4nV2RvsZNcUaMu98rwRkkahwABAiG8vezHMJTXs2yz4/bbZXl5Xbu2675/ezjqY/8j9ZT17D1361oPGydAgAABAt0sYO8Euk1AcN1td9x+CRAgQIAAAQI5Ezj+1DPCSKH1L350Sc5229jtdPkrwxuLaTQCBLpe4LQT3xdWLD0jnLvk5BDrnQCy9+w9OmGZXbXGiy6/Ppyw+OywZctzpX3v8/K9wjGHH1pqqxAgQIAAAQIECIxLwMkdJCC47qCbZakECBAgQIAAAQLVAjfcsqaqM74aXGhdxVKzwyvDa7LorFvAiQQIlAscNHf/TAeM51x4Wfly1TMmEO/P4rOWhoGBgdLKpm8zLdx65b+W2ioECBAgQIAAAQIE2iPQmlkF161xNgsBAgQIECBAgEATBGo9aR1D6yZMleshK18ZvuScZbner80RyJyABRFok8Ahb/x/2jSzacsF4p+78e80Z331kjA4OFg61NPTEx68bXmprUKAAAECBAgQIEAg7wK5D67zfgPtjwABAgQIECDQrQLxC7yVexdaV4rU1658ZfizW54L8edr1ne1swgQIJANAasYW+A/fvxfqZM+8ZGjU22N1grEwHrWgQvD+d++umriJEnCxtUrqvp1ECBAgAABAgQIEMizgOA6z3e3cXszEgECBAgQIEAgUwJC68bfjspXhn/09C8KrxvPbEQCBAi0VeDB9Y+MNb/jLRIoBtb9/cOvBS9OPW3qlLBpzVXFpk8CBAgQIECAAAECXSMguO6aW22j7RewAgIECBAgQKARAvsd+sGqYS4869NVfTrGLzB75m6li+KLSv/nly8qtVUIECBAgACBegVGPu+tx5wS4jfg1Qqse3t7Qnx7zLofXz7yAI4QIECAAAECBAgQyLGA4DrHN9fWCORSwKYIECBAoKsFYmj96GNPpAx23nH78K6/OCjVpzExgdXXLQ1J2aUPb9rsqesyD1UCBAh0usBjTzzZ6Vvo2PV/6vPnFQLre365rmoPydAfvjGw3nCHV4OncDQIECBAgAABAgS6TkBw3XW33IYJECAQAgMCBAh0osDxp54RaoXW99z0rU7cTmbX/KGj/6q0Nk9dlyhUCBAgQIDAhAVmzjsiXLzyxprX77fPnLBpzcqax3QSaISAMQgQIECAAAECnSQguO6ku2WtBAgQIJAlAWshQKCFAictPjvccMua1IxTp/QFoXWKpCGNM08/IWw3Y3pprPWeui5ZqBAgQKDTBZ7furXTt9BR6y8+ZT04GL8VLL304mvBf7j83PQBLQIEsihgTQQIECBAgECLBATXLYI2DQECBAgQIFBLQB+BsQXmv+eksPKGW6tOfOgnV1T16WiMwJf/+9+mXhn+kdO/GN7z4cXho5/+Yli/cXNjJjEKAQIECLRcIEmS0pw9Pb4kVMJoQmWkp6yTJCn8HGuvBW8CuiEJEMi4gOURIECAAIGxBfy/lLGNnEGAAAECBAgQyLZAjlf3J3+5KKx7+JGqHT6y1is1q1Aa2PGuvzgo7DVzt9SIq+68J1z7g9vD0kuuTfVrECBAgEDnCPQMhabF1fb2DIfYxT6fkxcY7SnrObN2D5vWXDX5SYxAgAABAt0rYOcECBDIuYDgOuc32PYIECBAgAABAp0qEJ9U+vVvH61afrNC66qJurxj9XVLw64v2TH0VDyR9+O1P+tyGdsnQIDAxAVedchxYY+5Cwol1ic+kitbLVBPzB//7nLxyhurlpYkLzxlveqaC6qO6SBAgAABAgRaL2BGAgSyKyC4zu69sTICBAgQIECAQNcKxC/q1/p5kELr1v6WuPvGb4Qln1gU+np7SxPvsP2MUr1GRRcBAgQIjCLw2BNPlY6W10udKpkSqCesjgteeOLnCt+MUOvvLp6yjkIKAQIECBAgkEMBWyLQFAHBdVNYDUqAAAECBAgQIDBRgRhaV167+y47F34eZGW/dvMFTjj28PDwHVeGf/jUhwtlxdIzmj9p188AgAABAgQ6QeCkxWcXAuvb19xdtdwk8ZR1FYoOAgQIECBAgACBCgHNSgHBdaWINgECBAgQIECAQFsEij8TsnLyGFr/9HvLKru1WywQA+xYWjyt6QhMXMCVBAgQaJLAknOWFQLrlTfcWnMGT1nXZNFJgAABAgQIECBAYEyBCQXXY47qBAIECBAgQIAAAQLjEBjpZ0LO2WuPILQeB6RTCRAg0GABwiVQCgAAEABJREFUwxEgkBaIf2c5/9tXpzvLWvHHmqy65oKyHtVygTV33RvmvfOjhRLr5cfUCRAgQIAAAQIECAiu2/d7wMwECBAgQIAAga4XmP/uEwtPLNX6mZCFL/xefX7XGwEgQIAAgY4XsIEcCAwO7SH+OJNaf2cZOlT4kSbx7y6xrows8PdnfS08/MhvCiXWRz7TEQIECBAgQIAAgW4UEFx3413P1Z5thgABAgQIEOhEgfUbNxcC63Ubfl21/CQJhS/+Vh3QQYAAAQIECHSxQDa3vuCwN/l7yzhuzWNPPFk6u7xe6lQhQIAAAQIECBDoagHBdVfffpsn8KKADwIECBAg0EKBOW88Khxw+Ak1Z9xnzqywac3Kmsd0EiBAgAABAhMXiN801t8/MPEBuuzKd37o9BCfsh5p27vvsnMhsD7/zNNGOiWb/VZFgAABAgQIECBAIMMCgusM3xxLI0CgswSslgABAgRGF1hyzrLCU9Zbnnu+6sRdX7JT4Yu/t644r+qYDgIECBAgQGDyAksvuTYMDA5HsUniS0K1VOPrwGNZe/d9tQ6HYmD90+8tq3lcZ/0Cv/n9YyF+Q0X9V2TnTCshQIAAAQIECBBojoD/l9IcV6MSIECAwMQEXEWAQI4Fzv/21TV3F38e5N03XlTzmE4CBAgQIECgMQI/Xvuz1EBTp/al2t3c+NTnzyt8c10MrEdziH9nEViPJjT2sT12e2nppKefeTYsv/amUlul6wRsmAABAgQIECBQJSC4riLRQYAAAQIEOl3A+glkT6DWF4LnzNq98JR19lZrRQQIECBAIH8CO2w/I7WpnXfYPtXuxkYxsL545Y1jbj8Z8wwn1CNw9YX/FF7/mj+q51TnECBQl4CTCBAgQIBAvgQE1/m6n3ZDgAABAgQINErAOA0TmHXgwqqx4hNLq665oKpfBwECBAgQINAcgRVLzwj/8KkPh9fsu3d4w5++Jqy+bmlzJuqAUd/5odND/Ka6sQJrYXVzbua/f/OfQ/z9eO6Sk8NpJ76vOZMYlQABAuMRcC4BAgQIZEZAcJ2ZW2EhBAgQIECAAIHOF4g/p/CUJV8JscT6W485JfT3D6Q2FkPrVIcGAQIECBAgMG6B+Ofs2RdcWvgzt96LTzj28PCD75wTVn7tH+u9JFfnHXXS5wqB9dq77xtxX319fYU3wvj7yohEDTlw0Nz9wzGHH9qQsQxCgAABAtkQsAoCBAg0QkBw3QhFYxAgQIAAAQIECIT4BfRT/udXCj+rMP68wr/5uy+Ee365LiWz3z5zUm2NugScRIAAAQJdLnDHnfeEWD75+fPCwhM+G+YcdHQ44PATwtlLLy38uRsD7C4nGnP78QnrW1bfPeJ5c1/7qkJg/fCqK0Y8xwECBAgQIECAQJMFDE+g6wUE113/WwAAAQIECBAgQGDyAsXQ+vY1PysNdve9vyrVYyWG1j9cfm6sKgTaIGBKAgQIZF8ghtOxFAPqVx1yXOEJ4Xd/eHGI5ZKVN4bb1/4sbNnyXGozs/fcLdXWGBYoPmU93JOuXfP1MwuB9XcvOit9QIsAAQIECBAgQKBDBSy7kwUE151896ydAAECBAgQIJABgVqhdeWyent7gtC6UkWbQAcKWDKBSQisueveQggbn3w9/MOfmcRInXPpdd+/PcSy+KylIZbKle/zZ+8Psex14JEFmxhOx1IMqB974qnKS1Ltl+y0QzjthPd55XJKZbgRf6+N9JR1fBV4LAe+fr/hC9QIECBAgAABAgQIEHhBoE2/Cq7bBG9aAgQIECBAgEAeBGJo/c4PnR7Kn7Su3FeShLDhjhWV3doECBDoWoFu3fi7Fg2H1avvHA6xY7iYtTJz7oIwc94R4y57Dl1TvpePnP7FEMuyy/4txFJ575986pkQy9b+/spDNdt9vb0hlr1nzwwHzd0//PwH3wynnfi+mudmrTMG+Ae864Twsje8N7zusEXho5/+YuHHjDRjnaM9Zb39jG1DDKybMa8xCRAgQIAAAQIECBCYnEDeguvJabiaAAECBAgQIEBgXAKnLPlK2Py7R0e9ZtOalaMed5AAAQIECExAoKmXDA6NPjg4GMZbBoauGbp00v/GcDqWYkD9D5/6cCFsffiOK0MsP1751bBi6RmTnqcRA5y0+OzC0+LlgX2xXvwGgNiOAf76TZvDc89vLfzd4dof3B6WX3tTI5aQGiPONdpT1r/40SWp8zUIECBAgAABAgQIEMiOgOA6O/ciQyuxFAIECBAgQIBAfQLx52yOdOb81+9X+CL7SMf1EyBAgEB3CSRJ0l0brmO3MZzebsb0MHvmbmGfl88KIwXUJxx7eB2jTeSUyV0TQ+KVN9w64iDFbwAY6YTZe+420qFx9x++6PRCgF7rwu09ZV2LRR8BAgQIECBAgACBzAkIrjN3SywoNwI2QoAAAQIEci4QX/k50hZjaH31188c6bB+AgQIEOhCgbe9aW5IkvGF1/H0JEkK1yVJ9WdPTxJ6e3vGLH19vWHa1Cl1l+nbTA07bDdj3OUlO21fCKHf8KevCYuO/qtCufCsT4dYar2eOj49/csffSesvm5puPXK80JWA+pQ458YWtfoHrMrhvRvP2R+OHfJyQ372dyvOPiYsPqu+2rOHd0n/JR1UjZkeb2su1D1CwECBAgQIECAAAECDREQXDeE0SAECDRLwLgECBAgkF2B//nli2ouLn6BWGhdk0YnAQIEulrgm1/+bNi05qrC2zjinxX1lPjjJuI1I5WNq68KG+5YMWZ5eNWVYd2PL6+7PHjbZeH+my8ed/n5D75VCKFXfu0fw5mnn1Ao7/qLg0Isebv5U/v6am4pfjNB8RsFyr8BIIb68Z7HkP6iLy1uWGgdA/Snn91StZZGPGWdhKQ0blJWL3WqNFTAYAQIECBAgAABAgQE134PECBAIP8CdkiAAIGWCCRJUggjWjKZSQgQIECAAIG2Cjy06oowta+vUGIgXSzxmwmK3yhQ/g0AMdRv9IJjaF1rzLiWCT9lXWtAfQQ6R8BKCRAgQIAAAQIdLSC47ujbZ/EECBAg0DoBMxEgUCkQn5iKr0Hd9aU7hVfOmVV4iq7yHG0CBAgQIEAgvwIxvI6lnh3ecec9YeEJnw2vO2xR+OinvxjWb9xcz2U1z/l/3vE3NX+edXzaO4bWNS/SSYAAgboFnEiAAAECBAi0S0Bw3S558xIgQIAAgW4UsOfcCcTXoN59w0XhthXn5W5vNkSAAAECBAhMTuCiy68P+77luLDnvCPCez7y9+H2tT8Lm3/3aLj2B7eH5dfeNO7Bi4H1ps2/r7p2222mhfi0d9UBHQQIECDQHgGzEiBAgACBCQgIrieA5hICBAgQIECAQDsFzE2AAAECBAgQyLLAORdeFmYOhdWf+cIF4fEnnwoDg4NhcKiUr3n2nruVN0etH3L0yYUnrGsF1vHC+JT1r25bHqsKAQIECBDIlYDNECBAoNsEBNfddsftlwABAgQIECBAIAooBAgQIECAQBMEYmh91lcvqQqqi1NN32ZaOHfJyeGYww8tdo36efDCj4V7H3hoxHNiaD3iQQcIECBAgAABAiEwIECggwQE1x10syyVAAECBAgQIECAQLYErIYAAQIECAwLFEPr4Z4XajtsNyPMnrlbeMOfviY8eNvyukPrPeYuCA+s2/jCIBW/xsA6lopuTQIECBAgQIAAgaYIGJRAawQE161xNgsBAgQIECBAgAABAgRqC+glQIBABwssOWdZeOsxp4RZBy4M8Unryq3EcPn+my8Oq69bGlZ+7R8rD9dsz3/3iSGG1rUOxvFiqXVMHwECBAgQIECAAIFMC1jcmAKC6zGJnECAAAECBAgQIECAAAECWRewPgIEWiPw0c/8c9jzgCMKwXIMl8//9tXhnl+uC/39A1ULmEjAHIPwdRt+XTVW7JjIePE6hQABAgQIECBAgACBzhCoJ7jujJ1YJQECBAgQIECAAAECBAgQIDAZAdcSqClw3MlnlILqa2+8LQwMDNY8r7xzoiFzDMLLx4n1vt7eMNHx4vUKAQIECBAgQIAAAQKdISC4btl9MhEBAgQIECBAgAABAgQIECCQf4Hm7jA+5RzLUSd9rrkTDY3+zg+dXgisf3DbmqHW2P8mSQi9vT0NDZljYP3wHVeOPbkzCBAgQIAAAQIECBDoeAHBdcffwi7bgO0SIECAAAECBAgQIECAAIEuFYiBdXHrt6y+u1htymeca+3d9406dk9PT9hvnzmFoDoGzJvWrAwb7lgx6jVjHTzszfNCkiQhGSpxzLHO77Tj+77l2MI3A0TfWO+09VsvAQIECBAgQIAAgWYKCK6bqWtsAhkVsCwCBAgQIECAAAECBAgQ6DyBJElSi37bsZ9MtRvViKHqSGPtM2dWKajeuHpF+OHyc0c6dUL93/zyZ8OmNVcVyoQGaPFFa+66txRE//GfHz/q7DGofvzJp0vnlNdLnQ2uGI4AAQIECBAgQIBAJwkIrjvpblkrAQJZErAWAgQIECBAgAABAgQItFRg3mv3Tc13932/SrUb1ejrqf5yUXz6OZZbV5zXqGlyMc67Fn2mtI/f/+HxsH7j5lK7vPLqtx4XBNXlIh1Vt1gCBAgQIECAAIEWCVT/P5EWTWwaAgQIECAQAgMCBAgQIECAAAECBOoVuHbZWVWnNuOp64dXrwh9fX0hBtgxrI6lamIdNQUOOPyEwhPYr33bX5eOx9D6D48/VWoXK1yLEj67Q8AuCRAgQIAAAQJjCwiuxzZyBgECBAgQyLaA1REgQIAAAQIECHSNwAGve1Vqr8166vrhVVeEGGCnJtOoEkiS9Ovbiyf85vePFQLsmfOOCELroopPAgQmLWAAAgQIECCQcwHBdc5vsO0RIECAAAEC9Qk4iwABAgQIECDQCQKteuq6EyyysMZNa64adRmDg4NVxz1pXUWigwABAi0VMBkBAgQIZFdAcJ3de2NlBAgQIECAAIFOE7BeAgQIECBAoAUCrXrqugVbycUUMYiOZecdtx9zP0lS+wntMS90AgECBAgQyJaA1RAgQKApAoLrprAalAABAgQIECBAgMBEBVxHgAABAgRGF6j11PVRJ31u9IscbbrAPTd9K8QAu6+vd8S54hPYe8xdEOIrxEc8yQECBAgQIECgSwRskwCBSgHBdaWINgECBAgQIECAAAECnS9gBwQIEMi5wPYztk3t8M6fP5Bqa7RH4I///INh69b+MScXYI9J5AQCBAgQIECAQH0CzsqVgOA6V7fTZggQIECAAAECBAgQINA4ASMRIJBdgV/86JLU4p546ulUW6P1AnvNPzL8/g9PVE08a49dqvqKHQLsooRPAgQIECBAgACBdgpkZW7BdVbuhHUQIECAAAECBAgQIECAQB4F7IlAywS8LrzB1EkyPGB5fbi3UHv92xeF+PrvWk9ax1eHr/3uhYVXiAuwC1x+IUCAAAECBAgQIDCiQIcH1yPuyzBBxr0AABAASURBVAECBAgQIECAAAECBAgQIEAgNwI2UkvA68JrqTSur6dnOLgur1fO8MhvHq3sKrRjaF2ovPjLeALsPecd8eJVPggQIECAAAECBAh0j4Dgunvu9cg7dYQAAQIECBAgQIAAAQIECBDoOIFxvy6843bY3gUPx9YhlNdD2T/xSeuyZqlaGVqXDgxV6gmwBwYHC09xx/HXb9w8dJV/CRAgQIAAAQIECORfQHCd/3tshy0SMA0BAgQIECBAgAABAgQIEGi3gNeFN/8OFGeYWeOp6BhYx1I8Z7TPegLseP0Bh59QCLHnvvMjsakQIECAAAECBAgQyK2A4Dq3t9bGCHSkgEUTIECAAAECBAgQIECAwDgEvC58HFgNPDX+XOvBwcHUiNtuMy3VrrdRb4C94ZHfFgLsGJjPOmBhvcNn9TzrIkCAAAECBAgQIFAlILiuItFBgACBThewfgIECBAgQIAAAQIEukXA68Jbf6fjk8+VP9c6SZLwq9uWT2oxxQB7zqzdQ5KM9HLyEGJg3j8wUAix46vEhdiTYu/wiy2fAAECBAgQIJAvAcF1vu6n3RAgQIBAowSMQ4AAAQIECBAgQIAAgQqBGFrHJ58rusOmNVdVdk24veqaCwrjxVeO777LzmOOUx5iH7zwY2Oe7wQCBCoENAkQIECAAIHMCAiuM3MrLIQAAQIECORPwI4IECBAgAABAgSaL7DzjtunJjn+1DNSbY3GCMx/94mhVmgdA+bGzFA9yk+/tyzE8cd6Crt45QPrNhaexC62fRIgQKBVAuYhQIAAAQKNEBBcN0LRGAQIECBAgACB5gkYmQABAgQIECAwqsA9N30rdfym2/4z1dZojMC6Db+uGiiGylWdTegofwq7nhA7vkJ8rwOPbMJKDEmAAAECTRQwNAECBLpeQHDd9b8FABAgQIAAAQIEukHAHgkQIECAQPcIbB0Y6J7Ntminz2/tr5qpVaF15cTlIXZcQwyyK8+J7a39/YWnr70+PGooBAgQINA9AnZKgEAnCwiuO/nuWTsBAgQIECBAgACBVgqYiwABAgQ6RsDrwpt7q2Jg3NwZ6h89BtlxPa+cs2fNi7w+vCaLTgIECBAgQGA0AccItElAcN0meNMSIECAAAECBAgQINCdAnZNgACBZgjsvOP2qWFX33Vfqq3ROIEvfObExg3WwJFuW/G/QwywRxoyvj585rwjRjqsnwABAgQIECBAoMEChhu/gOB6/GauIECAAAECBAgQIECAAIH2CpidAIEKgXtu+laq59HHnki1Y2P9xs3hlCVfKZRYj33KyAKDNQ719vSEDx31jhpHstMVw+uRnr4eHBwsvD5ciJ2d+2UlBAgQIECAAAECwwI1guvhg2oECBAgQIAAAQIECBAgQIBAXgXsq9sEll97UyiW29f+rNu2P+79bt3aX3XNhtUrqvqy2FF8+nqkADuuWYgdFRQCBAgQIECAAIEsCQium3U3jEuAAAECBAgQIECAAAECBAjkXyBDO+zrSX+Z5/hTz0it7vb/HA6rPXGdoqlqxCeSKzvjk8yVfVlvxwA7htdJkoy6VCH2qDwOEiBAgAABAgQItEgg/f9oWjSpaQjUK+A8AgQIECBAgAABAgQIECCQB4HXv31R07fxcMXTwDfd9p+pOW9fMxxcpw5koJGlJdQKraf09WZpieNaSwyvN625KsTg/dWvfFlIEiH2uACdTIAAAQIECBAg0DIBwXXLqE1EoG0CJiZAgAABAgQIECBAgACBNgrE0PqR3zza8hVsHRgozVn5hPVB8/YvHVMZFtjrwCOHG51XG3PF/3HZV4IQe0wmJxAgQIAAAQIECLRJQHDdJnjTEiDQaQLWS4AAAQIECBAgQIAAgfELtCu0Lq70pMVnF6upz9kzd0u1NUJ43WEfClv7q3+udV5tJhNiv+LgY/LKEkKwNQIECBAgQIAAgXYJCK7bJW9eAgQIdKOAPRMgQIAAAQIECBDoIoF2hNa777JzSvjfbvpJoX372vRrwmfvKbguwLz4y8ELPxY2/+4PL7Ze+EiS0V+p/cJZ+fi1PMR+3atfMebrxJ9+dkuIr1Q/fNHp+QCwi8YLGJEAAQIECBAgMAEBwfUE0FxCgAABAgTaKWBuAgQIECBAgACB7AuMFVonSXNC0Z9+b1kK57mtWwvt8leF77n7Swt9fnlBIAawD6zb+EKj7Ne+3u78stkNF/9L6XXiY4XYq++6rxBgl7GpEiDQQAFDESBAgACBbhPozr+Bd9tdtl8CBAgQIECgUkCbAAECBAgQINA0gZFC6yRpTlg91kbi68LLn7jedvr0sS7piuOHHH3yiKHrI2tXdoXBWJusDLFHOj+G/7GMdFw/AQIE2ihgagIECBDoIAHBdQfdLEslQIAAAQIECGRLwGoIECBAgACBSoGRQutWBqGVc6284dZwx533lJa620t3KtW7tRJD1nsfeKjm9iv9ap7UhZ0xxI42B7zuVSPuPrpWlr3mv3fE8x0gQIAAgU4RsE4CBAi0RkBw3RpnsxAgQIAAAQIECBCoLaCXAAECBHIjkIXQeiTMrf39pUNvP2R+qd5tlcOO++SIT1lP6esLMZjtNpPx7vfaZWcVnEYLsMvH3Lp1a8G8MtAutmfOXRBmzjsi7DlUZh14ZNhrqLzsDe8Nf/Rnx4bXHbYovPNDp4eFJ342nLLkK6H8lfflc6gTIECAAIGOELBIAgTGFBBcj0nkBAIECBAgQIAAAQIEsi5gfQQIEGi3wNx3fiQ88ptHq5bRriB09112rlpLseOEYw8vVrvqM4bWd937q5p7jvdp/aorah7TWVugGGAnyeRegT84NPzg4GAYGCr9/f0hfpPFc89vDU889XTY/LtHw9q77wu3r/lZWH7tTYUydLp/CRAgQIAAgS4WsPV8Cwiu831/7Y4AAQIECBAgQCCHAuVfHy6v53CrttRaAbMRIDBBgRhab3jkt1VXxzC0qrNFHT/93rKaM/X0TC5krDloB3TOeeNRoVZoPepT1mV/yPYPDHTALtuzxE1rrgrx6eskaf7vrdl77taeTZqVAAECBAgQIJAvgczuRnCd2VtjYQQIECBAgAABAgQIECDQeQJW3G0CWQytR7sH207fZrTDuTwWQ+stzz1ftbf4jQWjPWU9beqU0jU9iS+hlTBqVOLT1zHAjqaVZcFhbwpT+/pCzLWTJBn6TEL8Boq+vt4QjadvMzXssN2M8JKdtg+zZ+5WKPu8fFY4aO7+Ib7W/rQT3hdiOXfJyeGYww8N/iFAgAABAgQIEMivQE9Hbc1iCRAgQIAAAQIECBAgQIAAgfwLdMgOX37Q0SFrT1qX002fNq282ZX1mfOOCCOF1mOB7P+qV5ROia+wLjVUxiVw/pmnhYdWXRE2rVk5VK4qlI2rrwoPr7oyrPvx5eHB2y4L9998cfj5D74VVl+3tFBuvfK8sGLpGeGiLy0Op504FFwPFaH1uNidTIAAAQIECBDoSAHBdUfetskt2tUECBAgQIAAAQIECBAgQIDAxAViYL3H3AXh2S3PVQ0Snzat6mxTx2677NSmmbMxbbxHg4ODqcUkSRImco/So6SG1CBAgAABAgQIECBAoEECgusGQRqm6wRsmAABAgQIECBAgAABAgS6TODghR8LMQytFVhHiokEovG6VpbBge6IYON9qnSNr6WOr7Ou7B+pvd8+c+IhhQABAgQIECBAgACBFgkIrlsEbRoCBGoJ6CNAgAABAgQIECBAgEBnCOx14JHhgXUbR1xsFkPrVddcULXe57f2V/XlrWOk0Dq+lnoye73u+7dP5vIuv9b2CRAgQIAAAQIECIwtILge28gZBAgQyLaA1REgQIAAAQIECBAg0FSBGIRu7a8d+MbAOpamLqCBgw8ODjRwtGwNdced9xSeiK9cVXzSeiKh9cFz968cSptAewXMToAAAQIECBDIuYDgOuc32PYIECBAoD4BZxEgQKCzBJKy5ZbXy7pVCRAgQKAhAjG0rjVQDKtjqXUsy30VP/I5y0sd19pe+eb3h3d/eHHVNRMNreNA7/qLg+JHqdy29melugoBAp0rYOUECBAgQIBAdgUE19m9N1ZGgAABAgQ6TcB6CRBokUBSllWX11s0vWkIECDQFQIHL/xYzad3kyQJnRRYJ0nZHxpDd24gZ8n1H/3ZsYX79NTTzwztLv1vvE8TedI6Pcpw655frhtuqBEgQKC7BeyeAAECBAg0RUBw3RRWgxIgQIAAAQIEJirgOgL1CJSHEOX1eq51DgECBAiMJXDI0SeHB9ZtDJX/9PX2hk1rrqrsznT7xOPenVrfYE6C6/0O/WAhsH7iqadT+ys2YmhdrE/m05+yk9FzLQECBAiMLuAoAQIECFQKCK4rRbQJECBAgAABAgQ6XyDnO9hu2+mlHZbXS50qBAgQIDBhgRha3/vAQ1XXxyD04TuurOrPeseSTywKvb3DX/7p6ensKPb4U88oBNaPPvbEiPTxXo14cBIHNmz6zSSudikBAgQIECDQFAGDEiCQK4Hh/+eSq23ZDAECBAgQIECAAIH8Ctx/88XhHYfMD6+cMyvEerN2alwCBAh0m8BooXUjLMpD494WBsgb7lgR9ttnTthhuxkh1huxl3aMscfcBeGGW9aMOHUMrGMZ8YQJHOjt7S1d9ejjI4flpZNUCBAgQIAAAQIdKGDJBLIiILjOyp2wDgIECBAgQIAAAQLjEFj2pcXhthXnjeMKp7ZJwLQECHSIQLND68iQhCR+vFjK6y92NfHjh8vP7dhvdpr/7pMKT1mPxBPD6lhGOj6Z/m22mTqZy11LgAABAgQIECDQPQJ22gABwXUDEA1BgAABAgQIECBAgAABAs0UMDaB5gq0IrRu7g7yOfqnPn9eIbBet+GRmhuMYXUsNQ82ofPZZ59rwqiGJECAAAECBAgQIECgKNATijWfBAgQIECAAAECBAgQIECAQH4F7KymgNC6JkvbO2NoffHKG2uuY+cdtw+tDKxrLkInAQIECBAgQIAAAQINF/DEdYNIDUOAAAECBAgQIECAAAECBAh0lsBhx30y3PvAQ1WLHi0UrTpZR8MFlpyzLIwUWsd7c89N32r4nCMNuP+rXlE61N/fX6qrECBAgAABAgQIECDQeAHBdeNNjThxAVcSIECAAAECBAgQIECAAIGWCdx176+q5orBaFWnjkYLjDjeORdeFs7/9tVVx+N9iaXqQAs7Bls4l6kIECBAgAABAgQIdKOA4Lob77o951zA9ggQIECAAAECBAgQIEBgLIE95i6oOqXdwWjVgrqo47rv3x5e8+fHh7O+eknVrtt5X/bbZ07VerLTYSUECBAgQIAAAQIE8iUguM7X/bQbAgQaJWAcAgQIECBAgAABAgRyKyC0ztatPfuCS8NJf/+l8Ls/PF61sHaG1lWLGeqIAfvQh3/zJGAvBAgQIECAAAECmREQXGfmVlgIAQIE8idgRwQIECDoFvI1AAAN/UlEQVRAgAABAgSyJiC0ztYdiaH12UsvDVsrfn50kiQhC6H1wXP3zxaY1RDIqIBlESBAgAABAgQaISC4boSiMQgQIECAQPMEjEyAAAECBAgQINAgAaF1gyAbOMzsPXdLjTZ1Sl945ZxZYdOaq1L97Wq86y8OSk1929qfpdoaBAgQaKCAoQgQIECAQNcLCK67/rcAAAIECBAg0A0C9kiAAAECBAh0u8Ce846oIpg2dUpVn47WChw0d//wP079UHj7IfPDsQveFh76yRXhthXntXYR45jtnl+uG8fZTiVAgACB1guYkQABAgQ6WUBw3cl3z9oJECBAgAABAq0UMBcBAgQIEOhQgTlvPCoMDA6mVh9D63U/vjzVp9F6gfjE9X/74IJw0ZcWh3/53MdDFv9JsrgoayJAgAABAs0UMDYBAgTaJCC4bhO8aQkQIECAAAECBLpTwK4JECBAoLUCMbTe8tzzqUmF1ikOjXEIbNj0m3Gc7VQCBAgQIECgmwXsnQCB8QsIrsdv5goCBAgQIECAAAECBNorYHYCBAjUJXDYcZ8MQuu6qJw0ikBvb2/p6KOPP1GqqxAgQIAAAQIECDRdwARdJiC47rIbbrsECBAgQIAAAQIECBB4QcCvBPItEEPru+79VWqTSZIErwdPkWjUIbDNNlPrOMspBAgQIECAAAECBLIq0DnrElx3zr2yUgIECBAgQIAAAQIECBDImoD1ZFLg8EWnh8rQOi5005qr4kf7SlI2dXm9rFs1ewJTyp64Lq9nb6VWRIAAAQIECBAgQKCzBTIdXHc2rdUTIECAAAECBAgQIECAAAEC9Qg08pxXHHxMWH3XfVVDPrJ2ZVVfqzum9PWVpiyvlzpVMimw047bl9ZVXi91qhAgQIAAAQIECBAg0BABwXVDGDM9iMURIECAAAECBAgQIECAAIGuEIih9dPPbqnaaxZC67ioJBl+zDpJhuvxWAOKIQgQIECAAAECBAgQINDRAoLrjr59Ft86ATMRIECAAAECBAgQIECAQJYFZs47ImQ5tM6ynbWVC6gTIECAAAECBAgQINAuAcF1u+TNS6AbBeyZAAECBAgQIECAAAECTRDYY+6CMDg4mBo5SZKQlSetUwvTINANAvZIgAABAgQIECBAYAICgusJoLmEAAEC7RQwNwECBAgQIECAAAECwwIxtB5uvVDbdptpYdOaq15o+JUAAQIdKmDZBAgQIECAAIFuExBcd9sdt18CBAgQiAIKAQIECBAgQIBADgRGCq1/ddvyHOzOFggQIECgAQKGIECAAAECBDpIQHDdQTfLUgkQIECAQLYErIYAAQIECBAg0B6Bcy68LAit22NvVgIECBDoRgF7JkCAAAECrREQXLfG2SwECBAgQIAAgdoCegkQIECAAIFxCRy+6PRw1lcvqbomvh7ck9ZVLDoIECBAgACBrAhYBwECBAiMKSC4HpPICQQIECBAgAABAlkXsD4CBAgQ6A6Bo076XFh9131Vm31k7cogtK5i0UGAAAECBAgQyJ2ADREgkG8BwXW+76/dESBAgAABAgQIEKhXwHkECBDItEAMrW9ZfXfVGmNoXdWpgwABAgQIECBAgACBkQT0E8isgOA6s7fGwggQIECAAAECBAgQ6DwBKyZAoBkCQutmqBqTAAECBAgQIECAAIGJC7iyGQKC62aoGpMAAQIECBAgQIAAAQIEJi7gSgJlAkLrMgxVAgQIECBAgAABAgQI5EmgYi+C6woQTQIECBAgQIAAAQIECBAgkAeBPOxBaJ2Hu2gPBAgQIECAAAECBAgQqE9AcF2fU+VZ2gQIECBAgAABAgQIECBAgEATBTISWjdxh4YmQIAAAQIECBAgQIAAgXIBwXW5hnqLBUxHgAABAgQIECBAgAABAgSqBYTW1Sad3WP1BAgQIECAAAECBAgQGFtAcD22kTMIZFvA6ggQIECAAAECBAgQIJAjgTyH1j09SelOlddLnSoERhNwjAABAgQIECBAgEDOBQTXOb/BtkeAQH0CziJAgAABAgQIECBAoP0CeQ6to+6O228XPwplp7J6ocMvBAi0RMAkBAgQIECAAAEC2RUQXGf33lgZAQIEOk3AegkQIECAAAECBAhMSuCW1XdXXf/I2pVVfZ3a0ZMMP3GdJMP1Tt2PdRMg0LUCNk6AAAECBAgQaIqA4LoprAYlQIAAAQITFXAdAQIECBAgQKA7BfaYu6Bq43kKras2p4MAAQIEulzA9gkQIECAAIFKAcF1pYg2AQIECBAg0PkCdkCAAAECBAh0lIDQuqNul8USIECAAIHsCFgJAQIECORKQHCdq9tpMwQIECBAgACBxgkYiQABAgQItEJAaN0KZXMQIECAAAECBEYWcIQAAQJZERBcZ+VOWAcBAgQIECBAgEAeBeyJAAECBEYREFqPguNQZgRmTN+mtJbyeqlThQABAgQIECAQAgMCBBogILhuAKIhCBAgQIAAAQIECBBopoCxCRDIo8Ccg46u2tbOO25f1aeDQLsFXvOqvUtLKK+XOlUIECBAgAABAgQaJGCYbhcQXHf77wD7J0CAAAECBAgQIECgOwTskkCGBPY79INhy5bnUiuKofU9N30r1adBgAABAgQIECBAgAABAuMU6ODTBdcdfPMsnQABAgQIECBAgAABAgRaK2C2yQvE0PrRx55IDSS0TnFoECBAgAABAgQIECBAoCsFshRcd+UNsGkCBAgQIECAAAECBAgQINAtAsefekZ49LEnUtsVWqc4NAgQIECAAAECBAgQINC1AoLr3N16GyJAgAABAgQIECBAgAABAtkTiKH1DbesSS0sSZLg9eApknE0nEqAAAECBAgQIECAAIF8CQiu83U/7aZRAsYhQIAAAQIECBAgQIAAgYYJnLT47FAZWsfBN625Kn4oBNonYGYCBAgQIECAAAECBDIjILjOzK2wEAL5E7AjAgQIECBAgAABAgQI/MlfLgorb7i1CuKRtSur+nQQINCZAlZNgAABAgQIECBAoBECgutGKBqDAAECzRMwMgECBAgQIECAAIGOFdj74GPCr3/7aNX6uzW0njq1r2RRXi91qhAg0M0C9k6AAAECBAgQ6HoBwXXX/xYAQIAAgW4QsEcCBAgQIECAAIFWC+wxd0F45tktVdN2a2gdIV6z797xo1D23/cVhU+/ECBAgEAjBYxFgAABAgQIdLKA4LqT7561EyBAgACBVgqYiwABAgQIECBQp0AMrStPnb7NtNDNoXX06OvtjR+F0tvrSzIFCL8QIECAQPYErIgAAQIECLRJwP9LahO8aQkQIECAAIHuFLBrAgQIECCQd4FaofXuu+wcHrxted63bn8ECBAgQIAAgZKACgECBAiMX0BwPX4zVxAgQIAAAQIECLRXwOwECBAgkEGBkxafHUYKrX/6vWUZXLElESBAgAABAgQIZFzA8ggQ6DIBwXWX3XDbJUCAAAECBAgQIPCCgF8JECDQWIGVN9xaNWB8NbjQuopFBwECBAgQIECAAIEWCpiKQOcICK47515ZKQECBAgQIECAAAECWROwHgJdIHD2BZeGU5Z8JazfuHnE3c6cd0TVsRhaV3XqIECAAAECBAgQIECAQCcKWHNLBATXLWE2CQECBAgQIECAAAECBAiMJKA/uwIxtD576aVh+bU3FUqtlR76vlPD4OBg6pDQOsWhQYAAAQIECBAgQIAAAQIhhLEQBNdjCTlOgAABAgQIECBAgAABAgSyL9CUFa7ftLk0bnm91DlU+fkv/u/Qr8P/zpm1+3BDjQABAgQIECBAgAABAgQI1CkguK4LykkECBAgQIAAAQIECBAgQIBApcAecxekupIkCauuuSDV11kNqyVAgAABAgQIECBAgACBdgkIrtsl343z2jMBAgQIECBAgAABAgQIdKzA008/m1r7/HefmGrHxqY1V8UPpdsF7J8AAQIECBAgQIAAAQITEBBcTwDNJQTaKWBuAgQIECBAgAABAgQItErg/9z3YGmqB9dvKtU/9fnzwroNvy61Y8XPtY4KCoHGCRiJAAECBAgQIECAQLcJCK677Y7bLwECUUAhQIAAAQIECBAgQKAOgaeeGX7Kulhfcs6ycPHKG1NX+7nWKQ4NAgSyI2AlBAgQIECAAAECHSQguO6gm2WpBAgQyJaA1RAgQIAAAQIECHSbQAytz//21VXbXnXNBVV9OgjkRWD2zN1KWymvlzpVCORewAYJECBAgAABAq0REFy3xtksBAgQIECgtoBeAgQIECBAgECHCGzc/LtQK7T2ivD6b+DOO21fOrm8XupUyaTAaSe+L6xYekY4d8nJIdYzuUiLIkAg+wJWSIAAAQIECIwpILgek8gJBAgQIECAQNYFrI8AAQIECBBojsAfHnuiNPCWLc+V6sWK0LooUd/nZ//2+LD44x8olFiv7ypnZUHgoLn7h2MOPzQLS7EGAgQIdLWAzRMgQIBAvgUE1/m+v3ZHgAABAgQIEKhXwHkECBAgQKBK4Pn+/qq+YofQuihR/+f0baaFU/7mvYUS6/Vf6UwCBAgQIECAQMMEDESAAIHMCgiuM3trLIwAAQIECBAgQKDzBKyYAAEC+RIYHBisuSGhdU0WnQQIECBAgAABAl0jYKMECDRDQHDdDFVjEiBAgAABAgQIECAwcQFXEiCQGYFnnt1StRahdRWJDgIECBAgQIAAAQIEJiLgGgIVAoLrChBNAgQIECBAgAABAgQI5EHAHgg0QqDyeWuhdSNUjUGAAAECBAgQIECAAIHGCeRppP8fAAD//9102L8AAAAGSURBVAMAEUJJhZGwgdkAAAAASUVORK5CYII=','2026-03-18 23:04:24','2026-03-18 23:04:24','2026-03-18 23:04:24'),(9,13,1,'演示用户','data:image/png;base64,iVBORw0KGgoAAAANSUhEUgAAB64AAAEsCAYAAABzOJ0KAAAQAElEQVR4AezdC7xdVX0v+jH3zgMCqNWW5kGMIke0RY73JCECUqlVrpyCTYCAQrXkioDlHt/XwKmcy+dIL8SDcvRzKZLihXMskYd50GDtBx9VeWhI0nrBB/hAYyBJaS1V5BGSnX32WOnaWXOttfdee+31mI+vn4zsNcaac47x/4690374rTn3wLD/ESBAgAABAgQIECBAgAABAkUXUB8BAgQIECBAgAABAgQIEMi0wEDwvw4IuAQBAgQIECBAgAABAgQIECBQfAEVEiBAgAABAgQIECBAgEC3BATX3ZJ13ckLOIMAAQIECBAgQIAAAQIECBAovoAKCRAgQIAAAQIECBAg0ERAcN0ExRCBPAtYOwECBAgQIECAAAECBAgQIFB8ARUSIECAAAECBAgQKJqA4LpoO6oeAgQ6IeAaBAgQIECAAAECBAgQIECAQPEFVEiAAAECBAgQIJAhAcF1hjbDUggQIFAsAdUQIECAAAECBAgQIECAAAECxRdQIQECBAgQIECgMwKC6844ugoBAgQIEOiOgKsSIECAAAECBAgQIECAAAECxRdQIQECBAgQIBAE174JCBAgQIAAgcILKJAAAQIECBAgQIAAAQIECBAovoAKCRAgQCDfAoLrfO+f1RMgQIAAAQIEeiVgHgIECBAgQIAAAQIECBAgQKD4AiokQIBA3wQE132jNzEBAgQIECBAgED5BFRMgAABAgQIECBAgAABAgQIFF9AhQQItCMguG5HzTkECBAgQIAAAQIECPRPwMwECBAgQIAAAQIECBAgQIBA8QVUWDoBwXXptlzBBAgQIECAAAECBAgQCIEBAQIECBAgQIAAAQIECBAgUHyBPFUouM7TblkrAQIECBAgQIAAAQIECGRJwFoIECBAgAABAgQIECBAgACBDglkOLjuUIUuQ4AAAQIECBAgQIAAAQIECGRYwNIIECBAgAABAgQIECBAgEAIguuifxeojwABAgQIECBAgAABAgQIECi+gAoJECBAgAABAgQIECCQcwHBdc430PJ7I2AWAgQIECBAgAABAgQIECBAoPgCKiRAgAABAgQIECBAoH8Cguv+2ZuZQNkE1EuAAAECBAgQIECAAAECBAgUX0CFBAgQIECAAAECBNoSEFy3xeYkAgQI9EvAvAQIECBAgAABAgQIECBAgEDxBVRIgAABAgQIECifgOC6fHuuYgIECBAgQIAAAQIECBAgQIAAAQIECBRfQIUECBAgQIBArgQE17naLoslQIAAAQLZEbASAgQIECBAgAABAgQIECBAoPgCKiRAgAABAr0SEFz3Sto8BAgQIECAAIFGASMECBAgQIAAAQIECBAgQIBA8QVUSIAAAQItCAiuW0ByCAECBAgQIECAQJYFrI0AAQIECBAgQIAAAQIECBAovoAKCRAouoDguug7rD4CBAgQIECAAAECrQg4hgABAgQIECBAgAABAgQIECi+gAoJZFhAcJ3hzbE0AgQIECBAgAABAgTyJWC1BAgQIECAAAECBAgQIECAQPEFVNgdAcF1d1xdlQABAgQIECBAgAABAgTaE3AWAQIECBAgQIAAAQIECBAgUHyBhgoF1w0kBggQIECAAAECBAgQIECAQN4FrJ8AAQIECBAgQIAAAQIECORLQHDdzn45hwABAgQIECBAgAABAgQIECi+gAoJECBAgAABAgQIECBAoGcCguueUZuoXkCfAAECBAgQIECAAAECBAgQKL6ACgkQIECAAAECBAgQINCKgOC6FSXHEMiugJURIECAAAECBAgQIECAAAECxRdQIQECBAgQIECAAIHCCwiuC7/FCiRAYGIBRxAgQIAAAQIECBAgQIAAAQLFF1AhAQIECBAgQIBAlgUE11neHWsjQIBAngSslQABAgQIECBAgAABAgQIECi+gAoJECBAgAABAl0SEFx3CdZlCRAgQIBAOwLOIUCAAAECBAgQIECAAAECBIovoEICBAgQIECgUUBw3WhihAABAgQIEMi3gNUTIECAAAECBAgQIECAAAECxRdQIQECBAgUTEBwXbANVQ4BAgQIECBAoDMCrkKAAAECBAgQIECAAAECBAgUX0CFBAgQyI6A4Do7e2ElBAgQIECAAAECRROYQj0vfd1ZYfbCpZUWX0/hUk4lQIAAAQIECBAgQIAAAQIEuing2gQIdERAcN0RRhchQIAAAQIECBAg0DmBGFQ/v2fv6AVrX48OluiFUgkQIECAAAECBAgQIECAAIHiC6iQgODa9wABAgQIECBAgACBDAnUh9YZWpql5FvA6gkQIECAAAECBAgQIECAAIHiC+S6QsF1rrfP4gkQIECAAAECBIokMFZovWvrhiKVqRYCORawdAIECBAgQIAAAQIECBAgQKBbAtkJrrtVoesSIECAAAECBAgQyIGA0DoHm2SJBAh0RsBVCBAgQIAAAQIECBAgQIBAEwHBdROUPA9ZOwECBAgQIECAQP4EFhy/PDy/Z2/Dwt1p3UBigACBgggsv/jyENvcRcvC7IVLC9/mjNQ4Z6TW+hbrn3fcmSF+eOl33/Qn4d0f+XjYvuOJlnbZQQQIECBAgAABAgQIECiagOC6aDuqnk4IuAYBAgQIECBAoKcCu5/f0zCf0LqBxAABAjkUiOF0bDGgrQ2o79n8UIht3/BwDqua/JJjlcMjtda3WP/Q0FDlw0u/ePKXYeNX7w+3bfza5CdwRrsCziNAgAABAgQIECBAIEMCgusMbYalECiWgGoIECBAgACBVgRefuI5DYcJrRtIDBAgkFGB01esDEeO/DsW7ySuDaarr2M4HVsMaDNaQuaWNX/u4ZlbkwURGF/AuwQIECBAgAABAgQ6IyC47oyjqxAgQKA7Aq5KgAABAoUXePa53akaZ86YnurrECBAIEsC1UC6+nXzg4+EZ0b+HYt3Emdpnc3WkiQhJEnSchsYSMLg4EBLbdq0wRD//R6rHXzQjPCCQw9paC9+0WFh/pzDw1EvmxfecvKS8Kkr3hvOOf2Nwf8IECihgJIJECBAgAABAgSC4No3AQECBAgUXkCBBAgQyJPAtm/dkaflWisBAiUSiHdVd6rcww6ZFeLTJXrZdm7ZEHZuWd9y27F5fXj8gXUttcc2rQ3x3++x2k/vuz388Bu3NLTvf/VzYfNdq8O9a68LN3/iMqF1p77BXIcAgdIKKJwAAQIECBDIt4DgOt/7Z/UECBAgQKBXAuYhQKALAvOXnJm6apIkqb4OAQIE8i4wVkD9o2+uyXtp1k+AAAECBIoqoC4CBAgQINA3AcF13+hNTIAAAQIECJRPQMUE0gJ79g6lBuKdgKkBHQIECGRIYNFrXll5zHZcUpIkYdZBMyttvLumBdRRSyNAgAABAgTKJ6BiAgQIEGhHYKCdk5xDgAABAgQIECBAoG8CBZn45SeeU5BKlEGAQFkENt60qvKY7RhUxw/aPHrfbSG2stSvTgIECBAgQIAAgR4LmI4AgdIJCK5Lt+UKJkCAAIEsC/zh+SvD7IVLtQIaxN8LOlY7YsmZIbZrb7w9y9+e1tZhgWef25264uaNq1P9bndcnwABAgQIECBAgAABAgQIECi+gAoJ5ElAcJ2n3bJWAgQIECi8wNaHHil8jWUtcHh4OIzV9u4dCrGtun5NWx9aaBaIxyA8trJ657Hu+XMPz+Oyy75m9RMgQIAAAQIECBAgQIAAAQLFF1BhjwQE1z2CNg0BAgQIECBAoFsCzQLxGITHNtYd/ELtbu1Ga9eN+1J75MwZ02u7XhMomYByCRAgQIAAAQIECBAgQIAAgeILTFyh4HpiI0cQIECAAIGeCUybNhiSJOnZfCYqr0AMtYXX2dn/bd+6IzuLsRICBPIpYNUECBAgQIAAAQIECBAgQCDnAoLrFjbQIQQIECBAoFcCj21aG3ZuWR92bd2glcAgflCh2pIkqXxoIUkav3br+y+G1926tuuOLbDg+OVjv+kdAgQIEOirgMkJECBAgAABAgQIECBAoH8Cguv+2ZdtZvUSIECAAAECdQLxgwrVFj+wMFabzAcZqkF4/Jok6RC8bnrdPgnsfn5Paua4v6kBHQIECBAgkG8BqydAgAABAgQIECBAgEBbAoLrtticRKBfAuYlQIAAAQLjC1SD8Pi1PghPkmT8k73bdYEjX/+2rs9hAgIECBAgQKAIAmogQIAAAQIECBAgUD4BwXX59lzFBAgQIECAQEkFhoeHU5XHu7JTAzpdF3jm2edSc2zeuDrV1yFAgAABAgQIEOiggEsRIECAAAECBAjkSkBwnavtslgCBAhkR8BKCBDIl8CcRcsaFhzvym4YNNBTgflzD+/pfCYjQIAAAQIECBAgMFkBxxMgQIAAAQIEeiUguO6VtHkIECBAgECjgBECPRE4YsmZwd3WPaEed5LZC5em3j9o5oxUX4cAAQIECBAgQIAAgcIKKIwAAQIECBBoQUBw3QKSQwgQIECAAIEsC1jbeAIxtN67d6jhEHdbN5D0fOBn99/e8zlNSIAAAQIECBAgQIAAgfwKWDkBAgQIFF1AcF30HVYfAQIECBAgUFqBsULrXVs3NJoY6apA/aPakyTp6nwuToAAAQIECBAgQIAAAQIEmgoYJECAQIYFBNcZ3hxLI0CAAAECBAi0KyC0blduaueNdXb9o9p3blk/1qHGCRAgQIAAAQIECBAgQIAAgYwLWB4BAt0REFx3x9VVCRAgQIAAAQJ9ExBa942+6cQvO+HspuMGxxTwBgECBAgQIECAAAECBAgQIFB8ARUSaBAQXDeQGCBAgAABAgQI5FdAaJ29vXtu9/OpRXlUe4pDp2sCLkyAAAECBAgQIECAAAECBAgUX6BYFQqui7WfqiFAgAABAgRKLCC0zt7mH/n6t2VvUVZEgEDrAo4kQIAAAQIECBAgQIAAAQIEeibQt+C6ZxWaiAABAgQIECBQAgGhdTY3+Zlnn0stzN3WKQ4dAgRKIqBMAgQIECBAgAABAgQIECDQioDguhWl7B5jZQQIECBAgACBILTO5jeBu62zuS9WRYAAgZwKWDYBAgQIECBAgAABAgQKLyC4LvwWK3BiAUcQIECAAIH8Cgits7t39Xdbzzr4oOwu1soIECBAgEApBBRJgAABAgQIECBAgECWBQTXWd4dayOQJwFrJUCAAIGeCwite04+pQkfvffWKZ3vZAIECBAgQIBAJgQsggABAgQIECBAgECXBATXXYJ1WQIECLQj4BwCBAi0KjBn0bKwd+9Qw+G7tm5oGDPQe4HZC5emJk2SJNXXIUCAAAECBAgQKLeA6gkQIECAAAECBBoFBNeNJkYIECBAIN8CVk+g8AIxFB0eHm6oU2jdQJKZgZ1b1mdmLWVZyKvf+I4Qf1Ziu+sr95elbHUSIECAAAECBMokoFYCBAgQIECgYAKC64JtqHIIECBAgEBnBFwlqwIxhGu2NqF1M5X+jB35+rf1Z2KzVgSqgfWTv3yq0o9/bfiN8AAAEABJREFUXbDy4/GLRoAAAQIECBAgQIBAg4ABAgQIECCQHQHBdXb2wkoIECBAgACBogl0sJ4jlpxZuXu0/pJJkgShdb1Kf/vPPPtcagH2J8XRtc6RJ72t8jNSG1hXJ0sSj2qvWvhKgAABAgQIECBAgEAXBFySAAECBDoiILjuCKOLECBAgAABAgS6JxDvsm72+6yTJAlleAR192Q7f2V3W3fedLwrnnLeBythdfwZeeaZ9AcGas/zc1Kr4TUBAgQIECBAgAABAgSyKWBVBAgQEFz7HiBAgAABAgQIZFBgzqJlo4Fcs+XFu3iFcc1k+juW4but+wvT4dlPPONPKz8fDz786LhXjj8nsY17kDcJECBAgAABAgQIECBAgEBxBFRCINcCgutcb5/FEyBAgAABAkUSqD4OPN49Ojw8PGZpgrgxafr6xlEnvb2v85dl8vjz8ZNtO8YtN/6MxDbuQW296SQCBAgQIECAAAECBAgQIECg+AIq7JeA4Lpf8uYlQIAAAQIECNQIxDusmz0OvOaQkCR+n3WtR9Ze//qZZ1NLOnTWwam+ztQE5i0+o3KX9VhXGRwYqPy+d4H1WEIZGrcUAgQIECBAgAABAgQIECBAoPgCbVQouG4DzSkECBAgQIAAgU4KxDtIx7vDOs4VwziPBo8S+Wk/vufz+Vlshld68tnvrQTWQ/v2NV3ljas+UgmsH9+8run7BgkUVUBdBAgQIECAAAECBAgQIECgaAIDRSuoA/W4BAECBAgQIECgJwLxLusYWjebLEn2310dA+vYmh1jLDsC9Y8JT5IkO4vL8UqOO/2i8PBPft60glcsmFsJrE970wlN3zdIgACBFgQcQoAAAQIECBAgQIAAAQIZEhBcZ2gzirUU1RAgQIAAAQLNBKphdQysm91lnST7A2t3VzfTy+5Y/WPC7d/U92r+krPCz3f8Y8OFpg0OVgLr+9b9RcN7BggQIECgHwLmJECAAAECBAgQIECAQGcEBNedcXQVAt0RcFUCBAgQKITAEUvOrDzqeKywulrktGmDQeBZ1cjP1/q7rfOz8uyuNH7AY8/evQ0LjE8feOyBtQ3jBggQIECAQO4FFECAAAECBAgQIECAQBBc+yYgQKDwAgokQIBAPwRqw+q9e4cmXEIlkNskkJsQKoMH1N9tHfcyg8vMzZLG+oAH19xsoYUSIECAAIG+CZiYAAECBAgQIEAg3wKC63zvn9UTIECgVwLmIUCgRYF4p2gM3loJq+Md1jGMi63FyzuMQKEF4s9OfYHTp02rPBq8flyfAAECBAgQIECgKwIuSoAAAQIECBDom4Dgum/0JiZAgACB8gmouMgC1cB6eHh43DKTJKmEcDGsfswd1uNa5eHN+qD10FkH52HZmVvjCcv+tPI4/fqFxdB6+6Yv1A/rEyBAgAABAgQIEMi4gOURIECAAAEC7QgIrttRcw4BAgQIECDQP4GMzRyDy9gmCqxjUB3bzi3rM1aB5XRS4Mf3fL6Tlyv8tU4574OVwPrRn+9oqPWlc387CK0bWAwQIECAAAECBAgQKI+ASgkQIECgdAKC69JtuYIJECBAgACBqQrU/v7q8a618j3njt5dPd5x/XjPnFMXOOqkt0/9IiW9wukrVlYC6wcffrSpQPyQxwMbb2j6nkECBAgQIECAAAECBAgQaF3AkQQIEMiTgOA6T7tlrQQIECBAgEBfBaqB9US/vzqGbrF94IKz+7pek3dX4NfPPJuaIO55akCnqUB8QsHmBx9p+l4c5BgVNAIECBAgQIAAAQIECBDIkIClECDQIwHBdY+gTUOAAAECBAjkV6D6+6vHC6yT5MDvrs5vpVZOoHsCMbCOrXGG/SMxsI5tf8/fBAgQIECAAAECBAgQIECAQLEEVENgYgHB9cRGjiBAgAABAgRKKhBDttjG+/3VSbI/sPa7q8v1TfLKN5ybKjhJklRf54DAguOXVx4LfmAk/erYVx1ZeaR+elRv0gJOIECAAAECBAgQIECAAAECBIovUPAKBdcF32DlESBAgAABApMTqN5dHQPr8c6cNm2wErYJrMdTKu57v/r1M6nifB+kOCqdN5/7wUpgvfv5PZV+/V8zZ0yv/Azdfcsn69/SJ9A3ARMTIECAAAECBAgQIECAAAEC/RPoVXDdvwrNTIAAAQIECBCYQKA2rB7v7up4mZXvObcStj22aW3sagQI1AksOGH/HdYPPfJo3Tv7u9XAetu37tg/4G8CBIomoB4CBAgQIECAAAECBAgQINCWgOC6LbZ+nWReAgQIECBAoFMCRyw5s3I3aLyzeqKwOs4Zf/dubB+44OzY1QgQqBOIP0ux7d7d/A7reHj8GRJYRwmNAAECEwl4nwABAgQIECBAgAABAuUTEFyXb89VTIAAAQIESitQG1bv3Ts0oUP1ceAxbJvwYAeURuCVbzg3VWuSJKl+mTrLL7589AMg49Udf4ZiG+8Y7xEgQIAAgY4LuCABAgQIECBAgAABArkSEFznarsslkB2BKyEAAECeRGYbFidJEnlUeAxZPM48Lzscm/X+atfP5OacOeW9al+GTrVwPqezQ+NW278OYpt3IO8SYAAAQIECGRawOIIECBAgAABAgQI9EpAcN0rafMQIECgUcAIAQJdEpizaNnoXaCt3FmdJAfC6jKGkF3aBpctoMCbz/1g5WdrvMA6SQ78PBWQQEkECBAgQIAAgXYEnEOAAAECBAgQINCCgOC6BSSHECBAgECWBayNQAjxrurasHp4eLgllngnaGzC6pa4HFRigdPOX1kJrB965NExFV5z9JGVpxX4eRqTyBsECBAgQIAAAQJTEnAyAQIECBAgUHQBwXXRd1h9BAgQIECgFYEcHhPD6tkLl1bCtHhXdath9cr3nFsJ12JgncOyLbnPAvEDErVLeMGhs2q7hXtdfST4loceGbO2xcceXfmZ+vKaT455jDcIECBAgAABAgQIEMiIgGUQIECAAIEMCwiuM7w5lkaAAAECBAikBWJoWBtWp99t3kuSA48tjmH1By44u/mBHRh1ieIL1H9A4offWFPIot/5/isrHwoZ75HgmzeurgTWG29aVUgDRREgQIAAAQIECBAgQGAsAeMECBAg0B0BwXV3XF2VAAECBAgQ6IBA7V3VMbCuDw3HmiJJDoTVHls8llJmxy2szwLxZ+3ue7aMuYr4AZDY5s89fMxjvEGAAAECEwvc9ZX7Q7Vdtmp1iG3pu/8sLD7twtF21O+9PRxx3JmV9tLXnRWOPvm8ltuxp6wIf3j+ynDGRR9t2t53xafD9h1PTLxQRxAgQIAAAQIEuiPgqgQIEGgQEFw3kBggQIAAAQIE+iUQg+p27qqO6619BLiwOoponRZ45RvO7fQlu3i9yV86BtaxjXVmDKtjG+t94wQIEOi0wPWfu7Py9If4b1NWWvz/U6bSauu4YOXHQ7XddPvfhNi+/fffC9t3PjHafv30s2Hv0FClPb9nb/jlU0+33J74xZNh60OPhPu3fLdpu23j10Jsnd431yNAgAABAgQIEOilgLkIFEtAcF2s/VQNAQIECBDInUD8j7/V/4g7md9VnSQH7qqOYZpHgOdu63O34KdGwoPaRcfvu9p+Xl8f+fpzKsHQWOs/afFrKo8EH+v9Qo8rjgCBvgr810/d3Nf5m00en/4yldbsmv0c8/SMfuqbmwABAgQIECBAIDMCFpIZAcF1ZrbCQggQIECAQDkE4l3V1aA6fo3/8bfVyqdNG6wEaDEwdFd1q2qO65TAZL5XOzVnN69z2vkrK4H1M8/ubjrNotccXfl5u+MzH2v6vkECrQo4jkC7AoODg+2emtvzkpGVV9u0kfpjO/SQg8P8OYeHo142L5yw8JiW21tOXhI+fOHbxmyfuuK94ZzT3zgyoz8ECBAgQIAAAQIECBCYukAnriC47oSiaxAgQIAAAQLjCtTfVT3uwTVvJkn6rurHNq2teddLAr0TeNXvn9e7ybo80zvff2UlsN7y0CNNZzrskFkhfjjkrptXNX3fIAECfREo5aT/7c/eEw6eOTMMDgx0pg0OhBnTp7fdZs6YHuK/kYcdOiu001542CFh3uzfCq/7D78bVpz9H0fbjas+Uvl3N/7bu3PrhlBtjz2wNsT2429+Pmy+a3W4d+11Yd3qK1tuN3/isvDhi0aC6zGa0LqUP1aKJkCAAAECBAgQIJBpgYFMr64nizMJAQIECBAg0EmBeEd1bVA92buqV77n3AP/8XbL+k4uzbUItC3wr796OnVuDBdSAznovPqN7wjx5/Hue7Y0Xe3AwP4Pivzom2uavm+QAAECvRZ4+1v/IPz0/tvC45vXdaY9sC78/Nt3tN22feuOEP+N/NE31oR22iNfvyVs/eJfhg1/+efhqpUXjrbT3nRCr2nNR4AAAQIECBAgQIAAgUwKCK4zuS05XJQlEyBAgEApBeoD6hiK7d07FCbzSOUk2R+WxSAwtg9ccHYpLRWdXYG8320dfy5je/KXT42JHH/2dmz2QZExgbxBgAABAgcEvCJAgAABAgQIECBAgECXBATXXYJ1WQLtCDiHAAECWRVodhd1DMImE1DX1uau6loNr7MukMe7rauPA48/p+P5xsA6tvGO8R4BAgQIECDQeQFXJECAAAECBAgQIECgUUBw3WhihACBfAtYPQECbQpUw+lO3EVdv4Rp0wZHH/8dQzJ3VdcL6WdVIG93W1cD67EeB151jj+HsVX7vhIgQIAAAQIEcihgyQQIECBAgAABAgUTEFwXbEOVQ4AAgc4IFPMq1954e4h3H1ZbDGqLWenYVcWaYzAdW9Wh+rX6iO9276Kuzpok6Ud/x3DssU1rq2/7SiBXAnm527qVwHrawMDoB0hytQkWS4AAAQIECBAg0EUBlyZAgAABAgQIZEdAcJ2dvbASAgQIEOiywKrr16RmiEFtNbSNQW5sMdxOHTSVTp/O7UU4HUtLkiTU30kdQ+qdW9bHtzUCuRfIw93WF192TeUDOePdYX3KSYsqgfVjm9flfk8UQIAAAQIECBAgQCCTAhZFgAABAgQIdERAcN0RRhchQIAAgbwLxLuMY4vhdjXMrn6NgXZsMRDOUp1xPXFdsVXXGr/GQD7WElun1pskSaj9vdTVgLoXd1J3qgbXITBZgSzfbV0NrDfcfe+YZVUD6//53z865jHeIECAAAECBAgQIECAQFYErIMAAQIECAiufQ8QIECAQGkE4t3B7RQbA+DYYiAcg+GstLieuK7Y2qmr/pwkaX4HdTWk9nup68Vy1bfYSQpk9W7rVgLr+DMbm8B6kpvucAIECBAgQIAAAQIECORfQAUECBDItYDgOtfbZ/EECBAgMBmBst8dnCRJSJLGO6djwBVbfMR32Y0m8/3k2GILNL/bun81Tyaw7t8qzUyAAAECBAgQIECAAAECBIogoAYCBPolILjul7x5CRAgQCATAjGwjS3ejZ0k+4PdTCxsCotIkt0jd5cAABAASURBVObhdAymY3Pn9BRwnVoKgSzdbV3IwLoU30WKJECAAAECBAgQIECAAAECJRdQPoE2BATXbaA5hQABAgSKJxDvNI6hbmwxyK5vWQy2k2TsgFo4XbzvURX1TiALd1sLrHu333mdyboJECBAgAABAgQIECBAgACB4guUrULBddl2XL0ECBAg0JbARMF2fdDdi34M2QXUbW2nkwiMKdDvu60/9LHrwuyFS8OGu+8dc43Vf1/GPMAbBAi0KuA4AgQIECBAgAABAgQIECBAIEMCXQquM1ShpRAgQIAAAQIECBBoUaBfd1vHwHrOomXhlg1fHnOlAusxabxBgEBfBUxOgAABAgQIECBAgAABAgQ6IyC47oxjd67iqgQIECBAgAABAoUXqAbWw8PDTWsVWDdlMUiAAIFiCaiGAAECBAgQIECAAAECBILg2jdB4QUUSIAAAQIECBBoReB3/uAdqcNe/KLDUv1Od2JgHR8L3iywTpIQBNadFnc9AgQIECi6gPoIECBAgAABAgQIEMi3gOA63/tn9QR6JWAeAgQIECBQeIF/+denUjV+/6ufS/U71Vny1ovC2IF1Ugmsd27Z0KnpXIcAAQIECBAgMBkBxxIgQIAAAQIECBDom4Dgum/0JiZAoHwCKiZAgACBsgpcce1NYd5xZ1QC622P/2NThvOWvjns3LK+6XsGCRAgQIAAAQIE8iRgrQQIECBAgAABAu0ICK7bUXMOAQIECPRPwMwECBDogkA3HhNeG1Z/5q/uDEND+5qufMG8367cZf2Jyy9p+r5BAgQIECBAgAABAqUUUDQBAgQIECBQOgHBdem2XMEECBAgQCAEBgQIpAU69Zjwa2+8PcxZtLRyZ/V4YXWcPUn2PxZ801/fELsaAQIECBAgQIAAAQIEOi7gggQIECBAIE8Cgus87Za1EiBAgAABAlkSsJaSCzzwnR+ExaddGI447swwd/EZI4H1srDq+jVheHh8mIGB/YG1x4KP7+RdAgQIECBAgAABAgQIZETAMggQIECgRwKC6x5Bm4YAAQIE+i8we+HS/i/CCggQqBPof7eVx4Rfc8Ot4YyLPjraFpxwdnjruy4L23c+EfYODYV9+/aNBNbNE+vBwYHw6qMWVB4HvmvrhrBj8/r+F20FBAgQIECAAAECBAgQIECgpwImI0CAwMQCguuJjRxBgAABAgUQOGLJmQ1VxACpYdAAAQKlE5joMeExtL5m9a3h/i3fHW27dz8/odPFf/xHlbD68QfWhb+77VMTHj+lA5xMgAABAgQIECBAgAABAgQIFF9AhQQKLiC4LvgGK48AAQIEQoi/c3bv3qEURZIkqb4OAQIExhKYP/fwsd4KAwMDYc7hLwkvftFh4dBDDg4HHzQjHP6S36gE1ld8YMWY53kjmwJWRYAAAQIECBAgQIAAAQIECBRfQIXZFRBcZ3dvrIwAAQIEOiQQf+ds/aX8btl6EX0C5RRo5THhJyw8JnzqiveGD1/4ttH2lpOXhNh2bF4X/uFLnw3f/+rnwo+/+fnw0/tuDw/efVM5MVVNYL+AvwkQIECAAAECBAgQIECAAIHiC3SlQsF1V1hdlAABAgSyLOAR4VneHWsj0FuBiR4THlcT77g+5/Q3hg9fNBJc/1u7+ROXhdji+xoBAgQ6L+CKBAgQIECAAAECBAgQIECgfALlC67Lt8cqJkCAAAECBAgQIECAAAEC5RNQMQECBAgQIECAAAECBAjkSkBwnavtys5irYQAAQIECBAgkHeBVh4TnvcarZ8AAQIECExVwPkECBAgQIAAAQIECBDolYDgulfS5iHQKGCEAIE+CcxeuDRo+TSYs2hZqG0vfd1ZIbY+fSuZNucCrTwmPOclWj4BAgQIECCQDQGrIECAAAECBAgQIECgBQHBdQtIDiFAIMsC1kaAQJkEhoeHQ217fs/eEFsrH0SoDbzj6xh4x1YmP7USIECAAAECBAgQyK+AlRMgQIAAAQIECBRdQHBd9B1WHwECBFoRcAyBEgjUBt7xdQy8Y2sl9K49Jobe9W3B8ctDtZWAshAlxj2sLeS3XvzC2q7XBAgQIECAAAECBIopoCoCBAgQIECAQIYFBNcZ3hxLI0CAAIHOCEyfNhiSJOnMxca5irfKIRBD7/q2+/k9odpqQ+6xXsfQtNquvfH2csBlrMq4h7VLeujL/6O26zUBAgQIECBAgAABAgTGFPAGAQIECBAg0B0BwXV3XF2VAAECBDIksH3T2rBzy/qwa+sGLfsGLe/RjOnTQmxJklQ+mJAkSYa+68ZfSgxNq23V9WtCs4C7GmzHr90Mt89+z//ddP5mayrSWP0Oxdqi9ctPOCfEtuStF4XYPvSx6+oP1SdAgAABAgQIECBAgACBqQu4AgECBAgQaBAQXDeQGCBAgAABAgTyIPDzb38hxBY/lFBtrX44IQbesSVJktnQuxpsx6/14fbLTjh7gi1q/e1vPvD/t35wwY+M1s/u3h1i2/b4P4bYbtnw5XGD/RhyxxZD7tgE3QX/JlEeAQIECBAgQIAAAQIEMiVgMQQIECiWgOC6WPupGgIECBAgQKAFgRh4x1YNvOPXVkPv2uNecOisMHPG9Eqb9m+PpE+SA2F4kiQtrGbyhzy3+/nJnzTGGUnSnTWOMV2+hltYbQy5Y4shd2xjBd1zFi4NcxYtDfOOOyO88g3nVdrvn/O+ENsV197UwkwOIUCAAAECBAgQIECAAAECBLoi4KIECGRGQHCdma2wEAIECBAgQCBvAj/8xpqw7Vt3VNpj//ZI+hiC17baoLv29YtecEg4aOaMtu/47tTjw//w919XWUPe7PO23uGRBQ+P/DU0tC/86tdPV9oPfrwtxPaZv7qz6V3dMeiOLe9h90jp/hAgQIAAAQIECBAgQIAAAQIFF1AegU4ICK47oegaBAgQIECAAIFJCjz8d7eEn91/e6iG3LWhdvV1bbhdf/mPf+bz9UNt9W/8bysra6jOWfSv9Uhj1Xve0jeH2BbM++0Q28EzZ4bYkqR3d6jHoDu2yYTd8Xd1d7Ptv3N8WZi/5MzRVr2D/MQzLgnVtuJDV4Vqu/mOL4XY6u31JyXgYAIECBAgQIAAAQIECBAgQKD4AqWvUHBd+m8BAAQIECBAgEBWBWrD7Riw1q4z/j7m2r7XnRX4xOWXhNg2/fUNIbaf3n9biC1+0CDuRbMWg+7YmgXdPcy7OwtRd7XhkX783tuzdyhUW/UO8p9sezxU25e+vilU26VX3xBiaxaoz1m0LMxdfEaYd9yZ4Ygptpe+7qzw737v3HDsKSvCuz/y8bB9xxMjq/WHQK2A1wQIECBAgAABAgQIECBAgECWBToTXGe5QmsjQIAAAQIECBAgMCLwmjf/ycjfB/4kSWfvno5Bd2zNgu6dWzaE+rD74j/+o1Btrz5qQXjBoYdU2uDgQIhLi+3Aaov5Kobg+/btC0NDQ2HvFNvze/aGp55+JjzxiyfDxq/eH27b+LVioqmKQL8FzE+AAAECBAgQIECAAAECBLokMNCl67psGwJOIUCAAAECBAgQ6J7AP/3LL1MXj3dPpwZ63LniAytCtf3dbZ8KP/zGLZX2+APrQgy6Y5tM2D1t2mCYOWN6V1sM1aePzBNbkiQjAfv+FjL4v/lzD8/gqiyJAAEC+wX8TYAAAQIECBAgQIAAAQKNAoLrRhMj+RawegIECBAgQIBAYQWqQXf8Wh92P7Zpbdj2rTu62mKovn1knthi8F9t9QF77F996UWh2k49eUmI7RUL5oXaFu8yf/GLDgvz5xw+5XbUy+aFExYeE94yMtenrnhvOOf0Nxb2+0BhBAgQIFAR8BcBAgQIECBAgAABAgUTEFwXbEOVQ6AzAq5CgAABAgSKJdDtx4QXS6sz1Zy//NRQbTd94rIQ233rrgu1Ld5l/v2vfi5svmv1lNu9a68L61ZfGW4emUto3Zk9dBUCBAgQKIOAGgkQIECAAAECBAhkR0BwnZ29sBICBIomoB4CBAgQyIxA1h4TnhkYCyFAgAABAgQIEJi6gCsQIECAAAECBAh0REBw3RFGFyFAgACBbgm4LgEC+wXmLFq2/4W/CRAgQIAAAQIECBAgUEABJREgQIAAAQIEBNe+BwgQIECAQPEFVFgAgeHh4VQV82b/ZqqvM7ZAfeg/+7d+Y+yDvUOAAAECBAgQIECAAIH8Clg5AQIECBDItYDgOtfbZ/EECBAgQIBA7wT6N1N98BpXsvWLN8YvWgsC9aH/d/72phbOcggBAgQIECBAgAABAgQIlFNA1QQIECDQLwHBdb/kzUuAAAECBAgQaFGgPnjN9d3WLdbcqcNe+5YVnbqU6xAgQIAAAQIECBAgQIAAAQKtCjiOAAECbQgIrttAcwoBAgQIECBAoFcC1954e8NU7rZuIBlzYNc/PZl6b9fWDal+XjvWTYAAAQIECBAgQIAAAQIECBRfQIUEyiYguC7bjquXAAECBAgQyJXAx69fk1rvi15wSKqvQ4BA2wJOJECAAAECBAgQIECAAAECBIovoMIcCQiuc7RZlkqAAAECBAiUT2C4ruSH/+6WuhHdsQQ8JnwsGeMEOingWgQIECBAgAABAgQIECBAgEDxBXpToeC6N85mIUCAAAECBAhMWmDOomWpc5IkSfV1xhfwmPDxfbxLgECGBCyFAAECBAgQIECAAAECBAgQCIUPru0xAQIECBAgQCCvAsPD6futd25Zn9dSrJsAAQIECHRdwAQECBAgQIAAAQIECBAgkG8BwXW+969XqzcPAQIECBAg0GOB2QuX9njGYk3nMeHF2k/VECBAgEDPBExEgAABAgQIECBAgACBvgkIrvtGb+LyCaiYAAECBAi0JtAstN61dUNrJzuqIuAx4RUGfxEgQIAAAQJ9ETApAQIECBAgQIAAAQLtCAiu21FzDgEC/RMwMwECBAouMGfRsoYKX7FgbsOYAQIECBAgQIAAAQKFFlAcAQIECBAgQIBA6QQE16XbcgUTIEAgBAYECGRT4Hf+4B1heHg4tbgkScJ96/4iNaYzvkD9Y8KTJBn/BO8SIECAAAECBAgQKKiAsggQIECAAAECeRIQXOdpt6yVAAECBLIkYC0EOi7wL//6VOqaSZKEnVvWp8Z0Jhaof0w4w4nNHEGAAAECBAgQIECAwJgC3iBAgAABAgR6JCC47hG0aQgQIECAAIFmAsaqArMXLq2+HP0qcB2l8IIAAQIECBAgQIAAAQIEci1g8QQIECBAYGIBwfXERo4gQIAAAQIECHRVoFlovWvrhtbndOSogMeEj1J4QYBAhwWOPvm8EP+91pZyWMggSz8Hc0b2IzNt0dIwd/EZYV4323FnhpefeE446qS3d6S9cuTftt8/533h9BWXTqqdc8kV4e+/+8MO/0vrcgQIECAwoYADCBAgUHABwXXBN1h5BAgQIECAQLYF5ixa1rBAoXUDScsDU3lMeMuTOJAAgVIK/PK3cn94AAAQAElEQVSpp0tZt6IJZF1geGSBmWkjC9m3b18Y6mYbGgrPPrc7/PqZZzvSfjXyb9sPfrwtbH7w4Um1b3z7O+F/fOFvR/T9IUCAAAEC+ROwYgIEsisguM7u3lgZAQIECBAgUHCBGFoPD4/8F86aOpMkqel5ORmBhX94wWQOd2x3BFyVAAECBAgQKInAoYccXJJKlUmAAAECBAg0ETBEoCsCguuusLooAQIECBAgQGB8gfgIyWahtd9rPb7beO8+vuufU2/Pm/2bqX6vO390wX8efZzu65Ze3OvpzZdrAYvPosANV30oJEnth4viay2EqRskSRKSJN9tYGAgDA7ku02fPi3MyFWbHg6ZdXA4NEPtsENmhdm/9ZIw5/DutSNm/1ZY+Jqjw+J//6qOtBMWHhP+9J3Lwvv+j7Mm1S675I/DR//TO4P/ESBAgAABAgQITEXAufUCgut6EX0CBAgQIECAQJcF4u9hjo+QrJ0mSZIgtK4VmfrrrV+8ceoXmcIVNv3D90fP/tn2XaOvvSBAoEcCHZ7mj045qfLvdPx1Dvvb+rBrq9YJg/h///LedmxeFx7Pedv+7S+En+eq3RF+cs/nw48z1H70zTXhO3/72fAPX+pe2/LFvwxfvHlV2Pj/Xd2Rtm71leG/vO9PQgyiJ9Ni0H3wQTM7/C+tyxEgQIAAAQIECJRdoK3guuxo6idAgAABAgQItCsQQ+td//Rkw+nxP9g3DBpoWcBjwlumciABAgQmJeBgAgQIECBAgAABAgQIECDQKwHBda+kG+cxQoAAAQIECJRMYKzQOt65VzKKjpdb/5hwph0ndkECBAgQaF/AmQQIECBAgAABAgQIECDQgoDgugUkh2RZwNoIECBAgEA+BITW+dgnqyRAgAABAgSyKmBdBAgQIECAAAECBAgUXUBwXfQdVh+BVgQcQ4AAAQJdFRBad5U3zF64NDXBvNm/merrECBAgAABAgQI/JuALwQIECBAgAABAgQyLCC4zvDmWBoBAvkSsFoCBAg0ExBaN1Pp7tjWL97Y3QlcnQABAgQIECBAoNQCiidAgAABAgQIEOiOgOC6O66uSoAAAQLtCTiLQKEEhNbd386Ff3hB9ycxAwECBAgQIECAAAECnRZwPQIECBAgQIBAg4DguoHEAAECBAgQyLuA9WdBIAaqu/7pyYal7Nq6oWHMQPsCj+/659TJfFMcOgQIECBAgAABAgQIFFpAcQQIECBAoFgCguti7adqCBAgQIAAgU4JTOE6MbSuD1Tj5YSqUUEjQIAAAQIECBAgQIAAAQIZErAUAgQIEMiMgOA6M1thIQQIECBAgEARBITW6V3sZi9a115/IElqu14TIECAAAECBAgQIECAAAECPRIwDQECBDohILjuhKJrECBAgAABAgRGBGKQ6k7rEYge/am33rFlfY9m7vk0JiRAgAABAgQIECBAgAABAgSKL6BCAqUXEFyX/lsAAAECBAgQINAJAaF1JxRbv0b0bv1oRxKIAhoBAgQIECBAgAABAgQIECBQfAEV5llAcJ3n3bN2AgQIECBAIBMCMUStv/s3LszvtI4K3Wn13qy74+yqBBoEDBAgQIAAAQIECBAgQIAAAQLFF+hThYLrPsGblgABAgQIECiGgNC6GPuoCgIECPRSwFwECBAgQIAAAQIECBAgQIBAo0DRguvGCo0QIECAAAECBLokILTuEuwEl43utYckSVLb9ZoAAQIEyiGgSgIECBAgQIAAAQIECBAomIDgumAb2plyXIUAAQIECBCYSCCGp/WPq47neGR1VOhuq3ffuWV9dyds8+ozZ0xPnXnxZdek+joECBAgQKD/AlZAgAABAgQIECBAgACB7AgIrrOzF1ZSNAH1ECBAgEBhBYTWhd3ajhY2Y3o6uN70nR909PouRoAAAQIECGREwDIIECBAgAABAgQIEOiIgOC6I4wuQoBAtwRclwABAlkTEFr3d0eWvPWi1AIWzPvtVD9LnT/7T+9ILWfXP/1Lqq9DgAABAgQIECBwQMArAgQIECBAgAABAoJr3wMECBAovoAKCRDokMC8xWeE+sdUx0t7PHhU6E3b9vg/piba9Nc3pPpZ6py//NTUcoaHh1N9HQIECBAgQIAAAQIdFnA5AgQIECBAgECuBQTXud4+iydAgACB3gmYqewCcxYtC0P79jUwCK0bSAwQIECAAAECBAgQIEAgxwKWToAAAQIECPRLQHDdL3nzEiBAgACBMgrktObZC5eGZnfLCq17u6F5ekz4WDIf+th1Y71lnAABAgQIECBAgAABAsURUAkBAgQIEGhDQHDdBppTCBAgQIAAgXIInL5iZYihdX21SZKEfobW9espSz9Pjwmv7sniY4+uvqx8XXPnVypf/UWAAAECBAgQIECAAAECBCYS8D4BAgTKJiC4LtuOq5cAAQIECBBoSSDe3bv5wUcajh0cGAg7t6xvGDeQO4GeLHjjTatS8zS7cz91gA4BAgQIECBAgAABAgQIECDQSQHXIkAgRwKC6xxtlqUSIECAAAECvRGYt/iMUH93b5x5wbzfDo9vXhdfaj0WiB8kqJ0y7kVtP8uvBwfS/y/3otMuzPJyJ7k2hxMgQIAAAQIECBAgQIAAAQLFF1Ahgd4IpP8rWm/mNAsBAgQIECBAILMC8dHgQ/v2NawvPhp801/f0DBuoDcC9R8kyNNe/PlH3p1CemznE6m+DoGAgAABAgQIECBAgAABAgQIECi+gAonFBBcT0jkAAIECBAgQKAsAjG0blZrDK2bjRsj0IrA+ctPDUmSpA4d63stdZAOAQKTEnAwAQIECBAgQIAAAQIECBAgkG+BVoLrfFdo9QQIECBAgACBCQTiY6ibBYmDAwNBaD0BXg/ejvtTO02eHhNeXfdVKxsfD7784surb/tKgACBrAhYBwECBAgQIECAAAECBAgQ6JuA4Lpn9CYiQIAAAQIEsihw11fuD/WPoY7rHBwYCI9vXhdfan0WqN+fPD0mvEoX77o+7JBZ1W7l6z2bH6p89RcBAgQIFE1APQQIECBAgAABAgQIECDQjoDguh015/RPwMwECBAgQKDDAhes/HjDFeNd1kLrBhYDUxT40TfXNFyh2Z3+DQcZIECAAAECZRRQMwECBAgQIECAAAECpRMQXJduyxVMIAQGBAgQILBfoFloGEPr/e/6OwsCRXhMeK3j1ZdeVNutvPbI8AqDvwgQIECAAIEuCLgkAQIECBAgQIAAgTwJCK7ztFvWSoBAlgSshQCBnAsIrfOxgUV4THittEeG12p4TYAAAQIECBDIhYBFEiBAgAABAgQI9EhAcN0jaNMQIECAQDMBYwT6IyC07o+7WfcLeGT4fgd/EyBAgAABAgQIlElArQQIECBAgACBiQUE1xMbOYIAAQIECGRbwOomJTBn0bKG4xcfe3TDmIH+CxTtMeG1oh4ZXqvhNQECBAgQIECAAAECLQk4iAABAgQIFFxAcF3wDVYeAQIECBAgcEBg7uJlYXh4+MDAyKtpg4Nh402rwshLfzImULTHhNfyjvXI8GtvvL32MK8JECBAgAABAgQIECBAoMMCLkeAAAEC2RUQXGd3b6yMAAECBAgQ6KDAEcedGfbtawytH3tgbQdnKf2lAExCoNkjw1ddvyYIryeB6FACBAgQIECAAAECBAgQ6IeAOQkQINAVAcF1V1hdlAABAgQIEMiSQAyt9w4NpZYU77QWWqdIMtUp8mPCa6GbPTJ81fVrag/xmgABAgQIECBAgAABAgQIECikgKIIEKgXEFzXi+gTIECAAAEChRI48Yw/DULr/G1pkR8TXrsb8ZHhzcLr2QuX1h7mdTsCziFAgAABAgQIECBAgAABAgSKL6DCQgkIrgu1nYohQIAAAQIEagViaP2TbTtqh0KSJMGd1ikSnT4LxPD6lJMWNaxCeN1AYqAPAqYkQIAAAQIECBAgQIAAAQIEii+QlQoF11nZCesgQIAAAQIEOirQLLSOE+zcsj5+0TIsEPeudnmvWDC3tlvI1//zv380NAuv5yxaVsh6FUWgZALKJUCAAAECBAgQIECAAAECBFoQyHlw3UKFDiFAgAABAgRKKVB/p3VE2LV1Q/yiZVygfu/uW/cXGV9xZ5YXw+uXHTE7dbHh4eFw0ln/Z2pMhwABAuUUUDUBAgQIECBAgAABAgQIFF1AcF30HW6lPscQIECAAIGCCTR7xLLQumCbXNByvn3nZyqPs68t70c/fSy88/1X1g55TYAAAQIE2hNwFgECBAgQIECAAAECBDIsILjO8OZYWr4ErJYAAQIEsiEgtM7GPrS7ijI+Jrzeqtnj7O++Z4vwuh5KnwABAgQI9EnAtAQIECBAgAABAgQIdEdAcN0dV1clQKA9AWcRIEBgSgJC6ynxZeLksj4mvB6/2RMCYnh98x1fqj9UnwABAgQIECCQRwFrJkCAAAECBAgQINAgILhuIDFAgACBvAtYP4FyCgity7nvRa66WXh96dU3FLlktREgQIAAAQIECExKwMEECBAgQIAAgWIJCK6LtZ+qIUCAAIFOCbhOrgTmLFrWsN5pg4MNYwayLeAx4Y37c/WlFzUMNvuQRsNBBggQIECAAAECBAgQaE3AUQQIECBAgEBmBATXmdkKCyFAgAABAsUT6EVFRxx3ZhgeHk5NFUPrxx5YmxrTyb6Ax4Q37tH5y08NS095fcMb//5/X9EwZoAAAQIECBAgQIAAAQL9EjAvAQIECBDohIDguhOKrkGAAAECBAj0RSCG1nuHhlJzFzC0TtWnUz6Bz1z14Ybw+h//+clw8WXXlA9DxQQIECBAgAABAgQIECiugMoIECBQegHBdem/BQAQIECAAIF8Cgit87lvY626+48JH2vmfIzH8HogSVKL3XD3veHmO76UGtMhQIAAAQIECBAgQIAAAQLlFlA9AQJ5FhBc53n3rJ0AAQIECJRUIIac9XdaJ0kSPB48v98QHhM+8d7t2LK+4aBLr76ht+F1wwoMECBAgAABAgQIECBAgAABAoUTUBCBPgkIrvsEb1oCBAgQINBvgWtuuDW874pPh+07nuj3UiY1fwyt60POeIGdTUK9OK4RKJLA1Zde1FBODK8bBg1kWsDiCBAgQIAAAQIECBAgQIAAgeILqHDyAoLryZs5gwABAgQI5F4ghtbXrL413Lbxa5WWp4Kahda7tm7IUwnWWicQP4xQO/SKBXNru17XCJy//NTQLLyevXBpzVFeEiiFgCIJECBAgAABAgQIECBAgACBggk0Ca4LVqFyCBAgQIAAgQaB7TufGB2rfT06mNEXzcI5oXVGN2sSy6r/MMJ96/5iEmeX79AYXi895fUNhf/B297fMGaAAAEC4wt4lwABAgQIECBAgAABAgQIZEdAcN2tvXBdAgQIECBAoKMCQuuOcrpYzgU+c9WHw6xZB6Wq+N6PfhYuvuya1JgOAQIECPRAwBQECBAgQIAAAQIEdksq7AAAEABJREFUCBAg0BEBwXVHGF2kWwKuS4AAAQIEosARx50Zv6SaO61THLnteEx4+1v36D23Npy84e57w11fub9h3AABAgQIEMi6gPURIECAAAECBAgQIEBAcO17gEDxBVRIgACBXAvMX3JW2Ds0lKph+rRpqb5OfgU8Jnxqe9fsAxwXrPy48HpqrM4mQIAAAQJ5FbBuAgQIECBAgAABArkWEFznevssngCB3gmYiQCBfgicfPZ7w569e1NTx9B6+6YvpMZ0CJRZ4OpLL2oo/93C6wYTAwQIECBAgACB1gQcRYAAAQIECBAg0C8BwXW/5M1LgACBMgqomcAkBB74zg/Cwz/5eeqMaYODQWidIsl1x2PCO7N95y8/NdSH18Mjl47h9cgXfwgQIECAAAECBAj0XsCMBAgQIECAAIE2BATXbaA5hQABAgQI9FOgLHO/9V2XNZT62ANrG8YM5FfAY8I7t3cxvD5v6ZtTF4zh9ZxFy1JjOgQIECBAgAABAgQI5EfASgkQIECAQNkEBNdl23H1EiBAgACBHAjMXri0YZXNfpdvw0GtDziSQOEEPnH5JaEhvB4eDsLrwm21gggQIECAAAECBAgQaF3AkQQIECCQIwHBdY42y1IJECBAgEAZBITWedrl9td68tnvTZ08fdq0VF+nPYGxwut5x53R3gWdRYAAAQIECBAgQIAAAQIEAgICBAj0RkBw3RtnsxAgQIAAAQItCMxfclbDUYuPPbphzED+Bep/f3kefnf5+674dLjmhlvD9h1PdHYDOny1GF4fv/CY1FWHhvaFU9/5f6XGdAgQIECAAAECBAgQIECAAIEeCpiKAIEJBQTXExI5gAABAgQIEOiFwIITloc9e/empop34W68aVVqTIdAPwTOuOij4baNXwvXrL618rUfa5jMnOtXXxmm1d3F/g/f+1Ghw+vJ+DiWAAECBAgQIECAAAECBAgQyKeAVRdbQHBd7P1VHQECBAgQaCrws+07R8e/98hPR1/360V8bPTu3XtS08fQOg934aYWrdOSQNzv2gPjXtf2s/Y6htb3b/lu1pY14Xoe2/SFpuH1hz523YTnOqC0AgonQIAAAQIECBAgQIAAAQIEii+Q2QoF15ndGgsjQIAAAQLdE3jiF/86evHtO/v/2OP6x0bHxQmto0IxW/1+Z3mv60PrExYdEz580dtyszExvE6SJLXeWzZ8OQivUyQ6BDos4HIECBAgQIAAAQIECBAgQIBAOwL5Cq7bqdA5BAgQIECAQIPAnMNfMjr29DPPjb7ux4vZC5c2TLtr64aGMQMEei1wzQ23hto7refPPTysu+HKXi9jyvPt3LI+JEljeH3FtTdN+douQIAAga4JuDABAgQIECBAgAABAgQIlE5AcF26LQ9ByQQIECBA4GXz52QCQWidiW3o6SLqHxOeJOlAtaeLGWey2zZ+LVyz+tbRI2JovXnj6tF+3l7E8Lp+zZ/5qzuD8LpeRZ8AAQLFElANAQIECBAgQIAAAQIE8iQguM7TbllrlgSshQABArkWeNUrXjq6/r1DQ6Ove/lCaN1L7ezMVf+Y8GaBar9Xe//W74b3XfHp0WXE0PpTV7x3tJ/XF1dfelHDndfC67zupnUTIECAQA8FTEWAAAECBAgQIECAQI8EBNc9gjYNAQLNBIwRIJAVgQe+84OeLkVo3VNuk01CIIbWZ1z40dQZMbQ+YeExqbE8ds5ffmq4auWFYaDuLnfhdR5305oJECBAgEDeBKyXAAECBAgQIECAwMQCguuJjRxBgACBbAtYHYE2BF77O0elzvrO93+c6nezM2fRsobLH/uqIxvGDBRP4OSzs33X8vYdT4T60Hrd6itDEULr6ndTDK//n5XC66qHrwQIECBAgACBXAlYLAECBAgQIECg4AKC64JvsPIIECBAoDWBsh113Gtf3ZeSFxy/PAwPD6fmnjljerj7lk+mxnSKKVD/mPBdWzdkptD41IHFp1+YWk9R7rROFTXSEV6PIPhDgAABAgQIECBQWgGFEyBAgAABAtkVEFxnd2+sjAABAgQIdFVg2uDg6PX/9uubRl9P4cW4p8bQevfze1LHxNB627fuSI3pEOi1QAyt3/quy1LTnnP6G0NsqcECdYTXBdpMpRAgQIAAAQIECBDovYAZCRAgQIBAVwQE111hdVECBAgQIJB9gUNmHdSzRQqtJ0NdzGNPzuhjwlev2RjqQ+v5cw8P8W7rYu7EgaqE1wcsvCJAgAABAgQIECBAgEDvBcxIgAABAvUCgut6EX0CBAgQIFASgedq7n7e8uDDXav6lPM+GOrvtJ4+fVpwp3XXyDN54Z4/JrwFhRha/5dPfDZ15AsPOyRs3rg6NVbkjvC6yLurNgIECBAgQIAAAQIECJRAQIkECBRKQHBdqO1UDAECBAgQaF3g8Be/aPTgPXv2jr7u5IsYWj/48KMNl9z+7S80jBkg0EuBD37sulAfWp+w8JjwyNdv6eUyMjHXeOH1tTfenok1WgQBAgQIECBAgAABAgQIECDQPQFXJpAVAcF1VnbCOggQIECAQI8F3nTSotEZh0de3fWV+0f+7uyfZqH1rq0bOjuJq2VeIGuPCT9+6XvCmg1fTrmdu/TNYd3qK1NjZeqMFV6vun5NePmJZ5eJohu1uiYBAgQIECBAgAABAgQIECBQfAEVdkBAcN0BRJcgQIAAAQJ5FDhx4TGpZd+39bup/lQ7sxcubbiE0LqBpBQDWXpM+NEnnxd+un1nyv2/fuhd4ZOXX5IaK2OnGl5PGxxMlf/sc8+HBccvT43pEOi9gBkJECBAgAABAgQIECBAgACBogsMhKJXqD4CBAgQIECgqcBpbzoh1AZUd3zx75oe187gkSee03Ca0LqBxECPBWJo/cunnk7NGkPrC889PTVW5k4Mrx97YG2YOWN6imH383vC3MXLwvYdT6TGdQgQyJmA5RIgQIAAAQIECBAgQIAAgQwLuOO6Q5vjMgQIECBAII8Ccw5/yeiyn3762dHXU3lx+oqV4ZnndqcusfjYo1N9HQK9FIiPwX/p684KtaF1/NCG0HrsXdj2rTvCkte+OnXAvn3DYfHpFwa/9zrFokOAQAkFlEyAAAECBAgQIECAAAEC3REQXHfH1VXbE3AWAQIECPRY4E0nLRqdcXjkVQz4Rr5M6c/mBx9JnT/roJlh402rUmM65RGYv+SsVLGvesVLU/1ud+L39AUrPx6e37N3dKoXHnZIiHcVu9N6lKTpizs/e1VY+Z5zG95bdf0a4XWDigECBAgQmKSAwwkQIECAAAECBAgQINAgILhuIDFAIO8C1k+AAIHWBU5ceEzq4Pu2fjfVn2xn9sKlDac8et9tDWMGyiOwZ++BwDhW/fXbPx2/9KRdtmp1iKF17WQzZ84Ij3z9ltohr8cR+MAFZ1fC6yRJHxTD65efeHZ6UI8AAQIECBDosYDpCBAgQIAAAQIECBRLQHBdrP1UDQECnRJwHQIlETjtTSeEgYED/+/A2r/5RtuVNwutd23d0Pb1nEhgKgIxtL7p9r9JXSI+Hnzb/benxnQmFojh9VUrLwrTp01LHfzsc8+HBccvT43pECBAgAABAgRyJ2DBBAgQIECAAAECmRE48F+qM7MkCyFAgACBogioIx8Ch846eHShTz39zOjrybw48sRzGg4XWjeQlG7glPM+mKp55ozpqX63Okvf/WehPrSeP+fwyuPBuzVn0a97/vJTw/ZNXwj1e7j7+T1h7uJlYfuOJ4pOoD4CBAgQIECAAIFxBLxFgAABAgQIEOiEgOC6E4quQYAAAQIEuifQ0ysPDw9Per7TV6wMzzy3O3XerINmpvo65RR48OFHU4Vv+9YdqX43Okf93tvDt//+e6lLv+4//G7YfNfq1JhOewJxD5e89tWpk/ftGw6LT78wXHuju9lTMDoECBAgQIAAAQIEJifgaAIECBAgUHoBwXXpvwUAECBAgEDZBU5clP4915PxWH7x5WHzg4+kTomhdfZ+r3VqiToFFTjiuDPDr59+NlXdirP/Y9jwl3+eGtOZmsCdn70qrHzPuQ0XWXX9mvDKN5zXMG6AAAECBAgQIECAAAECvRMwEwECBAjkWUBwnefds3YCBAgQINABgTe87rWpq6z40FWp/lidf/d754Z7Nj/U8LbQuoGkOAMZriSG1nuHhlIrjKH1VSsvTI3pdEbgAxecXQmvkyR9vV/9+mnhdZpEjwABAgQIECBAgAABAvkTsGICBAj0SUBw3Sd40xIgQIAAgTwLzF20LDT7fdh+r3Wed7Wza19w/PLUBY991ZGpfqc6N9/xpRC/H2tD65ilZjm07lTt/b5ODK+vWnlRmHXwQamlxPB69sKlIe5N8D8CBAgQIECAAAECBAgQIFBSAWUTIDB5AcH15M2cQYAAAQIECiVw/vJTU/Xct+W7qX59JwZS+5r8Lmyhdb1Uufu7n9+TArj7lk+m+p3oxMdSX3r1DaH2+3Ha4GDYuXVDuMqd1p0gnvAa8d+PR++9NZx68pKGY+PexD1qeKMzA65CgAABAgQIECBAgAABAgQIFF9AhSUTEFyXbMOVS4AAAQIEmgkkSbxHdf87T/366f0vmvwdQ+v64YGRc4XW9Sr63RSIj7Ofs2hZiHf21s4zMDAQHntgbe2Q1z0SuOkTl4WrL70oTJ82mJox7lHcK3dfp1gy1LEUAgQIECBAgAABAgQIECBAoPgC+alQcJ2fvbJSAgQIECDQNYEZ06eNXnt49FX6RbPQ+rBDZoUdW9anD9QrvcAp530wZZAkBz4YkXqjjc78JWeGL319Uxiuu+v/BYceEnZsXtfGFZ3SKYF49/X2TWtD3Ivaa8a9indfn3jGJbXDXhMojoBKCBAgQIAAAQIECBAgQIAAgY4IZDq47kiFLkKAAAECBAhMKPD+dy1PHXPsKStG++98/5VhrND6R99cM3qcFwSqAg8+/Gj1ZeXrzg58uCHeZR2/D/fsHapcs/pXkiSVx1T/8Bu3VId87bNA3It493X9Mn6y7fHg0eH1KvoECFQFfCVAgAABAgQIECBAgAABAoLr4n8PqJAAAQIECEwo8IELzk4d88Qvnhzt333PltHX1Rfx0eBC66qGr90UiI+Yjo+ajndZ18/zigXzQgzF42Oq69/T769AvPs6htf1d1/HR4fHDyDc9ZX7+7tAsxMgQKCYAqoiQIAAAQIECBAgQIBArgUE17nePovvnYCZCBAgUHyBJa99darIt7zjw+GIxWekxmInhtbxq0ag2wLx0dLxEdPxUdO1cyVJEmIoet+662qHvc6YQAyv493X9eF1XOYFKz8eFp92YXypESBAgACBjAlYDgECBAgQIECAAAEC/RIQXPdL3rwEyiigZgIEMi1w8vH/W2p93/n+j8PefftSY0LrFIdOE4FTzvtganTmjOmpfiuda2+8PcxZuDTER0vXH3/qyUsqd1nHULT+Pf1sCsTwOqjsUJoAAAqZSURBVH7QoH5123c+Udlnd1/Xy+gTIECAAIECCCiBAAECBAgQIECAQBsCgus20JxCgACBfgqYm0C3BOLjwpvdGVmd7zdeeFj1pa8ExhR48OFHU+9t+9Ydqf5EnRhar7p+TRiuO3D6tMEQPzjhseB1MDnpxg8axPD6xS9K/zsS9/nd7r7OyS5aJgECBAgQINBrAfMRIECAAAECBMomILgu246rlwABAgSigDaGwLlL3xQGBpKm7/7ga59rOm6QQKcE/uhdl4UYWtdfL95lvX3T2vph/ZwJxPD6+1/9XLhx1UdC7b8yMbx293XONtNyCRAgQIAAAQL5EbBSAgQIECBAIEcCguscbZalEiBAgACBbgtc8YEV4e1vfVOYOXNGSP4tWTp01sGVO10b5zZCIC1Q/5jw9Lvj92Jovek7P2g4yF3WDSS5HzjtTSeEvxwJr+fPOTxVSwyw3X2dItEhQIAAAQIECBAgkBEByyBAgAABAr0REFz3xtksBAgQIEAgNwKfuPySsO3+28POLRsqgfWP7/l8btaey4UWaNEPPfLTVDUxdE4NjNE59pQVoT60njljeuX7b4xTDOdcIIbXm+9aPe7d1w80+SBDzsu2fAIECBAgQIAAAQIEyiygdgIECBCYUEBwPSGRAwgQIECAAAECBFoRGB6O98y2cuSBY+YuXhae+MWTBwZGXh3+kt8Ik/3d2COn+ZNDgRhgj3X39dJ3/+cgvM7hployAQIECBAgQIAAAQIEuijg0gQIFFtAcF3s/VUdAQIECBAgQCCzArMXLg379qXD7iWvfXV48O6bMrvmgi+sL+XF8LrZ3dfxe+OMCz8aYuvLwkxKgAABAgQIECBAgAABAgSKKaAqApkVEFxndmssjAABAgQIECCQH4HTV6xMLTZJklS/vhND6/qxGFrf+dmr6of1SyIQA+x49/VRL5s3WvHeoaHKXdf5Cq9Hl+8FAQIECBAgQIAAAQIECBAgUFgBhXVDQHDdDVXXJECAAAECBAiUXGDnlvVNBa649qYgtG5KY3BEIIbX9669Lpyw8JiR3v4/Mby+f+t33Xm9n6M8f6uUAAECBAgQIECAAAECBAgQKL5AXYWC6zoQXQIECBAgQIAAgckLbH7wkQlPiqH1Z/7qzobjdm3dENxp3cBS6oF1q68M5y59c8oghtdHn3xeuOaGW8P7rvh02L7jidT7OgQINAoYIUCAAAECBAgQIECAAAECeRIQXLe3W84iQIAAAQIECBCYhMB4ofUkLuPQEgl88vJLwl9/9qowbXBwtOpfPvV0uGb1reG2jV+rtNE3vCBAgED3BFyZAAECBAgQIECAAAECBHokILjuEbRpmgkYI0CAAAECBMogILQuwy53p8bjXvvqEO++rg2vqzPNn3t49aWvBAgQIJB5AQskQIAAAQIECBAgQIDAxAKC64mNHEEg2wJWR4AAAQIE+ixw+oqVqRXMOmjmaF9oPUrhRZsC1fD65fPnjF7hqJcdEc45/Y2jfS8IECBAgEApBBRJgAABAgQIECBAoOACguuCb7DyCBBoTcBRBAgQINC+wPd++LPUyY/ed1ulL7SuMPirAwIxvP7UFe8N5y59c6Xdu/b/7cBVXYIAAQIECBAoo4CaCRAgQIAAAQIEsisguM7u3lgZAQIE8iZgvQQIlFTgmed2N1QutG4gMTBFgRhef/LyS0JsU7yU0wkQIECAAAECBKYm4GwCBAgQIECAQFcEBNddYXVRAgQIECDQroDzCORfQGid/z1UAQECBAgQIECAAAEC3RZwfQIECBAgQKBeQHBdL6JPgAABAgQI5F9ABX0V+Mxf3dkw/66tGxrGDBAgQIAAAQIECBAgQIAAgSkJOJkAAQIECiUguC7UdiqGAAECBAgQINA5gVaudPqKlRMeJrSekMgBBAgQIECAAAECBAgQIECgbwImJkCAQFYEBNdZ2QnrIECAAAECBAjkUGDzg4+Mu2qhdRjXx5sECBAgQIAAAQIECBAgQIBAIQQUQYBABwQE1x1AdAkCBAgQIECAAIFGAaF1o4mRdgWcR4AAAQIECBAgQIAAAQIECBRfQIVlFxBcl/07QP0ECBAgQIAAgS4ICK27gOqSBKYq4HwCBAgQIECAAAECBAgQIECg+AI5rlBwnePNs3QCBAgQIECAQBYFhNZZ3BVrIkCgUwKuQ4AAAQIECBAgQIAAAQIECHRHIEvBdXcqdFUCBAgQIECAAIGeCQite0ZtIgIECORZwNoJECBAgAABAgQIECBAgECDgOC6gSTvA9ZPgAABAgQIEOidQAyqf+OFh4VpAwMhvu7dzGYiQIAAAQJlF1A/AQIECBAgQIAAAQIEiiUguC7WfqqmUwKuQ4AAAQIECLQs8IOvfS48tnldy8c7kAABAgQIECCQGQELIUCAAAECBAgQIEAgMwKC68xshYUQKJ6AiggQIECAAAECBAgQIECAAIHiC6iQAAECBAgQIECAQCcEBNedUHQNAgQIdE/AlQkQIECAAAECBAgQIECAAIHiC6iQAAECBAgQIFB6AcF16b8FABAgQKAMAmokQIAAAQIECBAgQIAAAQIEii+gQgIECBAgQCDPAoLrPO+etRMgQIAAgV4KmIsAAQIECBAgQIAAAQIECBAovoAKCRAgQIBAnwQE132CNy0BAgQIECBQTgFVEyBAgAABAgQIECBAgAABAsUXUCEBAgQITF5AcD15M2cQIECAAAECBAj0V8DsBAgQIECAAAECBAgQIECAQPEFVEiAQMkEBNcl23DlEiBAgAABAgQIENgv4G8CBAgQIECAAAECBAgQIECg+AIqJJAfAcF1fvbKSgkQIECAAAECBAgQyJqA9RAgQIAAAQIECBAgQIAAAQLFF1BhTwQE1z1hNgkBAgQIECBAgAABAgQIjCVgnAABAgQIECBAgAABAgQIECi+wEQVCq4nEvI+AQIECBAgQIAAAQIECBDIvoAVEiBAgAABAgQIECBAgACBXAsIrlvaPgcRIECAAAECBAgQIECAAAECxRdQIQECBAgQIECAAAECBAj0S0Bw3S/5Ms6rZgIECBAgQIAAAQIECBAgQKD4AiokQIAAAQIECBAgQIBAGwKC6zbQnEKgnwLmJkCAAAECBAgQIECAAAECBIovoEICBAgQIECAAAECZRMQXJdtx9VLgEAU0AgQIECAAAECBAgQIECAAIHiC6iQAAECBAgQIEAgRwKC6xxtlqUSIEAgWwJWQ4AAAQIECBAgQIAAAQIECBRfQIUECBAgQIAAgd4ICK5742wWAgQIECDQXMAoAQIECBAgQIAAAQIECBAgUHwBFRIgQIAAAQITCgiuJyRyAAECBAgQIJB1AesjQIAAAQIECBAgQIAAAQIEii+gQgIECBAotoDgutj7qzoCBAgQIECAQKsCjiNAgAABAgQIECBAgAABAgSKL6BCAgQIZFZAcJ3ZrbEwAgQIECBAgACB/AlYMQECBAgQIECAAAECBAgQIFB8ARUSINANAcF1N1RdkwABAgQIECBAgACB9gWcSYAAAQIECBAgQIAAAQIECBRfQIUE6gQE13UgugQIECBAgAABAgQIECiCgBoIECBAgAABAgQIECBAgACB4gsUqcL/BQAA//8Xr+hrAAAABklEQVQDAKJFkgf6QojwAAAAAElFTkSuQmCC','2026-03-19 18:06:03','2026-03-19 18:06:02','2026-03-19 18:06:02'),(10,14,1,'?????','data:image/png;base64,iVBORw0KGgoAAAANSUhEUgAAAAEAAAABCAQAAAC1HAwCAAAAC0lEQVR42mP8/x8AAusB9Wn0K1QAAAAASUVORK5CYII=','2026-03-19 18:44:22','2026-03-19 18:44:21','2026-03-19 18:44:21'),(11,15,7,'别bwo开麦','data:image/png;base64,iVBORw0KGgoAAAANSUhEUgAAB64AAAEsCAYAAABzOJ0KAAAQAElEQVR4AezdC5hcVZ0o+rW7G6IgKo4DhIdRYBQUGM8kIcpjBB05znFgAghxjK9cHeDod8RR7yDn6nycA/MpHhT1XmYA9eKMExQiSTDOdQYUdXg4IeEcBhwFFTgxJAFEeQdDOumbVaGa2ruqu6ur67EfPz9X115r773Wf/12U12pf61dQ2P+R4AAAQIECBAgQIAAAQIECJRdwPwIECBAgAABAgQIECBAgECuBYaC/3VBQBcECBAgQIAAAQIECBAgQIBA+QXMkAABAgQIECBAgAABAgR6JSBx3StZ/U5fwBkECBAgQIAAAQIECBAgQIBA+QXMkAABAgQIECBAgAABAi0EJK5boGgiUGQBsRMgQIAAAQIECBAgQIAAAQLlFzBDAgQIECBAgAABAmUTkLgu2xU1HwIEuiGgDwIECBAgQIAAAQIECBAgQKD8AmZIgAABAgQIECCQIwGJ6xxdDKEQIECgXAJmQ4AAAQIECBAgQIAAAQIECJRfwAwJECBAgAABAt0RkLjujqNeCBAgQIBAbwT0SoAAAQIECBAgQIAAAQIECJRfwAwJECBAgACBIHHtl4AAAQIECBAovYAJEiBAgAABAgQIECBAgAABAuUXMEMCBAgQKLaAxHWxr5/oCRAgQIAAAQL9EjAOAQIECBAgQIAAgb4K7DN3YYjl6FM+0NdxDUaAAIGKC5g+AQIEBiYgcT0wegMTIECAAAECBAhUT8CMCRAgQIAAAQIE2hGICev6cff+clN90yMBAgQIECiIgDAJEOhEQOK6EzXnECBAgAABAgQIECAwOAEjEyBAgAABApUSGBsbq9R8TZYAAQIECBB4VsBD5QQkrit3yU2YAAECBAgQIECAAAECITAgQIAAAQJ5FcjeGnxkeDivoYqLAAECBAgQIJB7gSIFKHFdpKslVgIECBAgQIAAAQIECBDIk4BYCBAgQKAHAves25jq9f5br0nVVQgQIECAAAECBMopkOPEdTnBzYoAAQIECBAgQIAAAQIECBBoFLBNgAABAgQIECBAgAABAgRCkLgu+2+B+REgQIAAAQIECBAgQIAAAQLlFzBDAiURyN4mPEmSkszMNAgQIECAAAECBKYSkLieSsh+AiEECAQIECBAgAABAgQIECBAgED5Bcxw8ALZ24RvWrti8EGJgAABAgQIECBAoC8CEtd9YTYIAQIhBAgECBAgQIAAAQIECBAgQIBA+QXMkAABAgQIECBAgEBHAhLXHbE5iQABAoMSMC4BAgQIECBAgAABAgQIECinQPY24eWcZbuzchwBAgQIECBAoHoCEtfVu+ZmTIAAAQIECBAgQIAAAQIECBAgQCB3AtnbhD9w28rcxSigggkIlwABAgQIECiUgMR1oS6XYAkQIECAQH4EREKAAAECBAgQIECAAAECBAiUX8AMCRAgQIBAvwQkrvslbRwCBAgQIECAQLOAFgIECBAgQIAAAQIECBAgQKD8AmZIgAABAm0ISFy3geQQAgQIECBAgACBPAuIjQABAgQIECBAoOgC+x95amoKB83ZN1VXIUCAAAECITAgQKDsAhLXZb/C5keAAAECBAgQIECgHQHHECBAgAABAgQGKDC6bVtq9JuX/02qrkKAAAECBAh0SUA3BHIsIHGd44sjNAIECBAgQIAAAQIEiiUgWgIECBAgQGD6Ased/qHpn+QMAgQIECBAgMAABQzdGwGJ69646pUAAQIECBAgQIAAAQIEOhNwFgECBAhUTOCue36ZmvEhB70sVVchQIAAAQIECBAopUDTpCSum0g0ECBAgAABAgQIECBAgACBoguInwABAsUV+MHVXyxu8CInQIAAAQIECBDoWEDiuhM65xAgQIAAAQIECBAgQIAAAQLlFzBDAgR6LpC9TXiSJD0f0wAECBAgQIAAAQL5FJC4zud1qURUJkmAAAECBAgQIECAAAECBAiUX8AMCUwmkL1N+Ka1KyY73D4CBAgQIECAAIESC0hcl/jimlolBEySAAECBAgQIECAAAECBAgQKL9AKWeYXW1dykmaFAECBAgQIECAQNsCEtdtUzmQAIHyCpgZAQIECBAgQIAAAQIECBAg0G+B7GrrB25b2eMQdE+AAAECBAgQIJBnAYnrPF8dsREgQKBIAmIlQIAAAQIECBAgQIAAAQIEyi9ghgQIECBAgACBHglIXPcIVrcECBAgQKATAecQIECAAAECBAgQIECgCgL7zF2YmuYhB70sVVchUHYB8yNAgAABAgSaBSSum020ECBAgAABAsUWED0BAgQIECBAgAABAgUT+MHVXyxYxMIlQCAHAkIgQIAAgZIJSFyX7IKaDgECBAgQIECgOwJ6IUCAAAECBAgQaEcgrhyO5ZDjF7dzuGN2CBx3+od2/PR/AgQIEMiHgCgIECCQHwGJ6/xcC5EQIECAAAECBAiUTcB8CBAgQIAAgVILxIR1fYKPPbG5vulxCoG77vll6ogHbluZqqsQIECAAIHCCQiYAIGuCEhcd4VRJwQIECBAgAABAgQI9EpAvwQIECBAII8C2RXWY2NjeQwzdzGdsPgjuYtJQAQIECBAgEA+BERBQOLa7wABAgQIECBAgAABAgTKL2CGBAgQINBlgUcffyrV45pVl6fqKq0F7rjr3tQOq61THCoECBAgQIAAgZkKFPp8ietCXz7BEyBAgAABAgQIECBAgED/BIxEgACBiQUO2HeviXfaUxOY8/rTao9+ECBAgAABAgQIEGglkJ/EdavotBEgQIAAAQIECBAgQIAAAQLlEjAbAiUQ2GfuwtQsdt/t+am6SmuBLc9sTe2w2jrFoUKAAAECBAgQqLyAxHXJfgVMhwABAgQIECBAgAABAgQIECi/gBnmS+CeG7+er4ByGE022Z/DEIVEgAABAgQIECAwYAGJ6wFfAMPnUkBQBAgQIECAAAECBAgQIECAQPkFOprhQcf+WUfnOSktYLV12kONAAECBAgQIEAgBIlrvwUECPRIQLcECBAgQIAAAQIECBAgQKB8Ak9tfjo1KQnYFEfLSna19axdd2l5nEYCBAgQIECAAIFqC0hcV/v6mz0BAnkXEB8BAgQIECBAgAABAgQI5EbgkOMX5yaWogRywuKPNIW67kfLmtoq3wCAAAECBAgQIEDAimu/AwQIECBQfgEzJECAAAECBAgQIECAQDcEHn38qVQ3L37h7qm6SrPAHXfdm2o84pADU3UVAt0U0BcBAgQIECBQbAErrot9/URPgAABAgT6JWAcAgQIECBAgAABAgQyAnd9f2mmRbVRoNVq6+uWfq7xENsECORPQEQECBAgQGBgAhLXA6M3MAECBAgQIFA9ATMmQIAAAQIECBAoqoDbhE//ymVXWz9w28rpd+IMAgQIFFJA0AQIECDQiYDEdSdqziFAgAABAgQIEBicgJEJECBAgAABAgMQyN4mXBJ28otw4pJzJj/AXgIECBAgMJWA/QQIVE5A4rpyl9yECRAgQIAAAQIECITAgAABAgQIECDQS4E1d9yd6l6iP8WhQoAAAQIE+iZgIAJFEpC4LtLVEisBAgQIECBAgAABAnkSEAsBAgQIVEQge5vwJEkqMvPOpnng0Ys6O9FZBAgQIECAAIF8CoiqTwIS132CNgwBAgQIECBAgAABAgQItBLQRoAAgfwLZG8TvmntivwHPcAIN/92S2p0q61THCoECBAgQIAAgYoKTD1tieupjRxBgAABAgQIECBAgAABAgTyLSA6AgQI5ERgn7kLcxKJMAgQIECAAAECBIomIHHdxhVzCAECBAgQyIPA7Hknh/gm0EzL/gtOzcN0xECAAAECBAgQyJ2AgAi0Enj1m96Vak4StwlPgUxRsdp6CiC7CRAgQIAAAQIExgUkrscpbPRYQPcECBAg8KxApwnosbGxZ3uY2cPo6LaZdeBsAgQIECBAgAABAhMLlG7PI489mZqT24SnOFKV+CHbxoYkkeRv9LBNgAABAgQIECAwuYDE9eQ+9hLImYBwCBAokkBc2RzfuMmWbiWgi2QhVgIECBAgQIAAAQJFFRjM6/fiaZ245JymoCX5m0g0ECBAgAABAgQITCIgcT0Jjl0ECJRUwLQI9ECgVZLayuYeQOuSAAECBAgQIECAAIFcCqy54+5UXLs9b1aqPpCKQQkQIECAAAECBAolIHFdqMslWAIECORHQCRpgX4lqeP3w3VS0tGqESBAgAABAgQIECBAoHsCrVZb33vzVd0bQE8DFTA4AQIECBAgQKBfAhLX/ZI2DgECBAgQaBB4NvkcpvvY0IVNAgQIECBAgAABAgR6LPDqN70rNUKS+M7mFMizlexq6/lHvOrZPR4IEHhWwAMBAgQIECDQhoDEdRtIDiFAgAABAp0KjIwMt0xOd9qf81oJaCNAgAABAgQIECDQG4HfPPpEqmPf2ZziqFVarbZedcWFtX1+ECBAoLsCeiNAgACBsgtIXJf9CpsfAQIECPRFICaokyQJSZKkEtX3r76mL+MbhMCMBXRAgAABAgQIECAwI4GLLvtGOPu8L86ojyKenF1tHe8qVcR5iJkAAQKVETBRAgQI5FhA4jrHF0doBAgQIFAcgZigjqsvYilO1CIlQKDbAvojQIAAAQIEqikQE9YXXf6NcNWqG0JMYFdF4bSzPlmVqZonAQIECBBICagQINAbAYnr3rjqlQABAgQIECBAgACBzgScRYAAAQIEciHw6je9KxVHkiSpemPlltt+3FitzPaNa+5MzdVq6xSHCgECBAgQIDC5gL0EmgQkrptINBAgQIAAAQIECBAgQKDoAuInQIAAgZkK/ObRJ1JdTHR3pbjKev3Gh8aPXXTiG8e3y7zxe3/4jjJPz9wIECBAgAABAgURKFeYEtflup5mQ4AAAQIECBAgQIAAAQLdEtAPAQIE2hD40pWrUkcdsO9eqXpZK088tTk1NautUxwqBAgQIECAAAECHQgMLHHdQaxOIUCAAAECBAgQIECAAAECBAomIFwCZRfY8MCvxqe45wtfML5d5o195i4s8/TMjQABAgQIECBAYEACEtcDgu/SsLohQIAAAQIECBAgQIAAAQIEyi9ghjkW2Lpt23h0jdvjjRXYsNq6AhfZFAkQIECAAAECfRCQuO4DsiHyLiA+AgQIECBAgAABAgQIECBAoPwC3ZvheRdfEfY78pQQVx4/+dTT4x2PbR8b3y7rRpxz49z22H23xqptAgQIECBAgAABAh0LSFx3TOdEAgRSAioECBAgQIAAAQIECBAgQKCkAkmSjM8sJqwv/Ydrw7Zt28fb6htbR59bfV1vK9PjaWd9MoTMhH7+L1dmWlQJECBAgAABAgQIdCYgcd2Zm7MIECDQEwGdEiCQFjhgwam1VSxxVUfcTu9VI0CAAAECBAgQINA/gbjKOr4ubZWwrkdxwL571TdL+XjjmjtT8zp2/uGpukr7Ao4kQIAAAQIECBBoFpC4bjbRQoAAAQLFFhB9zk4vigAAEABJREFUiQQaV6w0bpdoiqZCgAABAgQIECCQQ4HD3/yepqjiKuts4/DwUJi16y7h+c/bNRw0Z79w8/JLsoeUpt5qtfWyS88vzfxMpJACgiZAgAABAgRKJiBxXbILajoECBAgQKA7AnohQIAAAQIECBAgQKAuMDbW/N3Vhx48J2y4dXlY96Nl4b6bry510jo6ZFdbP3DbytisECBQeAETIECAAAEC+RGQuM7PtRAJAQIECFRcYP+G22LHWxBOVGbPOznEYyvOVYzpi5IAAQIECBAgQKB0AnGVdUzafv+qL5RubhNN6N0fvmCiXdoJECBAIAooBAgQINAVAYnrrjDqhAABAgQIzEwgJqlHR7e11Ulc7RGPjedIYLdF5qCCCwifAAECBAgQINBPgY+ef0n41W8eazlkfZV1y50lbrzuxrWp2cXEfapBhQABAgQIdEFAFwQIEJC49jtAgAABAgQGKBBXT8cEdKchxAS25HWnes4jUCkBkyVAgAABAgTaEIivz5euvL7pyCqusm5C0ECAAAECBAgUQUCMBAotIHFd6MsneAIECBAoqkBMNseEdVw9PdM5xOR17CuW2O9M+3M+AQIECEwkoJ0AAQIEyioQV1nH19MTvT7fcOvysk59ynlFl8aDTjh2XmPVNgECBAgQIECghAKmNCgBietByRuXAAECBCorEFdxxGRzK4CRkeEQb7s3WWl1Xr0t9it5XdfwSIAAAQK5FBAUAQIEciQQE9bx9XmrVdY5CjNXofz95z+Rq3gEQ4AAAQIECBAgkFOBDsKSuO4AzSkECBAgQKBTgbhaodUqjiRJagnr+1dfM2XXMamdJMmEx8Xk9YQ77SBAgAABAgRKIWASBAjMXGDBSWeGmLBu9fp85r2Xo4dD3/iu1ERGhryVmAJRIUCAAAECBAgQ6KqAV5vNnFoIECBAgEDXBeIq6Ji0btVxTERvWrui1a4J2+Lx8bxYkqQ5iR1XjUx4sh0ECBAgQIAAAQJRQKmoQFxlHV+br9vwYJNAkuz8QGnTjoo2PPLYE6mZ37+murdMT0GoECBAgAABAgQI9ERA4ronrDoNgQEBAgQINAq0WgWdJN15UywmseMtxhvHi6tG6snruJKkcZ9tAgQIECBAgAABAt0TKFZP8TVyXGXdKur4odD42rrVviq2vfvDF1Rx2uZMgAABAgQIECAwQAGJ6wHiG5rAlAIOIECgFAJxNUd2IjHR3M03xVrdYjwmr+PYrVaSZONRJ0CAAAECBAgQIFBWgbPOvSjE18WxxNfI2XnO2W/v2tf2ZNv7Ws/hYNfduDYVVUzspxpUCBAgQIAAAQIECHRZQOK6y6C6I0AgfwIiIjBIgXiL8Oz48Q2fVonm7HHTrcd+p3uO4wkQIECAAAECBAiUUaAxWb3yuptaTjFJdt4BafW3Lmu5v96YJM1fzVPfV9bHmOQv4tzETIAAAQIECBAgUGwBietiXz/REyBAoF8CxulQIHuL8CTp7ZteRxxy4JSRSnBPSeQAAgQIECBAgACBAgq0k6yuTyuusp7oDkivfcuS+mGVfIyO2Yn7N0RWpNR1kyNAgAABAgQIDExA4npg9AYmQIAAgbILNK9SCGGiN8e6ZXHd0s/VbnN40Jx9U13GW5PHN5tiSe1QIUCAAAECBAgQIFBggZhkja+7Y5loZXV2evE18VSrrBvP2fulL26sln4767j3S/cs/ZxNkED3BfRIgAABAgQIdCIgcd2JmnMIECBAgMAUArPnndx0RHyDrKmxRw03L/+bWgI7jhnL/auv6dFIA+jWkAQIEKigwHkXXxFieeUbFof9jjwlxARNu2X23IUh/l3ad8ffpgMWvC285o/eE/78Lz8T1m98qIKSpkyAQBkE3v3hC8afB7NJ1onmF18T18tEx9TbH3z40fpm7fH2f7qi9liFH/FvS3ae//bP+Z9/jDuWOa8/LRu+OgECRRYQOwECBAhUTkDiunKX3IQJECBAoNcC8Xutx8bGUsPEFc+pBhUCAxYwPAEC+RSIyelYsgnqS//h2hDL408+FbZt2z6t4ONfpPh3afuOv01bR0fDrx95LKz63i3hqlU3TKsfBxMgQGCQAo3J6utuXNtWKPVEdXxs64SKHxRXr2cJimAXE9b1uLc8s7X2oYaLv3x1vckjAQIEKi8AgAABAkUSkLgu0tUSKwECBAgUQqDV91pb8VyISydIAtMVcDyBtgU+ev4lIZYFJ50ZXnHUolqJq6BjiW+410tMTsfSSYK67WCePfCAffd6dssDAQIE8ikwqGR1/LBPPkV6G1V29XpRbhGeJEkTzIV/e2VTmwYCBAgQIDADAacSINAnAYnrPkEbhgABAgSqIRATENmZ9vp7rbPjqRMgQKBYAv2P9rSzPllbjVVPFvfjcenK60Ms6zY8GJ7esqVWYmIklk4E4nv0w8NDYdauu0xZnv+8XcMLX7B7eMmL9wgHv3y/8JbjFoQvnPehsOjEN3YytHMIECDQU4FBJat7OqkCdB7/FmbDLMItwmPME/1769VvelfcrRAgQIAAAQK5ERAIgakFhqY+xBEECBAgQIBAuwLZBEQRbq3X7twcR4AAgSILNCarb1xzZ2GmUk9QH3rwnBD/ptTLprUrw4Zbl4d1P1q2s0zyeN/NV4ef/XBp+Mn3vhZuuuaS8NXPnitpXZjfAIESqIaAZPVgr3NRbxHeqBb/Ps4/4lWNTeE3jz6RqqsQIECAAAECBEohUPJJSFyX/AKbHgECBAj0TyC7SiFJkv4NbiQCBAgQSAmcuOSccODRi8ZXVuc9WZ0kSRgaSsJECervX/WF4H+9FzACAQL9Ffi9P3xH7Xn6uhvXtjVwTE7WS1snOKgtgaLeIjw7uVVXXJhtClZdN5FoIECAAAECBAjkWqBfietcIwiOAAECBAjMVGD/Bac2dTHRLeuaDtRAgAABAh0JHHXyB2oJj/jBoWxZc8fdYfNvt3TUb7dO2pGLDkmShOfPmhXm7Ld3WLzwzalV0/XkS3yMfzM2rlkRJKi7pa+fAQoYmsCkAo13wHjiqc2THht3xufIeon1fpckKfeHUT96/iVNpEW5RXhT4DsaWq26jq8RvrrsOzv2+j8BAgQIECBAgEDeBSSu836FUvGpECBAgEBeBUZHt6VCGxkZTtVVCBAgQKB7Ased/qFawvreX27suNN6EqSXj/F23jEhfd8tV4XV37osfPaTH+w4XicSIFA1gXLNtzFZ3c4dMBqfm/st8dq3LOn3kAMdb+nK61PjR/tUQ8EqrVZdxyl8/NOX1V47xG2FAAECBAgQIEAgvwIS1/m9NiLrlYB+CRAg0GWBVqut7199TZdH0V2nAm/8sw/X3qSKKy0OeeM7O+3GeQQI5Ejgrnt+2VE08c34eumoAycRIECAwLQE6gnrgSWrpxVt64P3fumLW+8oQeuCk85MzSJJyrG6PP6tT02soRL/TRB/LxuabBIgQIAAAQIECORIQOI6RxdDKASKJCBWAgSeE7Da+jmLPG795Gf/ezysRx97cnzbBgECxRSYPe/ktgLf7Xmzmm7L3daJDiJAgACBGQnEpGBMDsYyVcL62PmHjz9Xz2jQLp784MOPpnq7/Z+uSNXLVFm34cHUdOJdQlINz1aK+BCT1/H3q1Xs8ffy3R++oNUubQQIECBAgAABAgMWkLge8AUwPAEClRYw+ZIKWG1d0gtrWgQIDFzg6FM+EMbGxlJxxDemW5V7b74qdZwKAQIECPRW4MQl59TuchOTglONVH/eXnbp+VMdan+PBLIfBHv+rFk9Gmlw3cbfr/i7tsfuuzUFcd2Na0Ofk9dNMWggQIAAAQIECBBoFpC4bjbRQoAAAQKFEhhssNnbhCdJOW6vN1hVoxMgQKC1wD3rNqZ2jAwPp+oqBAgQINBfgXqyOq6uXnPH3ZMOHle/xiRiLJMeOOCd2Q9IDTicngz/0fMvafog2H23lPcDXz//lyvDWe/80yZLyesmkgI0CJEAAQIECBAou4DEddmvsPkRIECAQE8FsrcJL+zt9XqqpHMCBAh0RyBJ0h8Ouv/Wa7rTsV4IECBAYFoC9YT1VMnqoR3P2zFRHUtc/TqtQRzcM4Err/1uqu85++2dqpexct5fLJG8LuOFNafOBJxFgAABAgRyLCBxneOLIzQCBAgQyLdAXFmS7whF128B4xEg0FuB+OGgJNmZvI5JkN6OpncCBAgQyArE17+xTJWwjs/RsWxcuyLbhfqABVqttl79rcsGHFV/hpe87o+zUQhURcA8CRAgQKA3AhLXvXHVKwECBAiUXCB7i/A43fjmXHxUCBCYkYCTCUwqEJPXnm8nJbKTAAECXRWor66OCevJOk6SJMTn51gmO86+wQosXXl9KoDFC9+cqpe9Inld9itsfgQIFExAuAQIEGgSkLhuItFAgAABAgSmFsjeIjxJdq4AnPpMRxAgQKAfAsYgQIAAAQKdC5yw+CMhJqpjmWp19fwjXlVLWMcPFnU+Yj7OnPvW96cCibc6TzUUvBKvZ+MUkiQJn/3kBxubKrE9WfJ6zlGnV8LAJAkQIECgTALmQqBcAhLX5bqeZkOAAAECfRDIvuEThyzDG3VxHgoBAgQINAjYJECAQEUEYqJ69ryTx5PVd9x175QzjyurY1l1xYVTHluUAzY9+OtUqGW61fnseQtTc4uVKv8bZqLk9ZYtz9T+O4g+CgECBAgQIFAhAVPNjYDEdW4uhUAIECBAoAgCs3e8oZeNM75hl21TJ0CAAAECBHYK+EmAQD4FYrI6fiAzlpioHhsbmzLQ+urqsr7+3d6GwZRIOTzglW9YHLJTK+s1nA7/RMnr2Ef87+LW238aNxUCBAgQIECAAIE2BbpxmMR1NxT1QYAAAQKVENh/wak73vBJv6HnDZ9KXHqTJECAAAECgxYwPoEZCzQmqmNSLiar2+00vuaNpUyrq9ude9GPO37R2eHxJ59KTePQg+ek6lWuxOR1/N1uZXDS+84NrzhqUVi/8aFWu7URIECAAAECBAj0QEDiOvRAVZcECBAgUEqB0dFtqXklSZKqqxAgQIAAAQIECORZoHqxNSarp5OonrXrLiEm8+qlenLlmPF5F18RfvqLdanJxKT196/6QqpNJdR+34+ad3gTxdNbtoT5J54R4p23Pnr+JU37NRAgQIAAAQIECHRXQOK6u57V7c3MCRAgUEGBKn8nXFEu92lnfTIVapL4sEEKRIUAAQIECBAopcDRp3yg9j2900lW15PU8XHdj5ZN7GJPIQRi0vrSf7g2FaukdYqjqbL8svPDwhOOaWqPDfFW+ktXXl/77+qYUz4YmxQCBAgQIECAAIEeCEhc9wBVlwQ6FXAeAQL5FYi3CW+MLkkkQBs98rp909ofp0LzYYMUhwoBAgQIECBQQoF4G/B71m2ccmZHHHJgbZVpTFTHMuUJJT9g7lvfn5rhUI9f76cG60Elm7QeHh4KVlpPDX3ppz4Wzsu7QtwAABAASURBVHrnn4Ykmfjfe79Yt6GWwN53/snh7R88b+pOHUGAAAECBAgQINC2gMR121QOJECgIALCJNATgextwiVAe8Lc9U7jyoiud6pDAgQIECBAgEDOBNbecVctkRaT1pOFtmbV5ePJ6uuWfm6yQyu3b9ODv07NeePaFal6kSp/+r5zm8LdcOvyprYSNPRkCuf9xZIQ/70XP9Bx4puPnnCM7dvHwg/+9fbaf3sve93bwmv+6D3hz//yM2H9xocmPMcOAgQIECBAgACByQUkrif3sZcAAQIVFTBtAsUXmOqN2+LP0AwIECBAgAABAjsF/mTJx3dutPjZmKw+YN+9WhyhKQpsHxuLD6Uoq2//aWoeMQGbalBpW+BLn/4/ax/2iKuwh4aSCc97Zuto+PUjj4VV37slXLXqhgmPy+cOUREgQIAAAQIE8iMgcZ2fayESAgQIEMipQPY24W2H6cCBCew77+Smsb1h10SigQABAgQIECiJQJI0J9RGhodrCTfJ6pJc5DanMef1p6WOjL8HVgCnSDqqxFXYG9esqN1G/IUv2D0Mtfhvrt6x/+bqEhV7NF0CBAgQIECgKwIS111h1AkBAgQIlFlg27btqenFVSupBpWeCky387lvfX/Irph5/qxZ0+3G8QQIECBAgACBwgi86sADUt/JGz+wd/+t1xQm/jwGGu/eE8tHz78kj+G1jOniL18dtjyzNbVvdNs2K4BTIjOrxAT2z364NMRbyX/642eGg+bsF17y4j3CwS/fL7zluAXhC+d9KCw68Y0zG8TZBCosYOoECBAgQEDi2u8AAQIECBCYQiD7Pck+QT8F2IB3b3jg4VQEcTXEfbdclWqrYMWUCRAgQIAAgRIL/ODqL45/J29MWpd4qn2f2pXXfrfvY3Y64Oe/sqzTU53XgcB7T/vjcPPyS8JPvve1cNM1l4SvfvZcSesOHJ1CgEDXBXRIgACBQgtIXBf68gmeAAECBHot4DbhvRbubv9xVUy2x41rV2Sb1Al0KOA0AgQIECBAoIwCLz/q9Amnlf0Q64QHDnhHq9XWMaSj5h0WPnbm2+OmQoAAAQIECLQt4EACBAYlIHE9KHnjEiBAgEAhBEZHt6XitIIlxZGriu+1ztXlEAyBiQXsIUCAAAECORP47ZZnJoyoCK//v7rsO+Ezl369aQ7LL78gLL/sgqZ2DQQIECBAgACBvggYhEAHAhLXHaA5hQABAgQIEMiXgO+1ztf1EA0BAr0XMAIBAgQIdEeg1R17Ys8xYR1L3M5ziUnrcy+8PDSuDB8aSkJMWh8197A8hy42AgQIECBAgACBNgSqdojEddWuuPkSIECAQNsC2TexRkaG2z7Xgf0V2PDAw6kBh5Ik3HfLVak2FQIECBAgkBFQJUCg4gJvfe85LQWKkLCOgX/7u7eE//qZL6WS1kmShI1rVgRJ6yikECBAgAABAgQIFE2gR4nrojGIlwABAgQITC1w/+prpj7IET0TSJKkZd/ZDxjEgzauXREfFAIECBAgQKDnAgYgUFyB2+68u7jB74j8v33+q2H79u07tnb+P0mSsMnr4J0YfhIgQIAAAQIECBRSQOI6z5dNbAQIECAwMIH9F5w6sLEN3L5Aq6R1UVbItD9LRxIgQIAAAQKlFzDBvgu0eh0Zg0iS1h+WjPvyXIaGhiSt83yBxEaAAAECBAgQINCWgMR1W0wOKrKA2AkQINCJwOjottRp/UiGzp53coglvonWWA6oaBL94GP/LHUNspVolW3rx3XKjqlOgAABAgQIECCQD4F2ozj0je+a8NAirVhe8+3Lw5LT/1N43R+8Jmxcs3zCOdlBgAABAgQIECBAoCgCEtdFuVLiJDBYAaMTqJRAv1Zbx8RrY4J6bGws9f10dfStmSR6vb3Kj/vNP6XJanjIy5oq/06YOwECBAgQIECgHYF3f/iC8MhjT7RzaCGO+dQ5Z4SVX/rrbsaqLwIECBAgQIAAAQIDE/AO78DoDUyAQPUEzLgoAr1abd0qUV0UkzzEufvzn1cL48BjFoVtDd/lFxuHh4bCBqtMIoVCgAABAgQIECAwgcDv/8cl4bob106wVzOBbgroiwABAgQIECBAoBMBietO1JxDgAABAoMTKNDIMVEdS31VdVxRXaDwBx7qU0//NhXDL278elhw0plh89NbUu3DQ5LWKRAVAgQIECBAgACBJoH4mvzBhx9patdAgECOBYRGgAABAgQIVE5A4rpyl9yECRAgQGAygfiGVuP+kZHhxuqU29lEdTvJ6iRJQpIkIY4Vv6M5likHmuEBRTz94GP/LKzb8GBT6FZaN5FoIECAAAECBAgQeFZg/caHQvY1/rO7wpz99q5v1h6Hh7xNVoPwgwCBUgmYDAECBAgQKJKAV+RFulpiJUCAAIG+C9y/+popx4zJ6ljiG2LtJKpjh0mShJigjmXT2hUhlnbGiudWtTy5+emmqUe/psb+NRiJAAECBAgQIEAgxwJz3/r+MP/EM5oi3Pule9Zei2c/FOkDkU1UGggQIEBgp4CfBAgQINAnAYnrPkEbhgABAgTyL7D/glPbDrKeqK4nq6dKWCdJekV1TFS3PVhFD5zKVNK6LL8Y5kGAAAECBAgQ6L7Aa9707rDhgYebOo5J63/75yua2jUQIECAAAECvRbQPwECBKYWkLie2sgRBAgQIFARgdHRbamZtkqMxkR1LFMlVWNHjbf+jolqK6qjSndKq2vTnZ71QqCgAsImQIAAAQIExgXi6/VfP/r4eL2+EV9DSlrXNTwSIECAAAEChRQQNIGSC0hcl/wCmx4BAgQIzFwgrsSOb37FMlVvSfLcLcAlqqfSmv7+keHh2m0dp3+mMwgQIDC1gCMIECBAoNgCZ517UZjoNXtMWjfObsFJZzZWQ5IkqboKAQIECBAgQIBAeQXMLL8CEtf5vTYiI0CAAIEcCMSkdXYldmNYSeIW4I0e3dh+5Rve0fINx5i0vv/Wa7oxhD4IECBAoHcCeiZAgMDABFZed1PT2PHW4NmkdTzo/k2/ig/jJd4habxigwABAgQIECBAgACBqQR6sl/iuiesOiVAgACBMghMlrROkp0rq+MbXFZWd+dqf/T8S2oJ68ef3NyyQ0nrliwaCRAgQKCUAiZFgMB0BVqttF688M1holuDb9u+fbpDOJ4AAQIECBAgQIAAgR4LVC9x3WNQ3RMgQIBAeQRarbQeGdl5q+qYsC7PTAc/k/hG49KV1w8+EBEQIECAAAEC5REwk8oIxNeS2cnGVdaf/eQHs83qBAgQIECAAAECBAjkWEDiOscXJ8+hiY0AAQJVFIhvflld3d0rP3veybVV1lP1miS+c3AqI/sJECBAgAABAr0QyHufEyWt8x63+HorEO+eFX83YonbvR1N7wQIECBAgAABAt0SkLjulqR+CExfwBkECBRIICatCxRu7kM9YfFHagnrsbGxlrHuustIy3aNBAgQIECAAAECBOoC8UOQ9e36Yzuv2xecdGb98Nrj8FDP3x6rjeNHfwRiorrx7lmN2/2JwCgECBAgQIAAAQKdCnhl3qmc8wgQyImAMAj0ViBJktDOm1+9jaJcvR9+wnvDHXfd23JSu4yM1Ly3jm5L7Xdr9hSHCgECBAgQIECg8gIHHrMoZD8EOWe/vdtyWbfhwdRxG9YsT9VV8iowdVzxwwwS1VM7OYIAAQIECBAgkFcBieu8XhlxESBAoJ8CxqoJxAR1kiQhSZIwMjJcS6BKmNZouvZjzutPC7/69aMt+4v+61d/s+U+jQQIECBAgAABAgTqAnHF9Oant9SrtceYtF79rctq235UUyAmrbMfZogS8d8Z8VF5VsADAQIECBAgQCDHAhLXOb44QiNAgACB/gvERHUs96++ZtqDO2Fygfj9clue2dp0UHwjKZbGHa3ecGrcb7s9gYsu+0Y4+7wvhvUbH2rvBEcRIECAAAECBHIuEJPW2RXTktY5v2h9CE/Sug/IhkgJqBAgQIAAAQK9EZC47o2rXgkQIECAAIEGgZi0bqiOb2YT1iGE8X02ZiYQk9YXXf6NcNWqG2plZr05mwABAgQIECAweIGPnn9JmGnS+uhTPpCayMjwcKquUjwBSeviXTMRE3hWwAMBAgQIEGgSkLhuItFAgAABAgQIdFOgVdJ61q671G7F3s1x9NUoEML6TQ+NNzRujzfaIECAAAECBAgUSOC8i68IS1den4p4aCgJ0709+Lr7H0z1cf+t7rSUAilYJf5bI3u3piRJ/FujYNdRuAQIzETAuQQIECiXgMR1ua6n2RAgQIAAgdwInLjknBDfSMoGFJPW6360LNvc03p8o/P4RWeH/Y48pVZiXDMts+cuDHF1R6dl33kn74jl1LD/kdMrL3vd28Lv/eE7wquOWzxpWXndTeOmmzf/dnzbxjQEHEqAAAECBAjkQiC+jrv0H65timXjmhVNbVM1jG7bNtUh9hdEIL6ez4aaJEmIX/2UbVcnQIAAAQKTCthJgEBuBCSuc3MpBEKAAAECBMojEN9EWnPH3U0T+t3feXGYbtI6SZKmflo1TJacjm90/vQX68K2bdtrpdX5020b23FCXN3Radk+NrYjlm1hdMebp9Mpz2wdDU88tTk89sRTk5YtW57ZEeHO/9+3ftPODT8JDEDAkAQIECBAYCYCMWkdX8dl+/CVM1mRatXjvzeyM04SSeusiToBAgQIEOingLEIdENA4robivogQIAAAQIEagJx9XCrN5Hizvjm4p3XfTVuTlpe+YZ3TLg/fq/hgpPOHF/pHMeql14kpycMpGA7jnj1wQWLWLgECGQEVAkQIFBJgdnzFoZuJq2PPuUDlXQs26Tj6//snJJE0jprok6AAAECBAgUUqDyQUtcV/5XAAABAgQIEJi5wLy3/nnttuBx5XCr3mLSulV7q7Ynnno61RxXNMc3p2JZuvL6sG7DgyG2xZI6cBqVHe9rheHhoRBvW95pef7zdg0vfMHuHZeXvHiPcMDsvaZdDn75fuGouYe1Xd6x8M3hc5/84DR0HEqAAIGyCpgXAQJFEoiv/cbiLW4ago6vvabzurLh1NrmuvsfrD3Wf8ykr3ofHvsncPib31P7N0d2xCSRtM6aqBMgQIAAAQIEiiow1JXAdUKAAAECBAhUUqCesL7/gV+1nP/8I14V4huCZ517UYjl9//jkvCyBW+rlfhmZKsyk4R0YxA73r+qJafjG5yHHjynFkeMJZZNa1eGDbcur922PN66vJNy381Xh5/9cGnH5Sff+1pY8+3Lp11uuuaSsPzyC9ouktaNvxW2CRAgQGDGAjog0GOB+PUv8TVidpj4ei6+9sq2N9Znzzu5lthcv/Ghxubx7Yk+ZDl+gI3cCuy/4NTwq9881hTfztf2K5raNRAgQIAAAQIECBRTQOI6R9dNKAQIECBAIE8C8bbc8U3DycpECev6PNbccXftzcOV190UYnnw4UfCM6OjtVI/ZqbvNwD6AAAQAElEQVSPSZLUVj3HNzPjG1f1Uk9Oxzc4v3/VF2Y6jPMJECBAgAABAl0T0FFrgeMXnR3i179k9571zj8NU72ei0nr+gcg5594RrYL9YILjI5ua5pBfN3f1KiBAAECBAgQIECg0AIS14W+fIJvIaCJAAECBGYocNpZn6wlm+NtuWfYVddOT5IkPH/WrDBnv71TK6fjm1Wb1q6orXqe6s3MrgWjIwIECBAgQIAAga4L7HfkKRN+n/V5f7Gk1Xipth0vF1P1Y075YKquUlyB+EHabPTx3wHZNnUCBAgQIECAAIHiC0hcF/8amgGBHgjokgCBsgj87deurSWh45s97ZYb19w5kOnHNxtjcjo7eHxTKian77vlqrD6W5dld6sTIECAAAECBAgUXCC+Tt22bXtqFsPDQ7UPLKYaJ6n82Ul/lNr7i3UbUvWjT/lAqn7QnH1T9epW8j3z+LuRjTD++yDbpk6AAAECBAgQIFAOAYnrclxHsyBAII8CYiKQA4H/9vkrBh7FriMjYe+X7hkWnnBM7c3H+EZTqxJv7R2T0wMPWAAECBAgQIAAAQJ9EZjs+6w33Lp8WjF89pPNK6wbV13fs25jqr+bl/9Nqq6SP4FCJa3zxyciAgQIECBAgEAhBSSuC3nZBE2AAIHqCJjpzASSJJlZB8+e3SrR3G7bL1d/M/zbP18RLv3Ux57tbeKHQ45fnNqZJN2JP9WpCgECBAgQIECAwMAFLv7y1S2/z/rQg+dM+X3WEwW/eOGbU7t+kVl1ndr5bGX9xofCRZd9o1bi9rPNHgYsEL+zPBtCkvi3QdakbHXzIUCAAAECBAhIXPsdIECAAAECJRZY8B9eHZIkmdYMkyQJu4yMhBe+YPfxFdLT6mAGBz/2xObU2fEW4akGFQIECBAgQIAAgcIL/On7zg0X/u2VTfOIH4z8/lVfaGpvt6HVquvjF5094em33PbjMP/EM8JFl+9IXO8oV626YcJj7eifQExaj42NpQZMkiT4t0GKRIXARALaCRAgQIBAoQUkrgt9+QRPgAABAgQmF1j5pb+uvcET3wRst8Q3hNav/mb42Q+XTt55D/Zm36DqwRAz6NKpBAgQIECAAAECMxWISevVt/+0qZv4WrWpsYOGs975p6mzfvqLdeHVb3pXqm1keLi2wvqUMz6Raj9g371SdZX+C+y/4NSQ/TdBkkha9/9KGJFA1QXMnwABAgQGJSBxPSh54xIgQIAAAQIEqihgzgQIECBAgEBlBY44YUnIJq2HhpLaXX66hXLeXywJw8Ppt7t+8+gTqe6P/A+H1lZZNzYuOvGNIZbGNtv9FTju9A+F0dFtTYPGD9Y2NWogQIAAgfwLiJAAAQIdCKRfyXfQgVMIECBAgAABAgQIEOivgNEIECBAgEDRBOa8/rTw0K8fSYW91+/sGTauWZFq60blY2e8PYyMDE/Y1S1rf5za94XzPhRiSTWq9F3grnt+2TRmt1biN3WsgQABAgQIFERAmASqJiBxXbUrbr4ECBAgQIAAAQIECEQBhQABAgT6JLDv/JPDlme2pkZb8NpDwx3XXZFq61blL95/evjony8Ks3bdZdIu463Bl19+gZXWkyr1Z+c+cxc2DSRp3USigQABAgQIEOhMwFkFEpC4LtDFEioBAgQIECizwCHHL05NL0mSVF2FAAECBPIoICYCBAhMLhATktu3j6UOiknra7/yqVRbtysxef3h950WRoZav/V18Mv3D2tWXR6OmntYt4fW3zQF4u9I9hRJ66yIOgECBAgQIEBg0AL9Gb/1q/f+jG0UAgQIECBAgMC4wGNPbB7fjhu+yy4qKAQIECBQCQGTJFBSgVYJyX4kreucMXk9un17vVp7HNqRyI7J6puu+X9qdT8GKzB73slNAUhaN5FoIECAAAECBAhURqD0ievKXEkTJUCAAAECBRcYG0uvxCn4dIRPgAABAgQI9FnAcPkRuPjLV4dBJ60n0ti4ZnmItwefaL/2/gnEpHX23wBJ4q5L/bsCRiJAgAABAgQI5E9A4jp/1ySPEYmJAAECBAgQIECAAAECBAgQKL9AV2b4mUu/3tRPXEXb69uDNw2qIbcC+y84NbRKWrvrUm4vmcAIECBAgAABAn0RkLjuC7NBCEQBhQABAgQIECBAgAABAgQIlFug1SramLQexKyPO/1DqWF3GRlJ1XtX0fNkAjFpPTq6LXVIkiRB0jpFokKAAAECBAgQqKSAxHUlL7tJEyiwgNAJECBAgAABAgQIECBAIJcCB2RW0SZJEgaVtI5Ad9+7Pj6Ml/Wrvzm+bWMwAq2S1jGSlknruEMhQIAAAQIECBColIDEdaUut8kSIEBgp4CfBPImcMjxi1MhJYnvtkuBqBAgQIAAAQIEci7wyjcsDlszq2gHnYzM3oo654SlD2+ipPUgP9xQevQQgjkSIECAAAECBIokIHFdpKslVgIECBDIk4BYuijw2BObU70N+k3OVDAqBAgQIECAAAECkwos+einwuNPPpU6RjIyxVH5iqR15X8Fig4gfgIECBAgQKBPAhLXfYI2DAECBAgQINBKYGeb1TA7HfwkQIAAAQIECBRNICatv/OD1amw//i4Ban6ICrHnf6h1LC7jIyk6ir9E5C07p+1kQjkW0B0BAgQIEBgagGJ66mNHEGAAAECBAgQyLeA6AgQIECAAAECAxD46rLvhFZJ6ys+e+4AokkPefe961MN61d/M1VX6Y+ApHV/nI1CgECFBEyVAAECJReQuC75BTY9AgQIECBAgACB9gQcRYAAAQIECLQvEJPWH//0ZakTDpqzX8hD0joG5Y4+UWGwRdJ6sP5GJ0CAAIGJBewhQCC/AhLX+b02IiNAgAABApUQePWb3pWaZ5IkqboKAQKFEhAsAQIECFRA4NvfvSX81898KTXTF75g93Dz8ktSbSrVFZC0ru61N3MCBAgQqIyAiRLoiYDEdU9YdUqAAAECBAh0KrBp7YpOT3UeAQIESiJgGgQIEMifwPqND4U//8vPhNf80XvCn3/8f4Tt27ePB5kkSfjZD5eO1we9cdzpH0qFsMvISKqu0lsBSeve+uqdAAECBAgQKJOAuWQFJK6zIuoECBAgQIBAXwV+8+gTfR3PYAQIECBQEQHTJECgqwJXrbohrPreLeHXjzwWGm/DPTw8FPL2wcO7712fmvv61d9M1VV6JyBp3TtbPRMgQIAAAQIEqiDQUeK6CjDmSIAAAQIECBAgQIAAAQIEqi5g/gQmExgZHg4bbl0+2SED2deYWB9IABUdVNK6ohfetAkQIECAAAECXRSQuO4i5jS7cjgBAgQIEGgp8Oo3vSvVniRJqq5CgACB6Qq85k3vDvvMXaiU1GD2jnnltsxbGPadf0rYr91y5I5jY2n3+E6O29H/K45eFA7+wz9Ll2N31LtQXnnc4nD8orPDiUs+PqOy6IPnhf/5459N9z93x+dToBRRfezMt4fll18QFp34xvCaV74ivO4PXhPuv/WaUszNJGYuIGk9c0M9ECBAgAABAgQIhCBx7beg4ALCJ0CAQPkEHnnsydSk8nbrxVRwM6y8WpJ+hoJOJ9CewK8ffby9Ax1VSIGxHVHntuwILH4P7rbt20NbZduO42Jp9/hOjtvR/9O/3RKefOrpdNm8o96F8vgTT4Wf/mJdWHPHXTMqP/zX28PfffOfdlxd/yeQH4Gj5h4WvnDeh8L3vn5xWPmlv+5zYO0Nd9zpH0oduMvISKqu0n0BSevum+qRAAECBAgQIFBVAYnrql558ybQKGCbAIFcCVTp1oZVStLn6pdMMAQIECBQCIEX7P78QsQpSAJ5EvD91lNcjS7vlrTuMqjuCBAgQIAAAQIVF5C4rvgvgOkTINA9AT0RIDB9gSol6aev4wwC3RO44qKPhyRJGjqM270vSZLUxk2S7j4ODQ2F4aH+l112GQm75qrsEnbf7fkhJjdzWXbEtsfuu4V9fvd3wuy98lP23+d3w9zDXxXm//4hPSlxReoH3n1yOPv/eNuMyrkffGf4xH95d/A/AgSmJ+D15fS8ZnJ0lZPWM3FzLgECBAgQIECAwMQCEtcT29hDgAABAv0XMCIBAgQI9EDgj49/XYhfO/DAbSvDzrJix2PvSxyzF2XjmuVhwwDK+n/9ZvhlrsqycM+NXw+/+Jeclh2x/fxfrgy3/9NXwv/6Tn7K2n/8UvjHr14YVv2/n+5Jid8B/FdnvyfExPNMSkx8P/95s3rwjKBLAgQIzFxA0nrmhnoICAgQIECAAAECTQIS100kGggQIECAQNEFxE+AAAECBAgQIECgegK+37p/13x0dFvTYPHDcU2NGggQ6LGA7gkQIECAQLkEJK7LdT3NhgABAgQKLvDqN70rNYMkSVL1MlVyP9cyYZsLAQIECBAgQKACAnffuz41y/Wrv5mqq3RHYJ+5C5s6krRuItFAgECRBMRKgAABArkRkLjOzaUQCAECBAgQCOGRx55MMcRb7KYaSlSp0lxLdNmmPRUnECBAgAABAgT6JTA2NtavoSo7jqR1ZS+9iRMgQGBKAQcQIECgGwIS191Q1AcBAgQIEOiSQJXebKvSXLv066Gb6gqYOQECBAgQIEBg4AKS1gO/BAIgQIAAgfILmCGBygtIXFf+VwAAAQIECBAgQIAAgSoImCMBAgQIlFnghMUfSU1v1q67pOoqMxOYPe/kpg7cHryJRAMBAgQIECCQCwFBFFlA4rrIV0/sBAgQIECAAAECBAgQ6KeAsQgQIJBTgTvvvi8V2bofLUvVVToXiEnr7N2SkiTpvENnEiBAgAABAgQI5F9gQBFKXA8I3rAECBAgQKDKAq9+07tS008Sb3ylQFQIECBAoNQCJkeAQPcFsonV7o9QzR4nSlpvWruimiBmTYAAAQIECBAg0FOBsiWue4qlcwIECBAg0EuBw9/8nlT3SVLeZO5vHn0iNVdvfKU4VAgQIECAAIGpBRxBgECPBfZfcGrIfiAgSZLgtXuP4XVPgAABAgQIEKiwgMR1hS/+xFO3hwABAgQGIfDwI4+nhvWGUIpDhQABAgQIECBAoOsC5ejwhMUfSU1k1q67pOoq0xeISevR0W2pE5MkkbROiagQIECAAAECBAh0W0Diutui+iNQF/BIgACBaQpkVzNM83SHEyBAgAABAgQIEKikwMC/37qE6tmkdZyiD9ZGBYUAAQIECBAgQKCXAhLXvdTVNwECMxbQAQECBAgQIECAAAECBAgQmEzAB0An05n+vn3mLmw66YHbVja1dbtBfwQIECBAgAABAgQkrv0OECBAoPwCZkiAAAECBAgQIECAAAECBKYUkLSekijvB4iPAAECBAgQIFBoAYnrQl8+wRMgQIBA/wSMRIAAAQIECBAgQIBA3gR8v3X3roikdfcs9VR0AfETIECAAAECgxKQuB6UvHEJECBAgECDwOFvfk9DLYQkSUIp/9diUklSnbm2mL4mAgQIEOhQlqapiAAAEABJREFUYM7rTwsxyRJL3O6wG6cRIFBwgTvvvi81g3U/Wpaqq7QnMHveyU0Huj14E4kGAgSmI+BYAgQIECDQgYDEdQdoTiFAgAABAt0WePiRx1Ndblq7IlVXIdAoYJsAAQJVF4iJ6i3PbB1naNweb7RBgEAlBMbGxioxz15OMiats45J4sOlvTTXNwECBNoVcBwBAgSqJiBxXbUrbr4ECBAgkEuB7BtFuQyyS0FlV5d3qdspuzntA381vjLvkOPfOeXxDii9gAkSIFBQgWzSuqDTEDYBAgRyITBR0toHaXNxeQRBgAABAt0R0AsBAgUSkLgu0MUSKgECBAgQINC5wI2r7xg/+dHHnxzftkGAwEwEnEugvwIvP+r00Gp1tdvZ9vc6GI1AXgROWPyRVCizdt0lVVeZXGD/BaeG7AdokyQJktaTu9lLgAABAgSqKWDWBPojIHHdH2ejECBAgAABAhMIvHTPF06wRzMBAgQqImCabQnEVYG/3fJM07GS1k0kGghURuDOu+9LzXXdj5al6ioTC8Sk9ejottQBSSJpnQJRIUCAAAECBAh0W0B/UwpIXE9J5AACBAgQIECgmwIPP/J4qrs7r/+7VF2FAAECBAg0Crz7wxfUvuohuyowHtOYtI51hQCBagm0el6olkBnsz1gwakhm7SOPVlpHRUUAgQIECBAgACBQQq0k7geZHzGJkCAAAECBAgQIECAAIGKCsRV1tfduLbl7CWtW7LMtNH5BAiUXCAmrbdmVlrHKXtOjQoKAQIECBAgQIDAoAUkrvt2BQxEgAABAmUTOPu8L4aLLvtGWL/xoa5OLUmSrvans9YCcQVf6z1aCRAgQCAPAvvMXdj03asxriRJggRLlFDyKyCyfgicsPgjqWFm7bpLqq7SLCBp3WyihQABAgQIECBAIF8CEtf5uh6imUrAfgIECORE4JQzPxGuWnVDuOjyb9QecxJWIcIY1C0dR0aGUz7X33Rbqq5CgAABAvkQeMXRi2q3Bm8VTUxYu5VtKxltBEooMMWU7rz7vtQR6360LFVXSQtIWqc91AgQIECAAAECBPIpIHGdz+siKgI9FdA5AQIzE4irrG9Z++OZddJw9mvfsqShZrNXAvevvibV9aAS6KkgVAgQIEAgJRBvDf70b7ek2uqVmLSub3skQICA13Lt/Q7Eo+Jzq9uDRwmFAAECBAgQIEAg7wIS13m/QuIjQCCvAuKqqMAtt/24tsq6Pv0D9t0rfOzMt9erXXnc+6Uv7ko/Opla4PA3v2fqgxxBgAABAn0RiImVVomoIbcG74u/QQgQKKfARM+tPgw0revtYAIECBAgQIAAgT4JSFz3CdowBAgQINBKoFhtt97+03DKGZ9IBb38sgtS9U4qDz78aOq02//pilRdpXsCv/uSF6U6+9VvHkvVVQgQIEBgMAL7zF0YWiWtY2Jl49oVgwnKqAQI5FbgxCXnpGLb7XmzUnWVnQKS1jsd/MyLgDgIECBAgAABAlMLSFxPbeQIAgQIECBQE/j03yytPdZ/LL/8ghBXXNfrA3s0cNsCd17/d03HnnXuRU1tGggQIECgPwLv/vAFISats6MlSRJi0jrbrk6AAIEosOaOu+PDeLn35qvGt23sFJC03ukwnZ8nLP5I7W9S/LsUt6dzrmMJ9E3AQAQIECBAoOQCEtclv8CmR4AAAQLdE9j00K/HO9vrd/YMR809bLxuoz2B7Pd5J0nS3oldPCpJ0mNee/3Ntd79IECAAIH+Crzi6EXhuhvXNg2aJEnYZJV1k4sGAgQItCsgad2uVBhPVMdk9R133Tt+YuP2eKMNAgRKI2AiBAgQIJBfAYnr/F4bkREgQIBAzgRGR7eNRzRr113Gt2e60erWqDPtsyjnDyIxkR2zyv49+D3RJQECBNoSiEmVp3+7penY5z9vlqR1k4oGAgQItC8Qn1+zr2+TxF0sGgWjUUxUx9LYbpsAAQIEpiXgYAIECPREQOK6J6w6JUCAAIEyCjz51ObxaTVujzfamFLggV89MuUxgzhg/wWnDmJYYxKYQEAzgXILxERBNqkSZxxvDX6f2/1GCoUAgUkEDjx6UWrv/CNelapXuRITstnn1yRxF4v4O3HAjtf78e9PLFmjuF8hQIAAAQKDETAqAQJZAYnrrIg6AQIECBCYQGDrtudWXDduT3C45hwLHDv/8FR0javpUztUCBAoroDIcykQEwatAotJ61bt2ggQIJAV2Jy5W8OqKy7MHlLJuqR182W/9fafjt8KfGvD3bOaj9RCgAABAgQIFFpA8KUSkLgu1eU0GQIECBDopcDY9rHx7hu3xxttFEZg2aXnN8V6wIK3NbVpIECAQNUFujX/Vxy9qJY8yPaXJG5fmzVRJ0CAwHQFJK2fE2tMVp/0vnOf2zHB1kFz9g3xw1OxTHCIZgIECBAgQIBAJQTyMkmJ67xcCXEQIECAQO4FGj+l37g9k8DnvvX9qdOHdryBn2ooUeW1b1mSmk2SJKl6vyv7/O6eqSG3jo6m6ioECBAg0B2BA495e2j1fdZJUpnb13YHUi8ECIQTl5yTUkiSwb6eTAUzoIqkdQgLTjqz9uGoeFePdpLVI8PD48nqm5f/zYCunGEJECBAgAABAgRaCRQ8cd1qStoIECBAgEBvBMbGto933Lg93tjBxoYHHk6dtXHtilS9TJUHH340NZ1NA57r7f90RSqeWLHqOiooBAgQ6J5ATFpvfvq3TR3GlW2D/jvQFJSGnAsIj0AIa+64O8VQ9eeRqiatv/3dW8YT1TFZvW7Dg6nfi1aVJNl5h4/49+f+W69pdYg2AgQIECBAgACBHAhIXOfgIgw8BAEQIECAAIE+CIyNPXer9T4M19YQVl23xeQgAgQIdCQQEyoTJa076tBJBAjMXEAPpRGICdvs6+skKeedLGKiOv5NiXOO5f3nfKbt6xgT1bFU/UMObYM5kAABAgQIECAwYAGJ6wFfAMOXR8BMCBAgMF2B7G3Cp3u+42cuYNX1zA31QIAAgVYCMcGQTajE42LyID4qBAgQKLLAoGOPydtsDElSnqR1q0R1q78pWYN6/YhDDhy/FXi9rZ3HkSFvk7bj5BgCBAgQIECAQC8FvCLrpa6+CRCYroDjCVRKIHubcG/mD+byW3U9GHejEiBQXgFJ6/JeWzMjMEiB7Pdb7/a8WYMMZ2BjlyhpnTKMfzvi3GKJK6qnk6geHhoaT1THf1Ndt/Rzqb7breyxx+6pQ9/94QtSdRUCBAgQIECAAIHeC0hc997YCAQIEOizgOH6IZDDu173Y9odj/HatyxJnZskSao+yIpV14PUNzYBAmUTiImHbLIhSXZ+r2jZ5mo+BAj0VyD7/db33nxVfwPIwWgxqZsNI0mKudL6q8u+k/qe6uzfjuw8G+tJsvPvSkxSx7JhzfLG3R1v/93n/mvq3OzvXGpnbioCIUCAAAECBAiUS0DiulzX02wIECBAoFsCLfrZtn1svHX7DDPXVbtN+AO/emTcLm7k7TvmrLqOV0UhQIDAzAQmSlrn7Tl/ZrN0NgECBAYjUIakdWOy+uOfvmxakI23/+7V35UjX3toKqbHHn8yVVcpsYCpESBAgAABArkRkLjOzaUQCAECBAjkX6Ahcb19+4zC3fTgr1Pn77fPS1P1slSKMo+Wq65f97aihC9OAgQIDFwgJlSyq+WSpJirAAeOKQACBJoEsrcJbzqg5A3xOTY7xSQpxnNsp8nqxkR1XFXd6e2/s27Tqc/0w8rTGcuxBMogYA4ECBAgQKAbAhLX3VDUBwECBAhUQmD+EYek5nnxl69O1adTyb4Jcts/fnk6pzu2BwLZDw9s3Trag1E66tJJBAgQyLVAkRMquYYVHAEC4wJr7/zZ+HbciInM+FiFUsTn2E6S1b/z4hd25Xuqq/A7YY4ECJRawOQIECBQeQGJ68r/CgAgQIAAgXYFrv3Kp1KHfvkb307V260sOOnMdg8txXHZ26IPJfn5futG4FYfHjjv4isaD7FdaAHBEyDQC4EiJlR64aBPAgR6K5C9o0NvR8tP70V6ju0kWd24qvrfv/f3+YEXCQECBAgUXED4BAgUWUDiushXT+wECBAgMFCB3zz6REfjr9vwYOq8sq8Y2fDAw6n5bly7IlXPU2W35z8vFc6l/3Btqq5CoPICAAg0CBQpodIQtk0CBAgUQqAIz7EzTVYP4vbfhbj4giRAgAABAnkQEAOBAQlIXA8I3rAECBAgUEyBkZHh8cDjyo+Pnn/JeL2djaqttm7HJE/H3HvTN5rCseq6iUQDAQIzFCjD6UVIqJTBud05nHXuRSGW3/+PS0IsL1vwthCv0URluq9f2o3DcQR6IXDaWZ9MdbvH7rul6mWsxP92s/OKH3bdlIMPgJY9WT1nv71T9J4vUxwqBAgQIECAwDQFHD59AYnr6Zs5gwABAgQqLPD+t/9JavZLV16fqk9Vya62zr4xMtX5RdufvU14EeLP3sr8sqXfKkLYYiRAgEBfBA485u21hGh2sAEkVLIhlLr+7g9fEA5947tq9jGhlS0rr7spxPLgw4+EWJ4ZHZ3U48prvzvpfjsJ5EngxjV3psL5+b9cmaqXrRL/+87OKT7HZtv6Wb/4y1ePP/98/NOXtTV0423Ai7Sy+v/+7x9Oze/a625O1VUIECBAgAABAgR6K9Aicd3bAfVOgAABAgSKLHDeXywJQ0NJagoz+RT+6m+198ZPasACVTY9+OtUtIN+0y0VzASVjZmVLHFl/QSHaiZAgEClBGLSevPTv22acxGe25uCznlDTFTH5FW9XHfj2vDIY519RUmrqT73t63VXm0ECAxKIP43nx17UM+xjcnqC//2ymxYLetFTVY3TubI1x7aWA1Pbt6cqqsQIECAAAECBAj0VkDiule++iVAgACB0gocMHuv1Nx+8KP/lapPVMm+ETU8VP4/w9vHxibiyHV7kqQ/nLDvvJNzHa/gCBAg0GuBg4/9syBp3RvlbJI6vl6IierejLaz18yfuZ2NfnYu4MyeCWRvE96zgQbc8QELTq2taM6G0e+kdVWT1Vn3qerrNz4ULrrsG7Vy9nlfnOpw+wkQIECAAAECBKYhUP53zKeB4dD8CYiIAAECeRTIrpLe8ODDHYW5Yc3yjs5zUu8Fjpl3WGqQoibgU5NQIUCAQIcCMWn95Oanm87ud0KlKYACNsQk9f7zT6klqGKCOpaZJKl3HRkJe790z1pZeMIxIV6TiYpkdQF/YSoWcqvpZm8THn+/Wx1X5LaYtN46uq1pCv2aq2R1E31IkvSHWONz9QEL3hZ+7w/fEV513OIw/8QzwkWX70hc7yhXrbqhlsBu7kULAQIECBAgQIBAJwIS152oOYdAsQRES4BADwQy72XU3oCebJgFJ5052e5S7pv71ven5jWURUvtzVdl2aXnN71hdcDr3pavIEVDgACBPghIWneOHJPUBx6zqPYaISY9YolJ6tHt29eDT6cAABAASURBVKfd6Z4v2qNlUvqXq78Z/u2fr6iVSz/1sSn6bUzENG5PcZrdBAj0TOBlO15fdjlp3VasktWTM+32/Oc1HbB1dDQ88dTm8NgTTzXtO2Df9B25mg7QQIAAAQIECBAg0LaAxHXbVA4kQKDaAmZPIC2wae3KdMOOWnyDesdDy/+v2/Bgqr1fKyhSg/a5suGB9Er0jWtX9DmCmQ2XXXW9devozDp0NgECBAomIGk9vQsWXwfE5HS9xCT15qe3TK+TZ4+OrxMay09v+Nqzezp/aExVF+izZJ1P2JkEci4Qk9bPtHh9Gf/b70XoktXtq95z49dDq+R1toeYsP7YGW8Pi058Y3aXOgECBAgQIECAQIcCEtcdwjmNAAECBDoQKNkp8dacjVOKb1DH2382tsXtKq62jvMueomrrrNzmPO607JN6gQIECilgKT15Jc1Jqlbraae/KzWe1utpm595AxbGzPXM+zK6QT6IZD9futj5x/ej2H7MkY/k9b7P/v92Rf+7ZVtze2IQw4MMXkey3VLP9fWOWU86N6bvhG+9ZVPhf1n/254yYv3CAe/fL9w1NzDauUtxy2oGa1ZdXn42JlvL+P0uzMnvRAgQIAAAQIEOhCQuO4AzSkECBAgQCAKxFtzxsfGEm//GVdavfvDF9Sajz7lA6Hbq61rHef8R/Y24TkPd8Lw5uy3d2rflq1bU3UVAgQIlFFA0rr5qsa/6/Hve73ED6t1spq6VZK6G6upmyNubkmS5zLXSfLcdvORWgjkQyD7/datPlSYj0inF0W/ktaz551c+6qC0Rbfn52NWLI6K7KzfuRrDw1rv/2l8JPvfS3cdM0lYfnlF9TKVz977s4D/CTQBwFDECBAgACBqglIXFftipsvAQIECHRVIK5EaNVhfEP7FUctCves29hqd+nbNj3469QcJ3JKHdTfSlujrf7WZU3HxdssNjVqIECAQEkEJK1DiEnqbq2mjqvx4t/AeulXkrrVr2MSkvHm7du3h7e+95xwypmfCGef98WwfuND4/tsECDQO4F+JK3rH7AZGxubdCKS1ZPy2EmAQLkEzIYAAQIECiQgcV2giyVUAgQIEMinQHwzemSo+U/q01uav9cyHpvPWXQ3qu1TvFHW3dF621t21XW7t1nsbVR56V0cBAiUSaCqSeuYqK4neuJj/PBZJ6upX7TH7rVbx8a/9fUSv/80L78jIyPD46HEP9O33Xl3uGXtj8NVq26olfGdNgjkQCB7m/A9dt8tB1HNLIReJq3Pu/iK2urq+Bw2WZSS1ZPp2EeAAAECkwvYS4AAgf4INL/L3p9xjUKAAAECBEolcP+a5eGEY+dNOqf4JvakB9iZSwGrrnN5WcoVlNkQyIFAlZLWrRLVnVyC7Grqu3+wtJNu+nbOob83Z8Kx8pRgnzBIOyolkL1N+M//5cpCz79XSet6wvrSf7h2Up/475BYrlv6uUmPs5MAAQIECBDosYDuCRCYUkDiekoiBxAgQIAAgfYE/v7zn6ittGp1dHyjqFW7tmIIDA+lXzJ95tKvFyNwURKokICpdi5Q9qR1TFTPed1p46sR44rq6WrlfTV1O/P54LtODq/7g9eEg1++X3jLcQvCx854e6184bwPhUUnvrGdLhxDgEAHAr1IWh/+5veEuLp6soR1kiQh/hsklg7CdgoBAgQIECBAILcCAiu3QPpd2HLP1ewIECBAgEBfBOKbQ7s9b1ZtrCTZ+YZRrVKRHwtOOjM10+Gh4r/c2LBmeWpO8TsDfdd1ikSFAIGCCmSS1uOziH/LxisF3PiDt76/ltSJiZ2YqN6ydeu0ZlG01dTtTO5P/uiosPJLfx1uuuaS8NXPnhs+dubba0XSuh09x/RS4OzzvhguuuwbYf3Gh2rDZG8TXmss6I9uJ633X3Bq7bntV795bEKRJNn5749Na1dMeIwdBAgQIECAAAEClRfILUDx30nOLa3ACBAgQKDKAvfefFVthUMV3zBat+HB1KXPJn1TOwtUSZIkFa1V1ykOFQIECihQpqR1XFUdk9T1svGBh9u+It1fTd320A4kUHmBmLC+atUN4aLLvxFuue3HNY/bf3JP7bH+o6gfpOlm0nr2vJNrCevR0W11lqbHkZHhyv77owlDAwECBAgQIECAQGEFipW4LiyzwAkQIECAAIGiC2Q/hBBXXRd9TuInQKC6AmVIWnd6++9Zu+xSS+7EZFgsef9u6sr+lpp4JQRiwro+0fqK6yee2lxvKuxjN5LWHz3/klqyOn4gZ7LXnb/7khfVntPuX31NYb0EToAAAQIECBAgQKAuIHFdl6jQo6kSIECAAAECnQkkSXrVdUyadNaTswgQIDA4gaImrU9ccs54EicmcqZz++9vfeVTtcROTFSv+9dlg8M3MoE+C+R5uHqiuh7jUfMOq28W+nHO608Lz2wdbZpDfP5pamzRsP+RO28HvnTl9S32Ptd0xCEH1p7X7rz+755rtEWAAAECBAgQIECg4AIS1wW/gMIfmICBCRAgQKCCAsdk3lDdMs3vTK0gmSkTIJAzgSIlrbO3/15zx91ta+7xgt1qCZ2YKIrlyNce2va5DiRAoD8C8RbhjSMdNfewsP/8UxqbwgnHzkvVB1SZ1rBbntnadHx8HmpqzDTED+TEMrpt4tuBx1NiX7Fct/RzsaoQIECAAAECBAgQKJWAxHWpLqfJECiagHgJECibwIKTzkxNaXioXC81ll16fkgSq65TF1mFAIHCCLzyDe8IT25+uinemABpahxQwx+89f3jq6qvu3Ft21HM2iV9+++f//DKts91IAECgxG45X/u/E7rOHp9tfXo9u2xOl7+/vOfGN8uwkZMPGfjnOw5tvF24NnzGutJkox/GKexvVjboiVAgAABAgQIECAwtUC53k2eer6OIECAQPkEzIhAjgTWbXgwFc2GNctT9TJUrLouw1U0BwLVE4hJ68efbP7e2MkSKv1Smj3v5PFk9cYHHm572PlHvGo8keP2322zOZBAbgRuWduQuP6Dw0K8y0JugusgkH3nn9x01kTPsfsdeUrteW+q24G/5MV71J7nNq1d0dS3hooKmDYBAgQIECBAoOQCEtclv8CmR4AAAQLtCTiKQLsCLVddH3Vau6c7jgABAn0XyGPSev6JZ9SSNnF14tjYWFsmuz1vVi2BExNBsay64sK2znMQAQL5E8h+v/WiE98YsndZiP+d5y/yiSPavj39XJYk6bv0xDPPOvei2nPftm3pleVxX2OJc4/lJ9/7WmOzbQIEuiSgGwIECBAgQCC/AhLX+b02IiNAgAABAkUTqEy8TauutzR/l2FlMEyUAIFcC+QpaR1XU8ZEdSzZpNVEiN/6yqfGk9X33nzVRIdpJ0CgYAJXrbphPOID9t0rxDLeUMCN+LyWDTu7Sjoes/K6m7KHjddHhofHn+/GG20QIEAgvwIiI0CAAAECPRGQuO4Jq04JECBAgACBMgv0dtV1meXMjQCBfgrkJWldvxV4djVlK4vG23/H1YZHvvbQVodpI0Cg4AK3/M/nbhO+6E/eWOjbhMfnuOzliM9f9ba4Pyat6/Xs4xGHHFhLWN9/6zXZXeoECBAgUHoBEyRAgACBrIDEdVZEnQABAgQIEOhIYMFJZ6bOGx4q98sMq65Tlzt/FRERqLjAoJPW07kVeFxpGZM8sbj9d8V/cU2/EgLxjgu3rH0ucR0nnf1gS3w+iO15Lycs/kjIft3BrF13qYVdT1hn99d27vhRT1hft/RzO2r+T4AAAQIECHQs4EQCBEolUO53lEt1qUyGAAECBAjkW2DdhgdTAW5YszxVH2QlvkF69nlfDLHE7W7E0mrVdXyDsht964NAXgTEUUyBQSWtp3Mr8CRJaisMY3JqzarLiwktagIEOhL49vduSZ33sTPfnqoXqXLHXfc2hbvlma0hrrCeKGGdJDuf/ySsm+g0ECBAgAABAgMUMDSBvAhIXOflSoiDAAECBAgQ6IlATFSf/d++GOJ3KdZLtwbKrrqOb1B+ddl3utW9fggQKIdAX2cxiKR1/NBOTNJkV0y2mviXL/zLWsJ609oVrXZrI0CgAgLX37h2fJYv2mP3ptuEjxTkrj3xuW98Im1uxA/reP5rE8thBAgQIECAAIHiCYi4CwJDXehDFwQIECBAgACBXArUk9bZ21F2K9hWq67PvdDKwW756ocAgekJ9DNp3emtwP/kj46a3qTGj7ZBgEBZBP79Z/eNT+U1r3xFyH7o5f4c3bVnPNDMxpzXn9Z0i/DMIalqTFjHkmpUIUCAAAECBAgQIECgSWAoNDVpIECAAAECBAhMT+DoUz6QOmFkeDhVH0SlVdL6qHmHhW7fjjK7asaq60FcbWMSINCPpLVbgZfg98wUCORA4KnNv81BFDMLId4OfKoekmTnLcElrKeSsp8AAQIECBAgQIDAcwJWXD9nMaMtJxMgQIAAgSoL3PvLTanp33/rNal6vysTJa2XX3ZBT0LJJuo//unLejKOTgkQINBKoNdJ63g7XLcCbyWvraoC5j0zgdFt28Y7+MW6DePbcWPPF+0RH3JdTlxyzqTxHXHIgb4SYVIhOwkQIECAAAECBAhMLCBxPbGNPf0XMCIBAgQIFFQgrjLOS+i33v7T8Nb3nhMabw8eV1r3Kmkd590qUf/VZd+JuxQCBAj0VKBXSesDj3l7iMnqWKZ6jj9g371qSZq4qtCtwHt6uXVOoPAC8XXas5OoPTz08CO1x/qPn97wtfpmbh/X3HF3y9iSZOcK6+uWfq7lfo0ECBAgQIAAAQIECEwtIHE9tZEjCBRMQLgECBCorsDlV64KJ73v3PDQr597E7TXSeu69u/s+cL6Zu3Rqusagx8ECPRQoNtJ68ZbgW9+evJb+SbJzgRNTFavWXV5D2epawIEyiRw+09+UabpjM8lPhdmvz5mfGdPN3ROgAABAgQIECBAoFwCEtflup5mQ4BAtwT0Q4BA2wJHn/KB1LHZ22andvawEpPWf/XZr6RGiKsAe7nSunGwf//u3zdWa9tZm1qjHwQIEOiCwCHHLw6PP7m5qaeYPGlqnKShMVl93Y1rJzly564vX/iXtdXVEjQ7PfwkQGB6Anfd88sJT9j7pXtOuC9PO+KtwJMkqYWUJDs/xFOr+FFcAZETIECAAAECBAjkRmAoN5EIhAABAgRKJ2BC1RC495ebUhNtddvs1AE9qJxyxidCNmn9oj12D/1eBXjQnH1Ts7tn3cZUXYUAAQLdENh/wanh0cefaupqOknr+q3A20lWH3LQy2rJ6ti/W4E3sWsgQGAaAnf9Yt2ER//bP18x4b487Yi3Ao8f3onPifExT7GJhcAgBYxNgAABAgQIEOiGgMR1NxT1QYAAAQIEeieQ+57HxsYGGuPrF/7ncMttP07FcNTcw8LdP1iaautH5eblf9M0zJyjTmtq00CAAIFOBWbPOzmMjm5rOj0mUJoaMw1HnPDesM8UGopoAAAQAElEQVTchbUynVuB/+DqL2Z6UiVAgEBnAr/69aOdnegsAgQIVEPALAkQIECAQOUFJK4r/ysAgAABAgQIFFfgVcctDvetT6/4/u8ffV9YfvkFmUn1r5pddb1ly9b+DW4kAgRKLRCT1q0+LDRZ0rrxVuAPtZEwin3FYhVhqX+VTI7AwAQeefyJlmPvOjLSsl0jAQIECBCYvoAzCBAgQKDIAhLXRb56YidAgAABAgMWyH6Hc7++3/rb370lvOx1bwuPPfHcrXLj2DFpfcY7ThyoSqtV1zHZNNCgujW4fggQGJhAfB6ZTtL6kOPfWVtZPd1bgQ9sggYmQKDSAr9c/c1Kz9/kCRAgQIBA7gQERIAAgQEJSFwPCN6wBAgQIECgDAKD+H7rmLR+/zmfCc9sHR0njEnrv/rwe8Ogk9b1gI6df3h9s/YYk00x7lrFj8oLACAwXYFWSeskSUJcGZ3tK36gKN4O/NHHn8zuStV3GRmpnR/7cCvwFI0KAQIECBAgQIAAAQIEuiKgEwIEpi8gcT19M2cQIECAAAECzwrEhOyzm315OPfCy0NMWjcONmvWruH+W6/JTdI6xrbs0vNDkiRxc7xk4x7fYYMAgU4EKnNOTEJnn2uTJAnZW3nXbwl+z7qNk9rERHUs661unNTJTgIEeiMwtn2sNx3rlQABAgQIECBAoKwC5lUxAYnril1w0yVAgAABAkUViEnrK67+/1Lhx5XW6265OtWWl0o2qRTjesVRi+KDQoAAgbYEYtI6e2CSNCet43GT3RL80x8/c3x1dbo/NQIECPRXYOvotqYB44dpmho1ECBAgAABAgQIECDQRYHidCVxXZxrJVICBAgQIFBZgfl/ckbIJq0PmL1XbaV1nlEOOehlqfCe3rIluGV4ikSFAIEJBGIyOrsrSdJJ63hMLNnj6vWYDIrlvaf9cb3JYy8E9EmAQNsCY2Pb2z7WgQQIECBAgAABAgQIVE8g14nr6l0OMyZAgAABAgSyAvsfeWpYv+mhVPOS0/9TWPPty1Nteaz84OovumV4Hi+MmAjkXKBVMjpJnktax+fFVsfUp3XQnH1rK6zrdY8EiiAgRgIECBAgQIAAAQIECBAgIHFd/t8BMyRAgAABAn0RSJKk6+PE5MzotvQtJWPS+lPnnNH1sXrV4THzDmvq+rjTP9TUpoEAAQL176nOSiTJzqT1/gtODTFhnX1erB8fvz4hrrC+efnf1Js8EiBQLYHcz3bbtvSK64UnHJP7mAVIgAABAgQIECBAgED/BCSu+2dtpEILCJ4AAQIEphKICZOpjml3/1eXfSfsO+/kMNqQtI5p8aIlreN8l116fsjeMvyue34ZdykECBAYFzjk+MXhuhvXjtfrGyccOy+MjY3tTFi3+G7YeFx8/o0J6/tvvSZWFQIECORWYPuO57PG4C791McaqznZFgYBAgQIECBAgAABAoMSkLgelLxxCVRRwJwJECiVQK9WDS/56KfCxz99WWh8YzMmrTfdtjIUaaV148WOtwxvrMft2TsS8/FRIUCAQFxF/ejjT7WEaJXMbjxQwrpRwzYBAgQI5EZAIAQIECBAgAABAgQ6EJC47gDNKQQIEBikgLEJ5FXgoDn7zji0mLT+zg9Wp/oZGhoKMWmdaixg5dj5h6eijisov/3dW1JtKgQIVE8gJq07mXVMWMfSybnOIUCAAAECBIohIEoCBAgQIECAQNUEJK6rdsXNlwABAgSigNIFgXvWbUz10mpVceqAKSqvfMPikE1aJ0kSNq5ZHsrwv3jL8CSJa8efm837z/nMcxVbBAhUTmC6SeskSUJMVsdSOSwTJkCAAAECBAh0JuAsAgQIECBAoEACEtcFulhCJUCAAAECeRIY3bata+EcsODU8PiT6dvkvvAFu4dNa1d0bYw8dNRqPq84alEeQhMDAQI5Fpiz3961hHWr55Achy00AgQINAkMDz/3NlTjdtOBGggQIEAgZwLCIUCAAAEC/RF47l8M/RnPKAQIECBAgEBJBOKtrrsxlfhdz1tH00nwPz5uQfjZD5d2o/vc9XHIQS9LxfT0li3BLcNTJCoECDwrEFdWx7L6W5c92+KBAAECxRbYcOvycOjBc0L8gGLcLvZsRE+AAAECBKYp4HACBAgQmFJA4npKIgcQIECAAAECvRC4+MtXh9lzF4ZsAjwmra/47Lm9GDIXfcZbqieJW4Z3+2Loj0ARBU44dl5IkueeD2btskttZXVMVsdSxDmJmQABAlMJfP+qL5T2A4pTzd1+AgQIECBAYOYCeiBAoNwCEtflvr5mR4AAAQIEcinwp+87N1z4t1eGsUx0ZU9a16d7zLzD6pvjj8ed/qHxbRsEBiRg2D4L/P3nP1H7SoSYpI5l3b8u63MEhiNAgAABAgQIECBAgACBCgqYMoHcCkhc5/bSCIwAAQIECJRTYM7rTwurb/9panJJktRWGZZ5pXXjhJdden7I3jL8rnt+2XiIbQIECisgcAIECBAgQIAAAQIECBAgQKD8AmbYCwGJ616o6pMAAQIECBBoKbDP3IVhyzNbm/ZtWruiqa3sDfGW4dk5Rp9smzoBAgQqKWDSBAgQIECAAAECBAgQIECAQPkFMjOUuM6AqBIgQIAAAQJTC5yw+COpg2btukuqnq1c/OWrQ6uk7ILXHlpbaZ09vir1Y+cf3jTVrG3TARoIECBAgECbAg4jQIAAAQIECBAgQIAAAQJFEpC47uxqOYsAAQIECFRa4M6770vNf92PJv9e1gv/9srU8bESk9bXfuVTcbOyJd4yPJv0v+OueyvrYeIECBAgQCCHAkIiQIAAAQIECBAgQIAAgT4JSFz3CdowrQS0ESBAgEBRBcbGxtoOvdVK6wduWxmqnrSuA7ZK+rcyqx/vkQABAgQIECBQPAEREyBAgAABAgQIECBAYGoBieupjRxBIN8CoiNAgECOBWbPW9gUXUxaNzVWvMEtwyv+C2D6BAgQIECAAIF2BBxDgAABAgQIECBAoOQCEtclv8CmR4BAewKOIkCg+wKvfMPikF2YLWnd2tktw1u7aCVAgAABAgQIECDQbQH9ESBAgAABAgQI5FdA4jq/10ZkBAgQKJqAeCsicMLij6RmOmvXXVL1WDl+0dnh8Sefipvj5dCD54xv22gWcMvwZhMtBAgQIECAAAECBAjkUkBQBAgQIECAAIGeCEhc94RVpwQIECBAoFOB/J93973rU0FmE67nXXxF+Okv1qWOiUnr71/1hVSbSrOAW4Y3m2ghQIAAAQIECBAgQIBAOQXMigABAgQIEMgKSFxnRdQJECBAgACBSQW2PLN1wv0xaX3pP1yb2j+QpHUqguJU3DK8ONdKpAQIECBAgAABAgQIECCQAwEhECBAgECpBCSuS3U5TYYAAQIECAxWIJu0Hh4eClZaT++aZFewx7P3mbswPvS9GJAAAQIECBAgQIAAAQIECBAov4AZEiBAIC8CEtd5uRLiIECAAAECBRdolVzdcOvygs9qMOG7Zfhg3Hs0qm4JECBAgAABAgQIECBAgACB8guYIQECXRCQuO4Coi4IECBAgEDVBWbPO7mJ4IHbVja1aWhPwC3D23NyVJUEzJUAAQIECBAgQIAAAQIECBAov4AZVl1A4rrqvwHmT4AAAQIEZiCQJElYcNKZYWxsLNWLpHWKo6OKW4Z3xOYkAgQmE7CPAAECBAgQIECAAAECBAgQKL9AgWcocV3giyd0AgQIECDQb4ETl5yTGjJJkrBuw4Optjn77Z2qq3Qu4Jbhnds5kwABAr0S0C8BAgQIECBAgAABAgQIECDQG4E8Ja57M0O9EiBAgAABAl0T+Pef/e9UX9u3b0/VY9J69bcuS7WpdC4w0S3D1298qPNOnUmAAAECBAYvIAICBAgQIECAAAECBAgQINAkIHHdRFL0BvETIECAAIHeCTy95ZkJO0+SJEhaT8jT8Y5Wtwyff+IZQfK6Y1InEiBAgACBkgiYBgECBAgQIECAAAECBMolIHFdrutpNt0S0A8BAgQItBQYGxtr2R4bN61dER+UHgi0umW45HUPoHVJgAABAgQIVE/AjAkQIECAAAECBAgQyI2AxHVuLoVACJRPwIwIEKiOwAO3razOZAcw03jL8ImS1wMIx5AECBAgQIAAAQIEUgIqBAgQIECAAAECBLohIHHdDUV9ECBAoHcCeiaQe4GFJxyT+xjLEGBMXs8/4lVNU9ln7sKmNg0ECBAgQIAAAQIECBROQMAECBAgQIAAgcoLSFxX/lcAAAECBKogYI69Etj7pXuGSz/1sV51r9+MwKorLgyS1xkUVQIECBAgQIAAAQIECIwL2CBAgAABAgSKLCBxXeSrJ3YCBAgQINBPgRZj/ds/X9GiVVMvBSSve6mrbwIECBAgQIAAAQIECBAICAgQIECAwIAEJK4HBG9YAgQIECBQRIH4XdZ7vmiP8MIX7BbidhHnMOiYuzF+TF4f/qoDm7o66Ni3N7V1o+Giy74Rzj7vi93oSh8ECBAgQIAAAQIECBAgQKASAiZJgAABAtMXkLievpkzCBAgQIBApQV+esPXws9+eGWlDfIw+euv/FxIkiQVylObfxu6nbyOCeuLLv9GuGrVDSEmsFMDDq5iZAIECBAgQIAAAQIECBAgQKD8AmZIgEDFBCSuK3bBTZcAAQIECBAoj8CmtStaJq9PXHJO1yZ5y20/7lpfOsqbgHgIECBAgAABAgQIECBAgACB8guYIYHiCEhcF+daiZQAAQIECBAg0CQQk9fZxjV33B26kbyOq6zXb3xovPtFJ75xfNsGAQLPCnggQIAAAQIECBAgQIAAAQIEyi9ghn0RkLjuC7NBCBAgQIAAAQK9E3jgtpVNncfkdVPjNBs+/5VlqTMO2HevVF2FAAEC3RLQDwECBAgQIECAAAECBAgQIFB+galmKHE9lZD9BAgQIECAAIECCLRKXu8zd+GMIm9cbf2KA2bPqC8nEyBAgEDPBQxAgAABAgQIECBAgAABAgQKLSBx3dblcxABAgQIECBAIP8Cx84/vCnImSSvR7dtG+/v9XMPG9+2QYAAAQIEyitgZgQIECBAgAABAgQIECAwKAGJ60HJV3FccyZAgAABAgR6KrDs0vNDt5LXHzn/klSsn/vkB1N1FQIECBAgQIDAhAJ2ECBAgAABAgQIECBAoAMBiesO0JxCYJACxiZAgAABApMJdCt5ffWqG8aH2fOFLxjftkGAAAECBAgQINAfAaMQIECAAAECBAgQqJqAxHXVrrj5EiAQBRQCBAiUWmCmyev/8lefD423CS81lskRIECAAAECBAiUWcDcCBAgQIAAAQIECiQgcV2giyVUAgQI5EtANAQI5FlgouT1vvNOnjTsV75hcVj2jz9IHfM//q8PpOoqBAgQIECAAAECBAhUScBcCRAgQIAAAQL9EZC47o+zUQgQIECAQGsBrQR6KBCT13vsvltqhO1jY+H3zyQs1QAAAZFJREFU/vAdqbZ6ZfaOpPbjTz5Vr9YeX/LiPcKf/NFRtW0/CBAgQIAAAQIECBAgQKBDAacRIECAAAECUwpIXE9J5AACBAgQIEAg7wLim1jg5/9yZRhKktQBTzy1OZx21idTbfvMXRjGdiS1Gxtf+ILdw0++97XGJtsECBAgQIAAAQIECBAgQGBgAgYmQIAAgXILSFyX+/qaHQECBAgQIEAgbFy7oknhxjV3hpisrpcQQuqYPz5uQfjZD5em2lQIECBAgAABAgQIECBAgACBwguYAAECBHIrIHGd20sjMAIECBAgQIBA9wQeuG1l252d85/fEa747LltH+/ARgHbBAgQIECAAAECBAgQIECAQPkFzJAAgV4ISFz3QlWfBAgQIECAAIEcCrSTvB4ZGQ5/8f7Tcxi9kColYLIECBAgQIAAAQIECBAgQIBA+QXMkEBGQOI6A6JKgAABAgQIECizQExeZ7/zOn4F9tBQEmLS+v7V15R5+uZGoFICJkuAAAECBAgQIECAAAECBAiUX6BMM/z/AQAA//9It6jcAAAABklEQVQDAEXdN4d8ItO1AAAAAElFTkSuQmCC','2026-03-19 19:19:16','2026-03-19 19:19:16','2026-03-19 19:19:16');
/*!40000 ALTER TABLE `tour_contract_signature` ENABLE KEYS */;
UNLOCK TABLES;
DROP TABLE IF EXISTS `tour_departure_date`;
/*!40101 SET @saved_cs_client     = @@character_set_client */;
/*!50503 SET character_set_client = utf8mb4 */;
CREATE TABLE `tour_departure_date` (
  `id` bigint NOT NULL AUTO_INCREMENT,
  `route_id` bigint NOT NULL,
  `depart_date` date NOT NULL,
  `remain_count` int NOT NULL DEFAULT '0',
  `sale_price` decimal(10,2) NOT NULL DEFAULT '0.00',
  `status` tinyint NOT NULL DEFAULT '1',
  `audit_status` tinyint NOT NULL DEFAULT '1' COMMENT '0待审核 1通过 2驳回',
  `audit_remark` varchar(255) DEFAULT NULL,
  `create_time` datetime NOT NULL DEFAULT CURRENT_TIMESTAMP,
  `update_time` datetime NOT NULL DEFAULT CURRENT_TIMESTAMP ON UPDATE CURRENT_TIMESTAMP,
  PRIMARY KEY (`id`)
) ENGINE=InnoDB AUTO_INCREMENT=7 DEFAULT CHARSET=utf8mb4 COLLATE=utf8mb4_0900_ai_ci;
/*!40101 SET character_set_client = @saved_cs_client */;

LOCK TABLES `tour_departure_date` WRITE;
/*!40000 ALTER TABLE `tour_departure_date` DISABLE KEYS */;
INSERT INTO `tour_departure_date` VALUES (1,1,'2026-03-28',30,699.00,1,1,NULL,'2026-03-25 10:15:52','2026-03-25 10:15:52'),(2,1,'2026-04-01',25,699.00,1,1,NULL,'2026-03-25 10:15:52','2026-03-25 10:15:52'),(3,2,'2026-03-27',50,299.00,1,1,NULL,'2026-03-25 10:15:52','2026-03-25 10:15:52'),(6,3,'2026-03-30',20,499.00,1,1,'恢复旧订单关联时补齐','2026-03-25 10:19:00','2026-03-25 10:19:00');
/*!40000 ALTER TABLE `tour_departure_date` ENABLE KEYS */;
UNLOCK TABLES;
DROP TABLE IF EXISTS `tour_order`;
/*!40101 SET @saved_cs_client     = @@character_set_client */;
/*!50503 SET character_set_client = utf8mb4 */;
CREATE TABLE `tour_order` (
  `id` bigint NOT NULL AUTO_INCREMENT,
  `order_no` varchar(64) NOT NULL,
  `user_id` bigint NOT NULL,
  `merchant_id` bigint NOT NULL,
  `route_id` bigint NOT NULL,
  `depart_date_id` bigint NOT NULL,
  `total_amount` decimal(10,2) NOT NULL DEFAULT '0.00',
  `pay_amount` decimal(10,2) NOT NULL DEFAULT '0.00',
  `traveler_count` int NOT NULL DEFAULT '1',
  `order_status` varchar(32) NOT NULL DEFAULT 'PENDING_PAY',
  `pay_status` varchar(32) NOT NULL DEFAULT 'UNPAID',
  `contract_status` varchar(32) NOT NULL DEFAULT 'NOT_GENERATED',
  `source` varchar(32) DEFAULT 'WEB',
  `deleted` tinyint NOT NULL DEFAULT '0',
  `create_time` datetime NOT NULL DEFAULT CURRENT_TIMESTAMP,
  `update_time` datetime NOT NULL DEFAULT CURRENT_TIMESTAMP ON UPDATE CURRENT_TIMESTAMP,
  PRIMARY KEY (`id`),
  UNIQUE KEY `order_no` (`order_no`)
) ENGINE=InnoDB AUTO_INCREMENT=16 DEFAULT CHARSET=utf8mb4 COLLATE=utf8mb4_0900_ai_ci;
/*!40101 SET character_set_client = @saved_cs_client */;

LOCK TABLES `tour_order` WRITE;
/*!40000 ALTER TABLE `tour_order` DISABLE KEYS */;
INSERT INTO `tour_order` VALUES (1,'ORD202603142012119456',2,1,1,1,4194.00,4194.00,6,'PENDING_TRAVEL','PAID','GENERATED','WEB',0,'2026-03-14 20:12:11','2026-03-14 20:12:11'),(2,'ORD202603142312328633',2,1,2,3,299.00,299.00,1,'PENDING_TRAVEL','PAID','GENERATED','WEB',0,'2026-03-14 23:12:32','2026-03-14 23:12:32'),(3,'ORD202603152001142497',7,1,2,3,598.00,598.00,2,'REFUNDED','REFUNDED','GENERATED','WEB',0,'2026-03-15 20:01:14','2026-03-15 20:01:14'),(4,'ORD202603152216494721',7,1,2,3,598.00,598.00,2,'REFUNDED','REFUNDED','GENERATED','WEB',0,'2026-03-15 22:16:49','2026-03-15 22:16:49'),(5,'ORD202603161902054858',1,1,2,3,299.00,299.00,1,'COMPLETED','PAID','GENERATED','WEB',0,'2026-03-16 19:02:05','2026-03-16 19:02:05'),(6,'ORD202603162035294273',1,1,2,3,299.00,299.00,1,'PENDING_TRAVEL','PAID','GENERATED','WEB',0,'2026-03-16 20:35:29','2026-03-16 20:35:29'),(7,'ORD202603162116286804',1,1,2,3,299.00,299.00,1,'PENDING_TRAVEL','PAID','GENERATED','WEB',0,'2026-03-16 21:16:28','2026-03-16 21:16:28'),(8,'ORD202603171059162281',8,1,2,3,299.00,299.00,1,'PENDING_TRAVEL','PAID','GENERATED','WEB',0,'2026-03-17 10:59:16','2026-03-17 10:59:16'),(9,'ORD202603172301103571',1,1,1,1,699.00,699.00,1,'PENDING_TRAVEL','PAID','GENERATED','WEB',0,'2026-03-17 23:01:10','2026-03-17 23:01:10'),(10,'ORD202603182129308846',2,1,2,3,897.00,897.00,3,'PENDING_TRAVEL','PAID','GENERATED','WEB',0,'2026-03-18 21:29:30','2026-03-18 21:29:30'),(12,'ORD202603182304016519',6,2,3,6,499.00,499.00,1,'COMPLETED','PAID','SIGNED','WEB',0,'2026-03-18 23:04:01','2026-03-18 23:04:01'),(13,'ORD202603191805542580',1,2,3,6,499.00,499.00,1,'COMPLETED','PAID','SIGNED','WEB',0,'2026-03-19 18:05:54','2026-03-19 18:05:54'),(14,'ORD202603191844211675',1,2,3,6,499.00,499.00,1,'COMPLETED','PAID','SIGNED','WEB',0,'2026-03-19 18:44:21','2026-03-19 18:44:21'),(15,'ORD202603191919037571',7,1,2,3,1196.00,1196.00,4,'COMPLETED','PAID','SIGNED','WEB',0,'2026-03-19 19:19:03','2026-03-19 19:19:03');
/*!40000 ALTER TABLE `tour_order` ENABLE KEYS */;
UNLOCK TABLES;
DROP TABLE IF EXISTS `tour_order_traveler`;
/*!40101 SET @saved_cs_client     = @@character_set_client */;
/*!50503 SET character_set_client = utf8mb4 */;
CREATE TABLE `tour_order_traveler` (
  `id` bigint NOT NULL AUTO_INCREMENT,
  `order_id` bigint NOT NULL,
  `traveler_name` varchar(64) NOT NULL,
  `id_card` varchar(32) NOT NULL,
  `phone` varchar(32) DEFAULT NULL,
  `create_time` datetime NOT NULL DEFAULT CURRENT_TIMESTAMP,
  PRIMARY KEY (`id`)
) ENGINE=InnoDB AUTO_INCREMENT=21 DEFAULT CHARSET=utf8mb4 COLLATE=utf8mb4_0900_ai_ci;
/*!40101 SET character_set_client = @saved_cs_client */;

LOCK TABLES `tour_order_traveler` WRITE;
/*!40000 ALTER TABLE `tour_order_traveler` DISABLE KEYS */;
INSERT INTO `tour_order_traveler` VALUES (1,2,'史迎春','411121200401237019','18539523855','2026-03-14 23:12:32'),(2,3,'张云松','412356789456988233','16853359957','2026-03-15 20:01:14'),(3,3,'史迎春','411121200401237019','18539523855','2026-03-15 20:01:14'),(4,4,'付润泽','425873995112555225','19335565499','2026-03-15 22:16:49'),(5,4,'桂霖','42158778778899999X','12357892456','2026-03-15 22:16:49'),(6,5,'张三','412675699946849384','12358418496','2026-03-16 19:02:05'),(7,6,'张三','412675699946849384','12358418496','2026-03-16 20:35:29'),(8,8,'汪峰','324855559963564564','17586345995','2026-03-17 10:59:16'),(9,9,'张三','412675699946849384','12358418496','2026-03-17 23:01:10'),(10,10,'史迎春','411121200401237019','18539523855','2026-03-18 21:29:30'),(11,10,'付润泽','412345678907894512','18547253998','2026-03-18 21:29:30'),(12,10,'张云松','412345678912345678','18539523955','2026-03-18 21:29:30'),(14,12,'桂霖','421552213478524895','18369742554','2026-03-18 23:04:01'),(15,13,'张三','412675699946849384','12358418496','2026-03-19 18:05:54'),(16,14,'?????','110101199003070011','13800009999','2026-03-19 18:44:21'),(17,15,'史迎春','411121200401237019','18539523855','2026-03-19 19:19:03'),(18,15,'付润泽','425873995112555225','19335565499','2026-03-19 19:19:03'),(19,15,'桂霖','42158778778899999X','12357892456','2026-03-19 19:19:03'),(20,15,'张云松','412356789456988233','16853359957','2026-03-19 19:19:03');
/*!40000 ALTER TABLE `tour_order_traveler` ENABLE KEYS */;
UNLOCK TABLES;
DROP TABLE IF EXISTS `tour_review`;
/*!40101 SET @saved_cs_client     = @@character_set_client */;
/*!50503 SET character_set_client = utf8mb4 */;
CREATE TABLE `tour_review` (
  `id` bigint NOT NULL AUTO_INCREMENT,
  `route_id` bigint NOT NULL,
  `order_id` bigint NOT NULL,
  `user_id` bigint NOT NULL,
  `score` int NOT NULL DEFAULT '5',
  `content` varchar(255) DEFAULT NULL,
  `status` tinyint NOT NULL DEFAULT '1',
  `create_time` datetime NOT NULL DEFAULT CURRENT_TIMESTAMP,
  `update_time` datetime NOT NULL DEFAULT CURRENT_TIMESTAMP ON UPDATE CURRENT_TIMESTAMP,
  PRIMARY KEY (`id`)
) ENGINE=InnoDB AUTO_INCREMENT=2 DEFAULT CHARSET=utf8mb4 COLLATE=utf8mb4_0900_ai_ci;
/*!40101 SET character_set_client = @saved_cs_client */;

LOCK TABLES `tour_review` WRITE;
/*!40000 ALTER TABLE `tour_review` DISABLE KEYS */;
INSERT INTO `tour_review` VALUES (1,2,5,1,4,'还好',1,'2026-03-16 19:03:13','2026-03-16 19:03:13');
/*!40000 ALTER TABLE `tour_review` ENABLE KEYS */;
UNLOCK TABLES;
DROP TABLE IF EXISTS `tour_route`;
/*!40101 SET @saved_cs_client     = @@character_set_client */;
/*!50503 SET character_set_client = utf8mb4 */;
CREATE TABLE `tour_route` (
  `id` bigint NOT NULL AUTO_INCREMENT,
  `merchant_id` bigint NOT NULL,
  `category_id` bigint NOT NULL,
  `route_name` varchar(100) NOT NULL,
  `cover_image` varchar(255) DEFAULT NULL,
  `summary` varchar(255) DEFAULT NULL,
  `detail_content` text,
  `price` decimal(10,2) NOT NULL DEFAULT '0.00',
  `stock` int NOT NULL DEFAULT '0',
  `score` decimal(3,1) NOT NULL DEFAULT '5.0',
  `audit_status` tinyint NOT NULL DEFAULT '1' COMMENT '0待审 1通过 2拒绝',
  `audit_remark` varchar(255) DEFAULT NULL,
  `publish_status` tinyint NOT NULL DEFAULT '1' COMMENT '0下架 1上架',
  `status` tinyint NOT NULL DEFAULT '1',
  `deleted` tinyint NOT NULL DEFAULT '0',
  `create_time` datetime NOT NULL DEFAULT CURRENT_TIMESTAMP,
  `update_time` datetime NOT NULL DEFAULT CURRENT_TIMESTAMP ON UPDATE CURRENT_TIMESTAMP,
  PRIMARY KEY (`id`)
) ENGINE=InnoDB AUTO_INCREMENT=4 DEFAULT CHARSET=utf8mb4 COLLATE=utf8mb4_0900_ai_ci;
/*!40101 SET character_set_client = @saved_cs_client */;

LOCK TABLES `tour_route` WRITE;
/*!40000 ALTER TABLE `tour_route` DISABLE KEYS */;
INSERT INTO `tour_route` VALUES (1,1,1,'郑州-洛阳两日文化游','http://127.0.0.1:8080/uploads/20260317-86f95f2511714361a343103682858bf5.png','二七纪念塔+河南省博物院+龙门石窟+白马寺','含住宿与门票，适合家庭及学生群体\n\n[[YUTU_ROUTE_META]]\n{\"relatedImages\":[\"http://127.0.0.1:8080/uploads/20260317-450ef3c104fe44bea0570c7f5c216ef8.jpeg\",\"http://127.0.0.1:8080/uploads/20260317-00ddd80959b3439a8e57e35172e4509a.jpeg\",\"http://127.0.0.1:8080/uploads/20260317-5e109ca75f1946ec868453d5ba1c630c.jpeg\",\"http://127.0.0.1:8080/uploads/20260317-286fbe3367f94923853f048e95bfbe88.jpeg\"]}',699.00,100,4.9,1,NULL,1,1,0,'2026-03-14 13:18:27','2026-03-17 16:29:57'),(2,1,1,'嵩山少林一日游','http://127.0.0.1:8080/uploads/20260317-4dff972b2e804483bd39b2e8b606b545.jpeg','少林寺+塔林+武术表演','含往返交通与导游服务\n\n[[YUTU_ROUTE_META]]\n{\"relatedImages\":[\"http://127.0.0.1:8080/uploads/20260317-0bb81d14876541b697b1df492f48197f.jpeg\",\"http://127.0.0.1:8080/uploads/20260317-e0e554a2077242678094f4aa1e0c933c.jpeg\",\"http://127.0.0.1:8080/uploads/20260317-dcab1984ecd24eeb8fb50c7d232ca8e9.jpeg\"]}',299.00,120,4.0,1,NULL,1,1,0,'2026-03-14 13:18:27','2026-03-17 10:57:13'),(3,2,1,'只有河南戏剧幻城一日游','http://127.0.0.1:8080/uploads/20260317-5374014be4564c45aa9f2375cc608288.jpg','中牟县只有河南戏剧幻城','上午九点郑州火车站出发，前往中牟县只有河南戏剧幻城，下午五点返回郑州。\n\n[[YUTU_ROUTE_META]]\n{\"relatedImages\":[\"http://127.0.0.1:8080/uploads/20260317-3abc529e77be4eefa4659578a020bc24.jpeg\",\"http://127.0.0.1:8080/uploads/20260317-32a1d846e7cc4958afac8f9e51a095c8.jpg\",\"http://127.0.0.1:8080/uploads/20260317-6745eb5e4c654c129ccbc4294e7d5f5b.jpeg\"]}',499.00,50,5.0,1,NULL,1,1,0,'2026-03-17 16:49:28','2026-03-18 17:09:05');
/*!40000 ALTER TABLE `tour_route` ENABLE KEYS */;
UNLOCK TABLES;
DROP TABLE IF EXISTS `tour_route_schedule`;
/*!40101 SET @saved_cs_client     = @@character_set_client */;
/*!50503 SET character_set_client = utf8mb4 */;
CREATE TABLE `tour_route_schedule` (
  `id` bigint NOT NULL AUTO_INCREMENT,
  `route_id` bigint NOT NULL,
  `day_no` int NOT NULL,
  `title` varchar(100) DEFAULT NULL,
  `content` text,
  `create_time` datetime NOT NULL DEFAULT CURRENT_TIMESTAMP,
  `update_time` datetime NOT NULL DEFAULT CURRENT_TIMESTAMP ON UPDATE CURRENT_TIMESTAMP,
  PRIMARY KEY (`id`)
) ENGINE=InnoDB AUTO_INCREMENT=4 DEFAULT CHARSET=utf8mb4 COLLATE=utf8mb4_0900_ai_ci;
/*!40101 SET character_set_client = @saved_cs_client */;

LOCK TABLES `tour_route_schedule` WRITE;
/*!40000 ALTER TABLE `tour_route_schedule` DISABLE KEYS */;
INSERT INTO `tour_route_schedule` VALUES (1,1,1,'郑州出发-洛阳古城','上午集合出发，下午游览白马寺与古城夜景','2026-03-25 10:15:52','2026-03-25 10:15:52'),(2,1,2,'龙门石窟返程','上午游览龙门石窟，下午返程','2026-03-25 10:15:52','2026-03-25 10:15:52'),(3,2,1,'登嵩山访少林','全天游览少林寺与塔林','2026-03-25 10:15:52','2026-03-25 10:15:52');
/*!40000 ALTER TABLE `tour_route_schedule` ENABLE KEYS */;
UNLOCK TABLES;
DROP TABLE IF EXISTS `tour_route_tag`;
/*!40101 SET @saved_cs_client     = @@character_set_client */;
/*!50503 SET character_set_client = utf8mb4 */;
CREATE TABLE `tour_route_tag` (
  `id` bigint NOT NULL AUTO_INCREMENT,
  `route_id` bigint NOT NULL,
  `tag_id` bigint NOT NULL,
  PRIMARY KEY (`id`)
) ENGINE=InnoDB AUTO_INCREMENT=6 DEFAULT CHARSET=utf8mb4 COLLATE=utf8mb4_0900_ai_ci;
/*!40101 SET character_set_client = @saved_cs_client */;

LOCK TABLES `tour_route_tag` WRITE;
/*!40000 ALTER TABLE `tour_route_tag` DISABLE KEYS */;
INSERT INTO `tour_route_tag` VALUES (1,1,1),(2,1,2),(3,1,4),(4,2,3),(5,2,4);
/*!40000 ALTER TABLE `tour_route_tag` ENABLE KEYS */;
UNLOCK TABLES;
DROP TABLE IF EXISTS `tour_tag`;
/*!40101 SET @saved_cs_client     = @@character_set_client */;
/*!50503 SET character_set_client = utf8mb4 */;
CREATE TABLE `tour_tag` (
  `id` bigint NOT NULL AUTO_INCREMENT,
  `tag_name` varchar(64) NOT NULL,
  `tag_type` varchar(32) DEFAULT NULL,
  `status` tinyint NOT NULL DEFAULT '1',
  `deleted` tinyint NOT NULL DEFAULT '0',
  `create_time` datetime NOT NULL DEFAULT CURRENT_TIMESTAMP,
  `update_time` datetime NOT NULL DEFAULT CURRENT_TIMESTAMP ON UPDATE CURRENT_TIMESTAMP,
  PRIMARY KEY (`id`)
) ENGINE=InnoDB AUTO_INCREMENT=5 DEFAULT CHARSET=utf8mb4 COLLATE=utf8mb4_0900_ai_ci;
/*!40101 SET character_set_client = @saved_cs_client */;

LOCK TABLES `tour_tag` WRITE;
/*!40000 ALTER TABLE `tour_tag` DISABLE KEYS */;
INSERT INTO `tour_tag` VALUES (1,'家庭亲子','STYLE',1,0,'2026-03-14 13:18:27','2026-03-14 13:18:27'),(2,'文化古都','THEME',1,0,'2026-03-14 13:18:27','2026-03-14 13:18:27'),(3,'自然风光','THEME',1,0,'2026-03-14 13:18:27','2026-03-14 13:18:27'),(4,'周末可出发','TIME',1,0,'2026-03-14 13:18:27','2026-03-14 13:18:27');
/*!40000 ALTER TABLE `tour_tag` ENABLE KEYS */;
UNLOCK TABLES;
DROP TABLE IF EXISTS `user_favorite`;
/*!40101 SET @saved_cs_client     = @@character_set_client */;
/*!50503 SET character_set_client = utf8mb4 */;
CREATE TABLE `user_favorite` (
  `id` bigint NOT NULL AUTO_INCREMENT,
  `user_id` bigint NOT NULL,
  `target_id` bigint NOT NULL,
  `target_type` varchar(32) NOT NULL DEFAULT 'ROUTE',
  `create_time` datetime NOT NULL DEFAULT CURRENT_TIMESTAMP,
  PRIMARY KEY (`id`)
) ENGINE=InnoDB AUTO_INCREMENT=4 DEFAULT CHARSET=utf8mb4 COLLATE=utf8mb4_0900_ai_ci;
/*!40101 SET character_set_client = @saved_cs_client */;

LOCK TABLES `user_favorite` WRITE;
/*!40000 ALTER TABLE `user_favorite` DISABLE KEYS */;
INSERT INTO `user_favorite` VALUES (1,1,1,'ROUTE','2026-03-14 20:48:51'),(2,7,1,'ROUTE','2026-03-17 16:17:31'),(3,6,1,'ROUTE','2026-03-19 17:41:10');
/*!40000 ALTER TABLE `user_favorite` ENABLE KEYS */;
UNLOCK TABLES;
DROP TABLE IF EXISTS `user_traveler`;
/*!40101 SET @saved_cs_client     = @@character_set_client */;
/*!50503 SET character_set_client = utf8mb4 */;
CREATE TABLE `user_traveler` (
  `id` bigint NOT NULL AUTO_INCREMENT,
  `user_id` bigint NOT NULL,
  `traveler_name` varchar(64) NOT NULL,
  `id_card` varchar(32) NOT NULL,
  `phone` varchar(32) DEFAULT NULL,
  `create_time` datetime NOT NULL DEFAULT CURRENT_TIMESTAMP,
  `update_time` datetime NOT NULL DEFAULT CURRENT_TIMESTAMP ON UPDATE CURRENT_TIMESTAMP,
  PRIMARY KEY (`id`)
) ENGINE=InnoDB AUTO_INCREMENT=11 DEFAULT CHARSET=utf8mb4 COLLATE=utf8mb4_0900_ai_ci;
/*!40101 SET character_set_client = @saved_cs_client */;

LOCK TABLES `user_traveler` WRITE;
/*!40000 ALTER TABLE `user_traveler` DISABLE KEYS */;
INSERT INTO `user_traveler` VALUES (1,2,'张云松','412345678912345678','18539523955','2026-03-14 22:36:32','2026-03-14 22:36:32'),(2,2,'史迎春','411121200401237019','18539523855','2026-03-14 22:36:57','2026-03-14 22:36:57'),(3,2,'付润泽','412345678907894512','18547253998','2026-03-14 23:01:43','2026-03-14 23:01:43'),(4,7,'张云松','412356789456988233','16853359957','2026-03-15 17:58:38','2026-03-15 17:58:38'),(5,7,'史迎春','411121200401237019','18539523855','2026-03-15 17:58:52','2026-03-15 17:58:52'),(6,7,'付润泽','425873995112555225','19335565499','2026-03-15 17:59:16','2026-03-15 17:59:16'),(7,7,'桂霖','42158778778899999X','12357892456','2026-03-15 17:59:33','2026-03-15 17:59:33'),(8,1,'张三','412675699946849384','12358418496','2026-03-16 19:00:59','2026-03-16 19:00:59'),(9,8,'汪峰','324855559963564564','17586345995','2026-03-17 10:58:46','2026-03-17 10:58:46'),(10,6,'桂霖','421552213478524895','18369742554','2026-03-18 23:03:36','2026-03-18 23:03:36');
/*!40000 ALTER TABLE `user_traveler` ENABLE KEYS */;
UNLOCK TABLES;
/*!40103 SET TIME_ZONE=@OLD_TIME_ZONE */;

/*!40101 SET SQL_MODE=@OLD_SQL_MODE */;
/*!40014 SET FOREIGN_KEY_CHECKS=@OLD_FOREIGN_KEY_CHECKS */;
/*!40014 SET UNIQUE_CHECKS=@OLD_UNIQUE_CHECKS */;
/*!40101 SET CHARACTER_SET_CLIENT=@OLD_CHARACTER_SET_CLIENT */;
/*!40101 SET CHARACTER_SET_RESULTS=@OLD_CHARACTER_SET_RESULTS */;
/*!40101 SET COLLATION_CONNECTION=@OLD_COLLATION_CONNECTION */;
/*!40111 SET SQL_NOTES=@OLD_SQL_NOTES */;


